Datetime,Target_Close,Nifty_IT_Close,TCS_Close,Infosys_Close,Nasdaq_Fut_Close,USD_INR_Close,India_VIX_Close
2026-02-11 09:15:00+05:30,39.59000015258789,35823.8984375,2992.39990234375,1502.9000244140625,,,11.532500267028809
2026-02-11 09:16:00+05:30,39.560001373291016,35794.69921875,2988.300048828125,1501.199951171875,,,11.547499656677246
2026-02-11 09:17:00+05:30,39.61000061035156,35838.3515625,2992.0,1503.9000244140625,,,11.545000076293945
2026-02-11 09:18:00+05:30,39.619998931884766,35842.94921875,2994.699951171875,1505.4000244140625,,,11.545000076293945
2026-02-11 09:19:00+05:30,39.599998474121094,35830.3984375,2993.800048828125,1505.0999755859375,,,11.567500114440918
2026-02-11 09:20:00+05:30,39.560001373291016,35781.25,2988.300048828125,1502.9000244140625,,,11.552499771118164
2026-02-11 09:21:00+05:30,39.560001373291016,35783.6484375,2988.699951171875,1502.5999755859375,,,11.5625
2026-02-11 09:22:00+05:30,39.56999969482422,35796.30078125,2986.5,1503.199951171875,,,11.572500228881836
2026-02-11 09:23:00+05:30,39.52000045776367,35756.30078125,2983.0,1501.800048828125,,,11.577500343322754
2026-02-11 09:24:00+05:30,39.5099983215332,35739.69921875,2982.89990234375,1500.800048828125,,,11.577500343322754
2026-02-11 09:25:00+05:30,39.4900016784668,35736.80078125,2981.5,1502.199951171875,,,11.577500343322754
2026-02-11 09:26:00+05:30,39.5,35738.69921875,2983.0,1500.0,,,11.470000267028809
2026-02-11 09:27:00+05:30,39.47999954223633,35714.3984375,2981.0,1498.800048828125,,,11.385000228881836
2026-02-11 09:28:00+05:30,39.459999084472656,35697.8515625,2980.60009765625,1498.0999755859375,,,11.399999618530273
2026-02-11 09:29:00+05:30,39.439998626708984,35670.8515625,2976.699951171875,1497.5,,,11.412500381469727
2026-02-11 09:30:00+05:30,39.40999984741211,35661.30078125,2976.10009765625,1497.5,,,11.425000190734863
2026-02-11 09:31:00+05:30,39.400001525878906,35636.94921875,2973.0,1496.5999755859375,,,11.385000228881836
2026-02-11 09:32:00+05:30,39.41999816894531,35647.3515625,2973.10009765625,1495.699951171875,,,11.385000228881836
2026-02-11 09:33:00+05:30,39.38999938964844,35632.55078125,2971.300048828125,1496.199951171875,,,11.4375
2026-02-11 09:34:00+05:30,39.400001525878906,35632.8984375,2971.800048828125,1496.5,,,11.4399995803833
2026-02-11 09:35:00+05:30,39.380001068115234,35627.25,2971.0,1496.0999755859375,,,11.517499923706055
2026-02-11 09:36:00+05:30,39.369998931884766,35612.6484375,2970.89990234375,1495.5999755859375,,,11.520000457763672
2026-02-11 09:37:00+05:30,39.369998931884766,35608.1015625,2968.0,1495.9000244140625,,,11.542499542236328
2026-02-11 09:38:00+05:30,39.36000061035156,35608.1015625,2968.10009765625,1495.699951171875,,,11.619999885559082
2026-02-11 09:39:00+05:30,39.31999969482422,35567.94921875,2966.800048828125,1493.800048828125,,,11.592499732971191
2026-02-11 09:40:00+05:30,39.310001373291016,35552.25,2966.300048828125,1492.5,,,11.609999656677246
2026-02-11 09:41:00+05:30,39.31999969482422,35567.55078125,2967.199951171875,1493.0,,,11.5600004196167
2026-02-11 09:42:00+05:30,39.31999969482422,35548.55078125,2966.10009765625,1492.9000244140625,,,11.59000015258789
2026-02-11 09:43:00+05:30,39.27000045776367,35522.25,2965.0,1490.699951171875,,,11.59749984741211
2026-02-11 09:44:00+05:30,39.279998779296875,35525.3984375,2965.39990234375,1491.9000244140625,,,11.617500305175781
2026-02-11 09:45:00+05:30,39.279998779296875,35527.6484375,2963.89990234375,1492.0,,,11.602499961853027
2026-02-11 09:46:00+05:30,39.2599983215332,35512.30078125,2965.0,1492.0,,,11.6274995803833
2026-02-11 09:47:00+05:30,39.25,35514.1484375,2964.199951171875,1491.5999755859375,,,11.617500305175781
2026-02-11 09:48:00+05:30,39.2599983215332,35509.30078125,2963.5,1491.5999755859375,,,11.59749984741211
2026-02-11 09:49:00+05:30,39.22999954223633,35482.30078125,2961.800048828125,1491.0,,,11.630000114440918
2026-02-11 09:50:00+05:30,39.220001220703125,35478.6484375,2961.39990234375,1490.699951171875,,,11.619999885559082
2026-02-11 09:51:00+05:30,39.20000076293945,35452.3515625,2958.699951171875,1490.4000244140625,,,11.617500305175781
2026-02-11 09:52:00+05:30,39.16999816894531,35436.05078125,2957.5,1489.699951171875,,,11.614999771118164
2026-02-11 09:53:00+05:30,39.18000030517578,35462.3515625,2960.699951171875,1491.300048828125,,,11.579999923706055
2026-02-11 09:54:00+05:30,39.20000076293945,35458.6484375,2960.5,1491.0999755859375,,,11.567500114440918
2026-02-11 09:55:00+05:30,39.209999084472656,35466.55078125,2961.300048828125,1491.5999755859375,,,11.552499771118164
2026-02-11 09:56:00+05:30,39.22999954223633,35492.05078125,2962.5,1492.699951171875,,,11.539999961853027
2026-02-11 09:57:00+05:30,39.2400016784668,35493.6015625,2962.5,1493.300048828125,,,11.5625
2026-02-11 09:58:00+05:30,39.20000076293945,35477.94921875,2961.300048828125,1492.0999755859375,,,11.550000190734863
2026-02-11 09:59:00+05:30,39.2400016784668,35490.05078125,2961.5,1492.699951171875,,,11.539999961853027
2026-02-11 10:00:00+05:30,39.20000076293945,35461.80078125,2960.0,1491.699951171875,,,11.574999809265137
2026-02-11 10:01:00+05:30,39.20000076293945,35452.05078125,2958.89990234375,1490.800048828125,,,11.520000457763672
2026-02-11 10:02:00+05:30,39.189998626708984,35455.55078125,2958.699951171875,1491.199951171875,,,11.510000228881836
2026-02-11 10:03:00+05:30,39.20000076293945,35454.3515625,2957.60009765625,1491.0,,,11.537500381469727
2026-02-11 10:04:00+05:30,39.18000030517578,35443.05078125,2957.10009765625,1490.5999755859375,,,11.5625
2026-02-11 10:05:00+05:30,39.16999816894531,35431.8984375,2956.0,1489.800048828125,,,11.557499885559082
2026-02-11 10:06:00+05:30,39.130001068115234,35395.25,2955.0,1485.800048828125,,,11.557499885559082
2026-02-11 10:07:00+05:30,39.11000061035156,35374.94921875,2954.89990234375,1485.9000244140625,,,11.550000190734863
2026-02-11 10:08:00+05:30,39.09000015258789,35381.44921875,2955.10009765625,1487.0,,,11.512499809265137
2026-02-11 10:09:00+05:30,39.09000015258789,35396.3515625,2956.300048828125,1487.5999755859375,,,11.512499809265137
2026-02-11 10:10:00+05:30,39.16999816894531,35430.94921875,2959.300048828125,1488.4000244140625,,,11.492500305175781
2026-02-11 10:11:00+05:30,39.150001525878906,35435.69921875,2961.89990234375,1488.9000244140625,,,11.510000228881836
2026-02-11 10:12:00+05:30,39.18000030517578,35449.80078125,2963.300048828125,1488.800048828125,,,11.53499984741211
2026-02-11 10:13:00+05:30,39.15999984741211,35424.8984375,2959.5,1488.300048828125,,,11.547499656677246
2026-02-11 10:14:00+05:30,39.150001525878906,35412.8515625,2958.300048828125,1488.0,,,11.539999961853027
2026-02-11 10:15:00+05:30,39.15999984741211,35424.80078125,2960.0,1488.699951171875,,,11.507499694824219
2026-02-11 10:16:00+05:30,39.16999816894531,35442.75,2962.199951171875,1488.699951171875,,,11.487500190734863
2026-02-11 10:17:00+05:30,39.20000076293945,35474.05078125,2962.39990234375,1489.699951171875,,,11.460000038146973
2026-02-11 10:18:00+05:30,39.20000076293945,35480.8515625,2964.800048828125,1489.9000244140625,,,11.4399995803833
2026-02-11 10:19:00+05:30,39.220001220703125,35476.1484375,2963.300048828125,1490.0,,,11.489999771118164
2026-02-11 10:20:00+05:30,39.220001220703125,35495.30078125,2967.39990234375,1490.5,,,11.479999542236328
2026-02-11 10:21:00+05:30,39.22999954223633,35493.8515625,2968.89990234375,1490.300048828125,,,11.5
2026-02-11 10:22:00+05:30,39.22999954223633,35508.5,2969.10009765625,1491.699951171875,,,11.484999656677246
2026-02-11 10:23:00+05:30,39.22999954223633,35511.30078125,2970.0,1491.300048828125,,,11.489999771118164
2026-02-11 10:24:00+05:30,39.25,35509.8515625,2969.800048828125,1491.0999755859375,,,11.487500190734863
2026-02-11 10:25:00+05:30,39.25,35513.8984375,2969.5,1491.300048828125,,,11.47249984741211
2026-02-11 10:26:00+05:30,39.25,35496.3515625,2969.800048828125,1490.699951171875,,,11.475000381469727
2026-02-11 10:27:00+05:30,39.2400016784668,35480.1484375,2968.300048828125,1488.800048828125,,,11.494999885559082
2026-02-11 10:28:00+05:30,39.20000076293945,35475.25,2967.199951171875,1488.800048828125,,,11.477499961853027
2026-02-11 10:29:00+05:30,39.209999084472656,35462.75,2965.699951171875,1488.0999755859375,,,11.475000381469727
2026-02-11 10:30:00+05:30,39.189998626708984,35462.25,2964.699951171875,1487.9000244140625,,,11.4350004196167
2026-02-11 10:31:00+05:30,39.209999084472656,35480.0,2966.300048828125,1488.9000244140625,,,11.40250015258789
2026-02-11 10:32:00+05:30,39.209999084472656,35476.05078125,2966.199951171875,1488.300048828125,,,11.412500381469727
2026-02-11 10:33:00+05:30,39.209999084472656,35469.25,2964.699951171875,1488.4000244140625,,,11.430000305175781
2026-02-11 10:34:00+05:30,39.209999084472656,35466.1484375,2965.89990234375,1488.0999755859375,,,11.427499771118164
2026-02-11 10:35:00+05:30,39.20000076293945,35460.1484375,2966.699951171875,1487.300048828125,,,11.399999618530273
2026-02-11 10:36:00+05:30,39.220001220703125,35483.75,2971.199951171875,1488.9000244140625,,,11.404999732971191
2026-02-11 10:37:00+05:30,39.220001220703125,35472.6015625,2968.300048828125,1488.800048828125,,,11.40250015258789
2026-02-11 10:38:00+05:30,39.2400016784668,35491.80078125,2970.5,1489.800048828125,,,11.407500267028809
2026-02-11 10:39:00+05:30,39.2400016784668,35499.25,2970.199951171875,1489.9000244140625,25316.0,,11.40999984741211
2026-02-11 10:40:00+05:30,39.2400016784668,35494.3984375,2970.0,1489.0999755859375,25312.5,,11.427499771118164
2026-02-11 10:41:00+05:30,39.220001220703125,35494.3984375,2971.699951171875,1488.800048828125,25318.25,,11.414999961853027
2026-02-11 10:42:00+05:30,39.2400016784668,35492.6015625,2970.0,1488.9000244140625,25317.5,,11.414999961853027
2026-02-11 10:43:00+05:30,39.2400016784668,35496.19921875,2971.60009765625,1488.9000244140625,25318.5,,11.420000076293945
2026-02-11 10:44:00+05:30,39.25,35499.30078125,2971.39990234375,1488.9000244140625,25314.25,,11.40250015258789
2026-02-11 10:45:00+05:30,39.220001220703125,35485.25,2970.0,1488.300048828125,25318.25,,11.407500267028809
2026-02-11 10:46:00+05:30,39.209999084472656,35490.25,2970.800048828125,1488.5999755859375,25322.25,,11.412500381469727
2026-02-11 10:47:00+05:30,39.22999954223633,35501.19921875,2971.5,1489.0,25323.0,,11.427499771118164
2026-02-11 10:48:00+05:30,39.2400016784668,35514.1015625,2972.60009765625,1489.5999755859375,25317.5,,11.442500114440918
2026-02-11 10:49:00+05:30,39.2599983215332,35522.6015625,2972.5,1489.800048828125,25316.0,,11.412500381469727
2026-02-11 10:50:00+05:30,39.2599983215332,35522.3515625,2971.60009765625,1490.300048828125,25313.5,,11.427499771118164
2026-02-11 10:51:00+05:30,39.27000045776367,35524.1015625,2971.300048828125,1489.800048828125,25317.75,,11.4399995803833
2026-02-11 10:52:00+05:30,39.27000045776367,35530.44921875,2972.5,1490.199951171875,25315.75,,11.452500343322754
2026-02-11 10:53:00+05:30,39.25,35503.30078125,2970.0,1489.5999755859375,25313.75,,11.447500228881836
2026-02-11 10:54:00+05:30,39.2400016784668,35496.44921875,2969.199951171875,1489.4000244140625,25314.75,,11.460000038146973
2026-02-11 10:55:00+05:30,39.22999954223633,35489.1484375,2968.10009765625,1488.300048828125,25311.75,,11.449999809265137
2026-02-11 10:56:00+05:30,39.220001220703125,35478.80078125,2968.39990234375,1488.0,25309.25,,11.457500457763672
2026-02-11 10:57:00+05:30,39.220001220703125,35477.3984375,2968.0,1487.800048828125,25312.25,,11.452500343322754
2026-02-11 10:58:00+05:30,39.2400016784668,35491.6015625,2970.0,1489.0999755859375,25305.75,,11.420000076293945
2026-02-11 10:59:00+05:30,39.209999084472656,35471.25,2969.10009765625,1487.5999755859375,25304.75,,11.4375
2026-02-11 11:00:00+05:30,39.189998626708984,35464.8984375,2968.0,1487.800048828125,25300.75,,11.447500228881836
2026-02-11 11:01:00+05:30,39.220001220703125,35480.0,2969.10009765625,1488.4000244140625,25295.75,,11.454999923706055
2026-02-11 11:02:00+05:30,39.209999084472656,35474.3984375,2968.5,1488.5,25293.5,,11.417499542236328
2026-02-11 11:03:00+05:30,39.22999954223633,35485.75,2969.39990234375,1488.699951171875,25294.5,,11.422499656677246
2026-02-11 11:04:00+05:30,39.2400016784668,35492.94921875,2970.0,1489.0,25297.0,,11.430000305175781
2026-02-11 11:05:00+05:30,39.2400016784668,35493.19921875,2968.0,1489.4000244140625,25296.75,,11.430000305175781
2026-02-11 11:06:00+05:30,39.22999954223633,35485.8984375,2968.0,1488.9000244140625,25299.5,,11.427499771118164
2026-02-11 11:07:00+05:30,39.220001220703125,35470.6015625,2966.0,1488.199951171875,25300.25,,11.417499542236328
2026-02-11 11:08:00+05:30,39.20000076293945,35453.80078125,2964.60009765625,1487.9000244140625,25300.25,,11.4375
2026-02-11 11:09:00+05:30,39.16999816894531,35430.0,2962.5,1486.199951171875,25301.25,,11.425000190734863
2026-02-11 11:10:00+05:30,39.16999816894531,35435.55078125,2962.60009765625,1486.199951171875,25295.5,,11.420000076293945
2026-02-11 11:11:00+05:30,39.15999984741211,35421.25,2959.10009765625,1486.0,25293.5,,11.422499656677246
2026-02-11 11:12:00+05:30,39.150001525878906,35431.69921875,2961.10009765625,1486.800048828125,25289.75,,11.427499771118164
2026-02-11 11:13:00+05:30,39.189998626708984,35456.05078125,2961.199951171875,1487.5999755859375,25285.25,,11.414999961853027
2026-02-11 11:14:00+05:30,39.20000076293945,35452.05078125,2960.10009765625,1487.5,25286.5,,11.397500038146973
2026-02-11 11:15:00+05:30,39.189998626708984,35451.0,2960.10009765625,1486.9000244140625,25283.75,,11.397500038146973
2026-02-11 11:16:00+05:30,39.20000076293945,35458.1484375,2960.199951171875,1487.300048828125,25286.0,,11.390000343322754
2026-02-11 11:17:00+05:30,39.20000076293945,35466.05078125,2960.800048828125,1487.5,25281.75,,11.354999542236328
2026-02-11 11:18:00+05:30,39.20000076293945,35470.80078125,2959.800048828125,1488.0999755859375,25283.0,,11.359999656677246
2026-02-11 11:19:00+05:30,39.189998626708984,35443.55078125,2957.699951171875,1487.0999755859375,25285.0,,11.359999656677246
2026-02-11 11:20:00+05:30,39.16999816894531,35442.69921875,2959.300048828125,1487.0,25287.75,,11.362500190734863
2026-02-11 11:21:00+05:30,39.189998626708984,35449.19921875,2958.60009765625,1488.5,25286.5,,11.367500305175781
2026-02-11 11:22:00+05:30,39.189998626708984,35451.80078125,2958.5,1488.199951171875,25287.0,,11.367500305175781
2026-02-11 11:23:00+05:30,39.20000076293945,35460.8515625,2958.300048828125,1489.0999755859375,25291.0,,11.350000381469727
2026-02-11 11:24:00+05:30,39.20000076293945,35468.3515625,2958.699951171875,1489.0999755859375,25290.25,,11.399999618530273
2026-02-11 11:25:00+05:30,39.20000076293945,35458.75,2958.5,1488.0999755859375,25288.75,,11.3774995803833
2026-02-11 11:26:00+05:30,39.20000076293945,35462.69921875,2958.5,1488.800048828125,25289.25,,11.387499809265137
2026-02-11 11:27:00+05:30,39.20000076293945,35464.94921875,2958.89990234375,1488.9000244140625,25288.0,,11.392499923706055
2026-02-11 11:28:00+05:30,39.220001220703125,35467.3984375,2959.5,1489.0999755859375,25286.25,,11.382499694824219
2026-02-11 11:29:00+05:30,39.20000076293945,35452.1015625,2957.800048828125,1488.5,25287.5,,11.3725004196167
2026-02-11 11:30:00+05:30,39.189998626708984,35455.44921875,2957.5,1488.5,25295.25,,11.362500190734863
2026-02-11 11:31:00+05:30,39.20000076293945,35448.94921875,2957.39990234375,1488.699951171875,25304.25,,11.382499694824219
2026-02-11 11:32:00+05:30,39.20000076293945,35454.5,2957.39990234375,1489.199951171875,25304.0,,11.364999771118164
2026-02-11 11:33:00+05:30,39.220001220703125,35474.25,2957.800048828125,1490.800048828125,25309.75,,11.364999771118164
2026-02-11 11:34:00+05:30,39.22999954223633,35478.75,2960.0,1490.800048828125,25308.25,,11.357500076293945
2026-02-11 11:35:00+05:30,39.22999954223633,35483.1015625,2960.699951171875,1490.800048828125,25314.0,,11.364999771118164
2026-02-11 11:36:00+05:30,39.22999954223633,35477.25,2959.0,1490.800048828125,25315.5,,11.354999542236328
2026-02-11 11:37:00+05:30,39.220001220703125,35467.30078125,2956.699951171875,1490.699951171875,25309.25,,11.359999656677246
2026-02-11 11:38:00+05:30,39.20000076293945,35457.30078125,2956.0,1490.199951171875,25312.0,,11.382499694824219
2026-02-11 11:39:00+05:30,39.20000076293945,35457.94921875,2955.800048828125,1490.300048828125,25310.25,,11.382499694824219
2026-02-11 11:40:00+05:30,39.189998626708984,35450.8984375,2956.60009765625,1489.300048828125,25299.25,,11.3725004196167
2026-02-11 11:41:00+05:30,39.189998626708984,35444.75,2955.699951171875,1489.199951171875,25296.75,,11.364999771118164
2026-02-11 11:42:00+05:30,39.20000076293945,35453.3984375,2956.60009765625,1489.699951171875,25293.5,,11.3774995803833
2026-02-11 11:43:00+05:30,39.209999084472656,35461.0,2957.800048828125,1489.9000244140625,25291.0,,11.352499961853027
2026-02-11 11:44:00+05:30,39.20000076293945,35449.05078125,2954.800048828125,1489.699951171875,25291.0,,11.375
2026-02-11 11:45:00+05:30,39.16999816894531,35426.3984375,2953.800048828125,1488.0999755859375,25283.75,,11.369999885559082
2026-02-11 11:46:00+05:30,39.18000030517578,35437.1484375,2954.199951171875,1488.199951171875,25278.75,,11.364999771118164
2026-02-11 11:47:00+05:30,39.15999984741211,35413.3984375,2951.199951171875,1487.199951171875,25282.75,,11.352499961853027
2026-02-11 11:48:00+05:30,39.150001525878906,35407.6484375,2950.699951171875,1487.199951171875,25281.0,,11.369999885559082
2026-02-11 11:49:00+05:30,39.150001525878906,35408.3984375,2950.699951171875,1486.5,25280.75,,11.369999885559082
2026-02-11 11:50:00+05:30,39.150001525878906,35404.94921875,2951.0,1486.9000244140625,25284.25,,11.364999771118164
2026-02-11 11:51:00+05:30,39.130001068115234,35393.19921875,2950.89990234375,1486.0,25280.0,,11.359999656677246
2026-02-11 11:52:00+05:30,39.13999938964844,35395.6484375,2950.39990234375,1486.199951171875,25283.0,,11.382499694824219
2026-02-11 11:53:00+05:30,39.13999938964844,35400.19921875,2951.199951171875,1486.300048828125,25283.75,,11.357500076293945
2026-02-11 11:54:00+05:30,39.16999816894531,35421.3984375,2952.300048828125,1487.0999755859375,25289.25,,11.364999771118164
2026-02-11 11:55:00+05:30,39.16999816894531,35432.0,2952.39990234375,1487.0999755859375,25287.75,,11.385000228881836
2026-02-11 11:56:00+05:30,39.150001525878906,35415.1484375,2951.5,1486.5999755859375,25282.0,,11.387499809265137
2026-02-11 11:57:00+05:30,39.150001525878906,35415.05078125,2952.0,1486.800048828125,25279.5,,11.3774995803833
2026-02-11 11:58:00+05:30,39.150001525878906,35408.44921875,2951.39990234375,1486.4000244140625,25274.5,,11.367500305175781
2026-02-11 11:59:00+05:30,39.11000061035156,35372.8515625,2948.0,1484.5,25274.75,,11.385000228881836
2026-02-11 12:00:00+05:30,39.09000015258789,35352.3515625,2945.10009765625,1484.199951171875,25280.5,,11.375
2026-02-11 12:01:00+05:30,39.11000061035156,35372.3515625,2948.39990234375,1484.699951171875,25277.5,,11.357500076293945
2026-02-11 12:02:00+05:30,39.119998931884766,35381.8515625,2949.800048828125,1485.199951171875,25275.75,,11.329999923706055
2026-02-11 12:03:00+05:30,39.11000061035156,35372.30078125,2949.0,1485.0999755859375,25274.0,,11.362500190734863
2026-02-11 12:04:00+05:30,39.11000061035156,35371.75,2949.0,1485.5,25273.25,,11.369999885559082
2026-02-11 12:05:00+05:30,39.119998931884766,35380.25,2950.0,1485.5999755859375,25275.0,,11.364999771118164
2026-02-11 12:06:00+05:30,39.130001068115234,35384.6484375,2950.89990234375,1485.5,25278.0,,11.369999885559082
2026-02-11 12:07:00+05:30,39.11000061035156,35377.94921875,2950.800048828125,1485.199951171875,25279.25,,11.362500190734863
2026-02-11 12:08:00+05:30,39.099998474121094,35366.3515625,2949.10009765625,1484.699951171875,25281.0,,11.382499694824219
2026-02-11 12:09:00+05:30,39.099998474121094,35361.25,2949.0,1484.0999755859375,25283.5,,11.375
2026-02-11 12:10:00+05:30,39.09000015258789,35360.0,2949.300048828125,1483.5999755859375,25282.75,,11.364999771118164
2026-02-11 12:11:00+05:30,39.08000183105469,35345.1484375,2948.300048828125,1483.4000244140625,25285.5,,11.359999656677246
2026-02-11 12:12:00+05:30,39.060001373291016,35343.19921875,2947.699951171875,1483.699951171875,25283.5,,11.354999542236328
2026-02-11 12:13:00+05:30,39.08000183105469,35347.94921875,2947.699951171875,1484.199951171875,25283.25,,11.359999656677246
2026-02-11 12:14:00+05:30,39.08000183105469,35348.5,2946.800048828125,1484.199951171875,25277.75,,11.359999656677246
2026-02-11 12:15:00+05:30,39.060001373291016,35335.80078125,2943.10009765625,1484.0999755859375,25272.25,,11.364999771118164
2026-02-11 12:16:00+05:30,39.060001373291016,35330.5,2941.699951171875,1483.5999755859375,25273.25,,11.354999542236328
2026-02-11 12:17:00+05:30,39.04999923706055,35323.3515625,2941.0,1483.4000244140625,25274.25,,11.3725004196167
2026-02-11 12:18:00+05:30,39.060001373291016,35331.25,2941.699951171875,1483.5999755859375,25270.75,,11.375
2026-02-11 12:19:00+05:30,39.04999923706055,35317.69921875,2940.60009765625,1483.0999755859375,25274.75,,11.380000114440918
2026-02-11 12:20:00+05:30,39.029998779296875,35294.75,2937.300048828125,1482.9000244140625,25272.0,,11.395000457763672
2026-02-11 12:21:00+05:30,39.0099983215332,35285.75,2936.39990234375,1483.0,25272.75,,11.392499923706055
2026-02-11 12:22:00+05:30,39.029998779296875,35300.19921875,2938.39990234375,1482.800048828125,25273.75,,11.385000228881836
2026-02-11 12:23:00+05:30,39.02000045776367,35293.8984375,2938.5,1483.0,25273.5,,11.3774995803833
2026-02-11 12:24:00+05:30,39.02000045776367,35285.5,2937.0,1482.699951171875,25276.25,,11.3725004196167
2026-02-11 12:25:00+05:30,39.0099983215332,35274.94921875,2936.60009765625,1482.5999755859375,25274.0,,11.364999771118164
2026-02-11 12:26:00+05:30,39.02000045776367,35295.75,2938.699951171875,1482.699951171875,25274.25,,11.380000114440918
2026-02-11 12:27:00+05:30,39.0,35287.6015625,2937.89990234375,1482.4000244140625,25272.75,,11.375
2026-02-11 12:28:00+05:30,39.0099983215332,35285.80078125,2936.699951171875,1482.300048828125,25269.75,,11.369999885559082
2026-02-11 12:29:00+05:30,39.029998779296875,35299.1484375,2938.39990234375,1482.9000244140625,25270.75,,11.375
2026-02-11 12:30:00+05:30,39.040000915527344,35308.94921875,2938.39990234375,1483.5999755859375,25272.75,,11.375
2026-02-11 12:31:00+05:30,39.060001373291016,35323.30078125,2939.89990234375,1484.199951171875,25274.75,,11.369999885559082
2026-02-11 12:32:00+05:30,39.040000915527344,35308.3515625,2938.89990234375,1483.5,25272.5,,11.362500190734863
2026-02-11 12:33:00+05:30,39.02000045776367,35296.3515625,2937.5,1483.199951171875,25273.25,,11.367500305175781
2026-02-11 12:34:00+05:30,39.0099983215332,35278.19921875,2936.199951171875,1482.699951171875,25281.75,,11.367500305175781
2026-02-11 12:35:00+05:30,39.0099983215332,35275.3515625,2934.5,1482.9000244140625,25283.0,,11.40999984741211
2026-02-11 12:36:00+05:30,38.9900016784668,35262.5,2933.10009765625,1482.300048828125,25282.75,,11.420000076293945
2026-02-11 12:37:00+05:30,38.939998626708984,35221.8984375,2929.800048828125,1480.5999755859375,25281.25,,11.452500343322754
2026-02-11 12:38:00+05:30,38.939998626708984,35223.44921875,2929.699951171875,1480.9000244140625,25280.0,,11.4350004196167
2026-02-11 12:39:00+05:30,38.95000076293945,35224.6484375,2931.199951171875,1480.699951171875,25274.5,,11.420000076293945
2026-02-11 12:40:00+05:30,38.939998626708984,35221.6015625,2929.60009765625,1480.699951171875,25266.25,,11.420000076293945
2026-02-11 12:41:00+05:30,38.95000076293945,35225.8515625,2930.699951171875,1480.300048828125,25264.0,,11.392499923706055
2026-02-11 12:42:00+05:30,38.91999816894531,35199.75,2927.89990234375,1480.0999755859375,25266.0,,11.447500228881836
2026-02-11 12:43:00+05:30,38.93000030517578,35206.69921875,2927.10009765625,1480.699951171875,25266.0,,11.467499732971191
2026-02-11 12:44:00+05:30,38.95000076293945,35228.75,2927.699951171875,1481.4000244140625,25256.25,,11.46500015258789
2026-02-11 12:45:00+05:30,38.93000030517578,35216.8984375,2926.5,1481.0999755859375,25259.25,,11.489999771118164
2026-02-11 12:46:00+05:30,38.93000030517578,35214.80078125,2927.39990234375,1481.0999755859375,25257.5,,11.494999885559082
2026-02-11 12:47:00+05:30,38.970001220703125,35242.80078125,2929.60009765625,1482.199951171875,25263.0,,11.494999885559082
2026-02-11 12:48:00+05:30,38.97999954223633,35251.8515625,2929.699951171875,1483.0999755859375,25265.75,,11.510000228881836
2026-02-11 12:49:00+05:30,38.97999954223633,35254.1484375,2929.300048828125,1483.300048828125,25267.5,,11.5
2026-02-11 12:50:00+05:30,38.9900016784668,35264.0,2930.10009765625,1483.9000244140625,25270.75,,11.487500190734863
2026-02-11 12:51:00+05:30,38.97999954223633,35253.25,2931.300048828125,1482.800048828125,25277.75,,11.487500190734863
2026-02-11 12:52:00+05:30,38.959999084472656,35239.94921875,2929.0,1482.300048828125,25282.5,,11.510000228881836
2026-02-11 12:53:00+05:30,38.959999084472656,35237.19921875,2929.10009765625,1482.0999755859375,25281.0,,11.482500076293945
2026-02-11 12:54:00+05:30,38.959999084472656,35248.0,2929.10009765625,1482.5999755859375,25285.5,,11.46500015258789
2026-02-11 12:55:00+05:30,38.95000076293945,35247.1015625,2931.0,1482.9000244140625,25282.75,,11.46500015258789
2026-02-11 12:56:00+05:30,38.959999084472656,35239.80078125,2928.699951171875,1482.5999755859375,25287.5,,11.46500015258789
2026-02-11 12:57:00+05:30,38.95000076293945,35253.5,2929.199951171875,1483.0,25288.0,,11.417499542236328
2026-02-11 12:58:00+05:30,38.959999084472656,35261.5,2929.39990234375,1483.5,25284.0,,11.425000190734863
2026-02-11 12:59:00+05:30,38.9900016784668,35269.1484375,2930.89990234375,1482.0,25283.75,,11.432499885559082
2026-02-11 13:00:00+05:30,38.959999084472656,35247.3515625,2929.699951171875,1480.9000244140625,25281.5,,11.457500457763672
2026-02-11 13:01:00+05:30,38.939998626708984,35231.1015625,2927.0,1480.0,25278.75,,11.470000267028809
2026-02-11 13:02:00+05:30,38.93000030517578,35219.6015625,2926.199951171875,1479.4000244140625,25268.5,,11.479999542236328
2026-02-11 13:03:00+05:30,38.95000076293945,35230.6015625,2925.60009765625,1480.800048828125,25267.75,,11.457500457763672
2026-02-11 13:04:00+05:30,38.939998626708984,35222.05078125,2926.89990234375,1481.0,25271.0,,11.460000038146973
2026-02-11 13:05:00+05:30,38.95000076293945,35233.8515625,2927.699951171875,1480.9000244140625,25269.75,,11.447500228881836
2026-02-11 13:06:00+05:30,38.959999084472656,35238.3515625,2928.89990234375,1481.699951171875,25268.75,,11.422499656677246
2026-02-11 13:07:00+05:30,38.959999084472656,35245.3984375,2928.300048828125,1482.0,25265.75,,11.417499542236328
2026-02-11 13:08:00+05:30,38.95000076293945,35239.80078125,2928.0,1481.5,25268.25,,11.4375
2026-02-11 13:09:00+05:30,38.959999084472656,35238.8515625,2927.0,1481.699951171875,25264.5,,11.407500267028809
2026-02-11 13:10:00+05:30,38.95000076293945,35241.0,2928.199951171875,1481.5999755859375,25264.25,,11.412500381469727
2026-02-11 13:11:00+05:30,38.95000076293945,35225.6015625,2927.199951171875,1480.9000244140625,25263.25,,11.420000076293945
2026-02-11 13:12:00+05:30,38.939998626708984,35231.3984375,2928.300048828125,1481.0999755859375,25266.25,,11.407500267028809
2026-02-11 13:13:00+05:30,38.93000030517578,35213.1015625,2926.39990234375,1480.5,25267.0,,11.430000305175781
2026-02-11 13:14:00+05:30,38.91999816894531,35204.19921875,2925.800048828125,1480.199951171875,25271.5,,11.457500457763672
2026-02-11 13:15:00+05:30,38.91999816894531,35205.8515625,2926.10009765625,1480.5,25278.75,,11.432499885559082
2026-02-11 13:16:00+05:30,38.90999984741211,35194.0,2926.300048828125,1479.800048828125,25283.0,,11.454999923706055
2026-02-11 13:17:00+05:30,38.90999984741211,35195.30078125,2925.60009765625,1480.0,25282.5,,11.4375
2026-02-11 13:18:00+05:30,38.91999816894531,35201.05078125,2925.89990234375,1480.300048828125,25278.5,,11.420000076293945
2026-02-11 13:19:00+05:30,38.91999816894531,35203.1484375,2926.199951171875,1480.0,25275.5,,11.40999984741211
2026-02-11 13:20:00+05:30,38.939998626708984,35227.94921875,2928.300048828125,1481.0,25273.75,,11.422499656677246
2026-02-11 13:21:00+05:30,38.939998626708984,35219.55078125,2927.39990234375,1480.199951171875,25274.75,,11.407500267028809
2026-02-11 13:22:00+05:30,38.90999984741211,35208.19921875,2927.0,1479.9000244140625,25272.25,,11.407500267028809
2026-02-11 13:23:00+05:30,38.91999816894531,35204.05078125,2925.39990234375,1479.9000244140625,25275.0,,11.407500267028809
2026-02-11 13:24:00+05:30,38.93000030517578,35210.6484375,2926.60009765625,1480.0,25272.5,,11.414999961853027
2026-02-11 13:25:00+05:30,38.939998626708984,35221.8984375,2927.39990234375,1480.699951171875,25268.25,,11.407500267028809
2026-02-11 13:26:00+05:30,38.939998626708984,35226.3515625,2927.10009765625,1481.0,25268.0,,11.40999984741211
2026-02-11 13:27:00+05:30,38.95000076293945,35229.6015625,2927.39990234375,1481.199951171875,25266.75,,11.414999961853027
2026-02-11 13:28:00+05:30,38.959999084472656,35238.6484375,2928.5,1481.0,25271.25,,11.4350004196167
2026-02-11 13:29:00+05:30,38.959999084472656,35251.8984375,2929.699951171875,1481.0999755859375,25271.0,,11.422499656677246
2026-02-11 13:30:00+05:30,38.9900016784668,35267.44921875,2930.60009765625,1482.199951171875,25274.5,,11.4399995803833
2026-02-11 13:31:00+05:30,38.97999954223633,35260.94921875,2928.89990234375,1481.5999755859375,25263.5,,11.4399995803833
2026-02-11 13:32:00+05:30,38.970001220703125,35253.3984375,2929.300048828125,1481.4000244140625,25262.5,,11.452500343322754
2026-02-11 13:33:00+05:30,38.970001220703125,35249.44921875,2928.5,1481.4000244140625,25266.0,,11.447500228881836
2026-02-11 13:34:00+05:30,38.95000076293945,35240.6484375,2928.199951171875,1481.5999755859375,25269.5,,11.447500228881836
2026-02-11 13:35:00+05:30,38.970001220703125,35253.55078125,2929.10009765625,1481.800048828125,25262.0,,11.4399995803833
2026-02-11 13:36:00+05:30,38.959999084472656,35249.69921875,2929.0,1481.5999755859375,25254.5,,11.442500114440918
2026-02-11 13:37:00+05:30,38.970001220703125,35257.19921875,2929.699951171875,1482.0,25247.0,,11.452500343322754
2026-02-11 13:38:00+05:30,38.970001220703125,35258.6484375,2930.199951171875,1482.0,25248.0,,11.4350004196167
2026-02-11 13:39:00+05:30,38.970001220703125,35248.75,2928.199951171875,1481.9000244140625,25241.25,,11.442500114440918
2026-02-11 13:40:00+05:30,38.97999954223633,35270.19921875,2929.60009765625,1483.4000244140625,25242.25,,11.430000305175781
2026-02-11 13:41:00+05:30,39.0099983215332,35286.25,2930.89990234375,1483.699951171875,25247.0,,11.399999618530273
2026-02-11 13:42:00+05:30,39.02000045776367,35297.25,2931.699951171875,1484.0,25238.75,,11.387499809265137
2026-02-11 13:43:00+05:30,39.02000045776367,35294.0,2932.300048828125,1483.300048828125,25230.0,,11.40250015258789
2026-02-11 13:44:00+05:30,39.0,35277.3515625,2932.0,1482.4000244140625,25227.25,,11.420000076293945
2026-02-11 13:45:00+05:30,38.970001220703125,35251.5,2929.800048828125,1481.5,25229.25,,11.427499771118164
2026-02-11 13:46:00+05:30,38.9900016784668,35267.0,2931.10009765625,1482.300048828125,25223.25,,11.420000076293945
2026-02-11 13:47:00+05:30,38.970001220703125,35247.3515625,2928.5,1481.300048828125,25230.0,,11.427499771118164
2026-02-11 13:48:00+05:30,38.95000076293945,35234.30078125,2926.5,1480.5,25225.75,,11.422499656677246
2026-02-11 13:49:00+05:30,38.95000076293945,35223.30078125,2925.5,1480.300048828125,25211.75,,11.414999961853027
2026-02-11 13:50:00+05:30,38.93000030517578,35223.69921875,2925.0,1480.0,25225.0,,11.392499923706055
2026-02-11 13:51:00+05:30,38.939998626708984,35218.25,2925.0,1480.0,25218.25,,11.380000114440918
2026-02-11 13:52:00+05:30,38.95000076293945,35223.8515625,2925.0,1480.0,25214.0,,11.392499923706055
2026-02-11 13:53:00+05:30,38.939998626708984,35217.30078125,2925.39990234375,1480.0,25217.0,,11.385000228881836
2026-02-11 13:54:00+05:30,38.939998626708984,35219.0,2925.10009765625,1480.0,25223.25,,11.380000114440918
2026-02-11 13:55:00+05:30,38.939998626708984,35222.8515625,2924.699951171875,1480.300048828125,25234.0,,11.367500305175781
2026-02-11 13:56:00+05:30,38.939998626708984,35226.25,2923.10009765625,1480.5,25241.25,,11.367500305175781
2026-02-11 13:57:00+05:30,38.939998626708984,35222.1484375,2923.199951171875,1480.300048828125,25242.25,,11.367500305175781
2026-02-11 13:58:00+05:30,38.93000030517578,35211.3515625,2922.10009765625,1479.300048828125,25237.0,,11.364999771118164
2026-02-11 13:59:00+05:30,38.93000030517578,35214.1015625,2921.800048828125,1479.5,25237.0,,11.364999771118164
2026-02-11 14:00:00+05:30,38.88999938964844,35166.69921875,2920.89990234375,1475.699951171875,25246.75,,11.367500305175781
2026-02-11 14:01:00+05:30,38.88999938964844,35172.8984375,2920.60009765625,1474.199951171875,25248.0,,11.367500305175781
2026-02-11 14:02:00+05:30,38.900001525878906,35183.80078125,2920.0,1475.5,25250.5,,11.387499809265137
2026-02-11 14:03:00+05:30,38.900001525878906,35182.8984375,2920.0,1475.4000244140625,25251.25,,11.382499694824219
2026-02-11 14:04:00+05:30,38.900001525878906,35185.44921875,2920.300048828125,1475.4000244140625,25255.75,,11.3725004196167
2026-02-11 14:05:00+05:30,38.900001525878906,35178.8515625,2919.60009765625,1475.5999755859375,25258.75,,11.3725004196167
2026-02-11 14:06:00+05:30,38.880001068115234,35163.05078125,2918.300048828125,1475.199951171875,25260.75,,11.385000228881836
2026-02-11 14:07:00+05:30,38.880001068115234,35164.19921875,2918.699951171875,1475.0999755859375,25262.0,,11.382499694824219
2026-02-11 14:08:00+05:30,38.869998931884766,35158.80078125,2920.0,1474.5999755859375,25256.0,,11.399999618530273
2026-02-11 14:09:00+05:30,38.900001525878906,35191.6484375,2920.5,1476.0,25255.5,,11.392499923706055
2026-02-11 14:10:00+05:30,38.93000030517578,35230.6484375,2922.10009765625,1477.5999755859375,25254.25,,11.392499923706055
2026-02-11 14:11:00+05:30,38.91999816894531,35201.80078125,2920.89990234375,1476.0,25250.0,,11.397500038146973
2026-02-11 14:12:00+05:30,38.93000030517578,35213.1484375,2920.60009765625,1477.0999755859375,25251.75,,11.397500038146973
2026-02-11 14:13:00+05:30,38.959999084472656,35234.94921875,2922.699951171875,1477.5,25255.25,,11.420000076293945
2026-02-11 14:14:00+05:30,38.959999084472656,35245.3515625,2923.10009765625,1477.9000244140625,25257.5,,11.392499923706055
2026-02-11 14:15:00+05:30,38.959999084472656,35242.3984375,2922.89990234375,1477.5,25257.75,,11.380000114440918
2026-02-11 14:16:00+05:30,38.95000076293945,35222.8515625,2922.0,1476.5999755859375,25260.75,,11.392499923706055
2026-02-11 14:17:00+05:30,38.95000076293945,35234.94921875,2922.39990234375,1477.4000244140625,25261.0,,11.387499809265137
2026-02-11 14:18:00+05:30,38.959999084472656,35242.75,2923.39990234375,1477.5999755859375,25258.25,,11.392499923706055
2026-02-11 14:19:00+05:30,38.959999084472656,35244.5,2923.0,1477.5999755859375,25256.0,,11.414999961853027
2026-02-11 14:20:00+05:30,38.970001220703125,35247.80078125,2923.5,1477.9000244140625,25257.0,,11.4375
2026-02-11 14:21:00+05:30,38.959999084472656,35234.80078125,2922.10009765625,1476.9000244140625,25256.75,,11.4375
2026-02-11 14:22:00+05:30,38.93000030517578,35212.3515625,2920.0,1476.0999755859375,25256.75,,11.422499656677246
2026-02-11 14:23:00+05:30,38.90999984741211,35194.69921875,2917.0,1475.5,25257.25,,11.430000305175781
2026-02-11 14:24:00+05:30,38.900001525878906,35184.8984375,2915.800048828125,1475.0,25253.5,,11.407500267028809
2026-02-11 14:25:00+05:30,38.88999938964844,35178.3984375,2915.60009765625,1474.0999755859375,25254.5,,11.397500038146973
2026-02-11 14:26:00+05:30,38.900001525878906,35183.25,2915.699951171875,1474.699951171875,25256.75,,11.412500381469727
2026-02-11 14:27:00+05:30,38.900001525878906,35181.1015625,2915.699951171875,1474.0999755859375,25254.25,,11.399999618530273
2026-02-11 14:28:00+05:30,38.900001525878906,35181.69921875,2915.5,1474.5999755859375,25252.0,,11.432499885559082
2026-02-11 14:29:00+05:30,38.880001068115234,35169.05078125,2914.800048828125,1473.800048828125,25250.25,,11.4399995803833
2026-02-11 14:30:00+05:30,38.880001068115234,35164.05078125,2913.0,1473.4000244140625,25243.25,,11.427499771118164
2026-02-11 14:31:00+05:30,38.88999938964844,35173.75,2913.39990234375,1474.0,25256.25,,11.442500114440918
2026-02-11 14:32:00+05:30,38.900001525878906,35178.19921875,2914.0,1474.5,25266.75,,11.460000038146973
2026-02-11 14:33:00+05:30,38.900001525878906,35183.80078125,2914.0,1474.199951171875,25268.75,,11.442500114440918
2026-02-11 14:34:00+05:30,38.900001525878906,35197.44921875,2914.5,1475.800048828125,25266.5,,11.454999923706055
2026-02-11 14:35:00+05:30,38.90999984741211,35190.69921875,2914.199951171875,1476.0,25276.0,,11.454999923706055
2026-02-11 14:36:00+05:30,38.900001525878906,35180.44921875,2912.39990234375,1475.699951171875,25271.75,,11.460000038146973
2026-02-11 14:37:00+05:30,38.869998931884766,35168.1484375,2912.5,1475.0,25274.5,,11.454999923706055
2026-02-11 14:38:00+05:30,38.880001068115234,35161.75,2912.0,1474.300048828125,25275.0,,11.460000038146973
2026-02-11 14:39:00+05:30,38.869998931884766,35170.94921875,2913.0,1475.0,25273.25,,11.452500343322754
2026-02-11 14:40:00+05:30,38.869998931884766,35166.5,2912.10009765625,1475.199951171875,25272.0,,11.460000038146973
2026-02-11 14:41:00+05:30,38.869998931884766,35163.1484375,2912.10009765625,1474.699951171875,25274.25,,11.475000381469727
2026-02-11 14:42:00+05:30,38.86000061035156,35166.1484375,2912.0,1474.9000244140625,25271.5,,11.475000381469727
2026-02-11 14:43:00+05:30,38.880001068115234,35161.44921875,2911.199951171875,1474.800048828125,25260.0,,11.475000381469727
2026-02-11 14:44:00+05:30,38.880001068115234,35163.8984375,2912.199951171875,1474.5999755859375,25259.0,,11.489999771118164
2026-02-11 14:45:00+05:30,38.880001068115234,35163.75,2912.0,1474.5,25261.5,,11.492500305175781
2026-02-11 14:46:00+05:30,38.900001525878906,35181.80078125,2914.199951171875,1475.300048828125,25257.0,,11.487500190734863
2026-02-11 14:47:00+05:30,38.869998931884766,35150.19921875,2912.199951171875,1473.5999755859375,25254.5,,11.4975004196167
2026-02-11 14:48:00+05:30,38.86000061035156,35145.0,2911.0,1473.300048828125,25254.25,,11.510000228881836
2026-02-11 14:49:00+05:30,38.869998931884766,35148.6015625,2912.60009765625,1473.5,25246.75,,11.489999771118164
2026-02-11 14:50:00+05:30,38.88999938964844,35163.3984375,2914.0,1474.199951171875,25243.25,,11.489999771118164
2026-02-11 14:51:00+05:30,38.88999938964844,35167.80078125,2914.699951171875,1474.699951171875,25244.5,,11.492500305175781
2026-02-11 14:52:00+05:30,38.88999938964844,35169.30078125,2914.800048828125,1475.0999755859375,25248.0,,11.489999771118164
2026-02-11 14:53:00+05:30,38.900001525878906,35172.69921875,2916.0,1474.5999755859375,25239.25,,11.494999885559082
2026-02-11 14:54:00+05:30,38.88999938964844,35161.75,2915.0,1474.5999755859375,25242.25,,11.489999771118164
2026-02-11 14:55:00+05:30,38.88999938964844,35168.6484375,2915.10009765625,1474.699951171875,25242.25,,11.484999656677246
2026-02-11 14:56:00+05:30,38.88999938964844,35166.19921875,2915.0,1474.4000244140625,25251.5,,11.475000381469727
2026-02-11 14:57:00+05:30,38.88999938964844,35175.44921875,2915.199951171875,1474.5,25250.5,,11.475000381469727
2026-02-11 14:58:00+05:30,38.880001068115234,35164.05078125,2915.10009765625,1473.800048828125,25252.75,,11.479999542236328
2026-02-11 14:59:00+05:30,38.869998931884766,35147.8984375,2914.0,1473.199951171875,25254.5,,11.489999771118164
2026-02-11 15:00:00+05:30,38.880001068115234,35170.30078125,2915.300048828125,1473.300048828125,25250.5,,11.482500076293945
2026-02-11 15:01:00+05:30,38.880001068115234,35177.25,2915.699951171875,1474.4000244140625,25244.25,,11.484999656677246
2026-02-11 15:02:00+05:30,38.880001068115234,35149.44921875,2914.199951171875,1473.5999755859375,25239.0,,11.5024995803833
2026-02-11 15:03:00+05:30,38.849998474121094,35132.25,2911.300048828125,1473.4000244140625,25230.25,,11.484999656677246
2026-02-11 15:04:00+05:30,38.84000015258789,35127.94921875,2911.10009765625,1473.4000244140625,25231.25,,11.482500076293945
2026-02-11 15:05:00+05:30,38.84000015258789,35121.3984375,2910.699951171875,1473.300048828125,25231.75,,11.4975004196167
2026-02-11 15:06:00+05:30,38.81999969482422,35128.5,2911.0,1473.5999755859375,25226.75,,11.515000343322754
2026-02-11 15:07:00+05:30,38.81999969482422,35126.44921875,2909.89990234375,1474.0999755859375,25221.0,,11.539999961853027
2026-02-11 15:08:00+05:30,38.81999969482422,35131.94921875,2911.0,1473.800048828125,25214.5,,11.524999618530273
2026-02-11 15:09:00+05:30,38.810001373291016,35114.1484375,2910.10009765625,1472.300048828125,25209.0,,11.5649995803833
2026-02-11 15:10:00+05:30,38.810001373291016,35098.30078125,2909.10009765625,1471.5999755859375,25210.0,,11.567500114440918
2026-02-11 15:11:00+05:30,38.79999923706055,35099.3984375,2910.199951171875,1471.800048828125,25209.5,,11.587499618530273
2026-02-11 15:12:00+05:30,38.810001373291016,35110.55078125,2910.699951171875,1472.199951171875,25213.0,,11.572500228881836
2026-02-11 15:13:00+05:30,38.79999923706055,35092.19921875,2910.39990234375,1471.0999755859375,25212.25,,11.5649995803833
2026-02-11 15:14:00+05:30,38.81999969482422,35105.55078125,2910.60009765625,1472.199951171875,25213.25,,11.579999923706055
2026-02-11 15:15:00+05:30,38.79999923706055,35101.05078125,2910.699951171875,1471.5999755859375,25218.0,,11.572500228881836
2026-02-11 15:16:00+05:30,38.810001373291016,35099.19921875,2911.199951171875,1471.5999755859375,25224.5,,11.585000038146973
2026-02-11 15:17:00+05:30,38.79999923706055,35093.94921875,2910.60009765625,1471.199951171875,25222.75,,11.587499618530273
2026-02-11 15:18:00+05:30,38.790000915527344,35082.6484375,2908.60009765625,1470.4000244140625,25223.0,,11.574999809265137
2026-02-11 15:19:00+05:30,38.779998779296875,35073.3515625,2908.300048828125,1470.5,25214.5,,11.585000038146973
2026-02-11 15:20:00+05:30,38.77000045776367,35060.6484375,2908.10009765625,1470.300048828125,25212.25,,11.587499618530273
2026-02-11 15:21:00+05:30,38.7599983215332,35053.94921875,2907.10009765625,1470.0999755859375,25218.5,,11.59749984741211
2026-02-11 15:22:00+05:30,38.7599983215332,35051.6484375,2907.39990234375,1470.5,25220.0,,11.585000038146973
2026-02-11 15:23:00+05:30,38.7599983215332,35051.19921875,2906.89990234375,1470.5,25224.0,,11.542499542236328
2026-02-11 15:24:00+05:30,38.75,35040.05078125,2905.800048828125,1470.300048828125,25227.75,,11.545000076293945
2026-02-11 15:25:00+05:30,38.7400016784668,35035.5,2905.89990234375,1470.199951171875,25222.25,,11.537500381469727
2026-02-11 15:26:00+05:30,38.72999954223633,35024.25,2906.89990234375,1469.199951171875,25218.75,,11.5649995803833
2026-02-11 15:27:00+05:30,38.72999954223633,35035.44921875,2906.89990234375,1470.199951171875,25218.0,,11.537500381469727
2026-02-11 15:28:00+05:30,38.72999954223633,35031.1015625,2907.0,1470.300048828125,25214.75,,11.557499885559082
2026-02-11 15:29:00+05:30,38.779998779296875,35042.05078125,2907.0,1471.0,25205.25,,11.542499542236328
2026-02-11 15:30:00+05:30,38.779998779296875,35042.05078125,2907.0,1471.0,25188.0,,11.542499542236328
2026-02-12 09:00:00+05:30,38.779998779296875,35042.05078125,2907.0,1471.0,25304.75,90.44999694824219,11.542499542236328
2026-02-12 09:01:00+05:30,38.779998779296875,35042.05078125,2907.0,1471.0,25310.25,90.46499633789062,11.542499542236328
2026-02-12 09:02:00+05:30,38.779998779296875,35042.05078125,2907.0,1471.0,25311.5,90.46749877929688,11.542499542236328
2026-02-12 09:03:00+05:30,38.779998779296875,35042.05078125,2907.0,1471.0,25313.0,90.4625015258789,11.542499542236328
2026-02-12 09:04:00+05:30,38.779998779296875,35042.05078125,2907.0,1471.0,25316.75,90.4625015258789,11.542499542236328
2026-02-12 09:05:00+05:30,38.779998779296875,35042.05078125,2907.0,1471.0,25316.5,90.47750091552734,11.542499542236328
2026-02-12 09:06:00+05:30,38.779998779296875,35042.05078125,2907.0,1471.0,25315.25,90.47000122070312,11.542499542236328
2026-02-12 09:07:00+05:30,38.779998779296875,35042.05078125,2907.0,1471.0,25315.0,90.44999694824219,11.542499542236328
2026-02-12 09:08:00+05:30,38.779998779296875,35042.05078125,2907.0,1471.0,25314.0,90.5,11.542499542236328
2026-02-12 09:09:00+05:30,38.779998779296875,35042.05078125,2907.0,1471.0,25318.0,90.48999786376953,11.542499542236328
2026-02-12 09:10:00+05:30,38.779998779296875,35042.05078125,2907.0,1471.0,25319.75,90.48249816894531,11.542499542236328
2026-02-12 09:11:00+05:30,38.779998779296875,35042.05078125,2907.0,1471.0,25315.25,90.48999786376953,11.542499542236328
2026-02-12 09:12:00+05:30,38.779998779296875,35042.05078125,2907.0,1471.0,25316.5,90.50749969482422,11.542499542236328
2026-02-12 09:13:00+05:30,38.779998779296875,35042.05078125,2907.0,1471.0,25316.0,90.50749969482422,11.542499542236328
2026-02-12 09:14:00+05:30,38.779998779296875,35042.05078125,2907.0,1471.0,25319.5,90.48750305175781,11.542499542236328
2026-02-12 09:15:00+05:30,37.810001373291016,34178.94921875,2861.300048828125,1419.0999755859375,25318.25,90.46700286865234,11.487500190734863
2026-02-12 09:16:00+05:30,37.79999923706055,34170.94921875,2850.10009765625,1423.0999755859375,25319.0,90.49250030517578,11.454999923706055
2026-02-12 09:17:00+05:30,37.720001220703125,34113.19921875,2838.5,1423.9000244140625,25319.0,90.4729995727539,11.492500305175781
2026-02-12 09:18:00+05:30,37.56999969482422,33963.6015625,2827.0,1417.5999755859375,25316.0,90.5250015258789,11.505000114440918
2026-02-12 09:19:00+05:30,37.619998931884766,34011.75,2831.5,1419.5999755859375,25314.75,90.51000213623047,11.510000228881836
2026-02-12 09:20:00+05:30,37.599998474121094,34005.30078125,2827.0,1418.0,25315.25,90.52749633789062,11.537500381469727
2026-02-12 09:21:00+05:30,37.5,33896.80078125,2815.0,1412.5999755859375,25315.75,90.5199966430664,11.542499542236328
2026-02-12 09:22:00+05:30,37.369998931884766,33800.3515625,2811.300048828125,1408.800048828125,25314.25,90.51200103759766,11.577500343322754
2026-02-12 09:23:00+05:30,37.279998779296875,33704.19921875,2800.5,1405.699951171875,25314.25,90.51000213623047,11.567500114440918
2026-02-12 09:24:00+05:30,37.40999984741211,33854.25,2813.60009765625,1411.4000244140625,25314.5,90.54000091552734,11.592499732971191
2026-02-12 09:25:00+05:30,37.400001525878906,33821.0,2813.199951171875,1409.0,25312.25,90.55249786376953,11.604999542236328
2026-02-12 09:26:00+05:30,37.439998626708984,33863.6484375,2810.699951171875,1411.9000244140625,25312.0,90.53250122070312,11.592499732971191
2026-02-12 09:27:00+05:30,37.40999984741211,33827.55078125,2810.800048828125,1409.300048828125,25312.0,90.52749633789062,11.672499656677246
2026-02-12 09:28:00+05:30,37.31999969482422,33744.5,2801.699951171875,1406.199951171875,25309.75,90.49250030517578,11.677499771118164
2026-02-12 09:29:00+05:30,37.27000045776367,33700.6015625,2801.300048828125,1404.9000244140625,25310.0,90.48999786376953,11.630000114440918
2026-02-12 09:30:00+05:30,37.189998626708984,33629.69921875,2794.199951171875,1400.5999755859375,25308.0,90.48999786376953,11.617500305175781
2026-02-12 09:31:00+05:30,37.150001525878906,33594.25,2784.39990234375,1401.4000244140625,25309.5,90.4749984741211,11.619999885559082
2026-02-12 09:32:00+05:30,37.099998474121094,33559.3515625,2784.0,1399.0999755859375,25310.75,90.48249816894531,11.607500076293945
2026-02-12 09:33:00+05:30,37.099998474121094,33556.55078125,2784.10009765625,1399.9000244140625,25312.0,90.46299743652344,11.645000457763672
2026-02-12 09:34:00+05:30,37.060001373291016,33520.6484375,2781.0,1398.4000244140625,25311.75,90.4520034790039,11.667499542236328
2026-02-12 09:35:00+05:30,37.040000915527344,33493.05078125,2781.60009765625,1397.4000244140625,25311.25,90.49500274658203,11.619999885559082
2026-02-12 09:36:00+05:30,37.150001525878906,33590.30078125,2787.39990234375,1401.5,25313.25,90.50499725341797,11.6274995803833
2026-02-12 09:37:00+05:30,37.150001525878906,33605.8984375,2788.60009765625,1402.800048828125,25308.5,90.50499725341797,11.702500343322754
2026-02-12 09:38:00+05:30,37.09000015258789,33542.55078125,2779.89990234375,1400.199951171875,25303.75,90.5199966430664,11.642499923706055
2026-02-12 09:39:00+05:30,37.15999984741211,33599.05078125,2786.5,1403.5,25309.0,90.52249908447266,11.635000228881836
2026-02-12 09:40:00+05:30,37.099998474121094,33551.3515625,2787.0,1399.5999755859375,25308.0,90.5199966430664,11.707500457763672
2026-02-12 09:41:00+05:30,37.11000061035156,33571.30078125,2789.300048828125,1398.699951171875,25310.0,90.52249908447266,11.697500228881836
2026-02-12 09:42:00+05:30,37.099998474121094,33548.05078125,2788.300048828125,1398.5,25310.0,90.50749969482422,11.720000267028809
2026-02-12 09:43:00+05:30,37.119998931884766,33572.25,2788.89990234375,1400.0,25309.5,90.50250244140625,11.725000381469727
2026-02-12 09:44:00+05:30,37.130001068115234,33587.6015625,2789.5,1400.699951171875,25312.0,90.48799896240234,11.734999656677246
2026-02-12 09:45:00+05:30,37.099998474121094,33550.30078125,2788.800048828125,1398.199951171875,25317.0,90.51750183105469,11.712499618530273
2026-02-12 09:46:00+05:30,37.040000915527344,33492.0,2786.89990234375,1397.300048828125,25323.75,90.51249694824219,11.6850004196167
2026-02-12 09:47:00+05:30,37.04999923706055,33505.69921875,2788.5,1398.4000244140625,25318.75,90.50499725341797,11.72249984741211
2026-02-12 09:48:00+05:30,37.15999984741211,33609.75,2798.0,1402.0,25317.75,90.51000213623047,11.6875
2026-02-12 09:49:00+05:30,37.25,33689.6015625,2808.39990234375,1402.800048828125,25317.0,90.51750183105469,11.609999656677246
2026-02-12 09:50:00+05:30,37.27000045776367,33708.1015625,2810.0,1404.300048828125,25325.0,90.51249694824219,11.614999771118164
2026-02-12 09:51:00+05:30,37.220001220703125,33659.1484375,2797.800048828125,1404.300048828125,25329.0,90.49700164794922,11.607500076293945
2026-02-12 09:52:00+05:30,37.18000030517578,33621.1015625,2793.39990234375,1403.5,25330.5,90.51249694824219,11.600000381469727
2026-02-12 09:53:00+05:30,37.189998626708984,33633.69921875,2795.300048828125,1403.4000244140625,25327.5,90.51000213623047,11.577500343322754
2026-02-12 09:54:00+05:30,37.220001220703125,33657.44921875,2797.5,1404.0,25330.5,90.51000213623047,11.604999542236328
2026-02-12 09:55:00+05:30,37.20000076293945,33648.19921875,2797.699951171875,1403.9000244140625,25333.25,90.51000213623047,11.595000267028809
2026-02-12 09:56:00+05:30,37.220001220703125,33658.30078125,2798.0,1403.699951171875,25337.5,90.50749969482422,11.53499984741211
2026-02-12 09:57:00+05:30,37.209999084472656,33651.8984375,2798.199951171875,1404.0,25337.5,90.5,11.5
2026-02-12 09:58:00+05:30,37.20000076293945,33636.1484375,2797.0,1403.800048828125,25336.0,90.5,11.510000228881836
2026-02-12 09:59:00+05:30,37.15999984741211,33600.8515625,2794.60009765625,1402.4000244140625,25338.0,90.51000213623047,11.484999656677246
2026-02-12 10:00:00+05:30,37.15999984741211,33608.25,2794.300048828125,1402.4000244140625,25334.75,90.52249908447266,11.4975004196167
2026-02-12 10:01:00+05:30,37.13999938964844,33583.6015625,2795.39990234375,1400.9000244140625,25333.5,90.5250015258789,11.542499542236328
2026-02-12 10:02:00+05:30,37.13999938964844,33585.6015625,2795.60009765625,1401.300048828125,25324.25,90.52749633789062,11.555000305175781
2026-02-12 10:03:00+05:30,37.150001525878906,33591.1484375,2797.5,1401.300048828125,25321.0,90.5250015258789,11.5
2026-02-12 10:04:00+05:30,37.2400016784668,33676.3515625,2800.0,1407.300048828125,25325.5,90.5199966430664,11.517499923706055
2026-02-12 10:05:00+05:30,37.2599983215332,33683.25,2802.0,1407.300048828125,25323.75,90.52749633789062,11.520000457763672
2026-02-12 10:06:00+05:30,37.22999954223633,33672.1015625,2800.0,1406.699951171875,25319.25,90.53500366210938,11.532500267028809
2026-02-12 10:07:00+05:30,37.20000076293945,33636.8984375,2798.5,1404.9000244140625,25320.0,90.52999877929688,11.545000076293945
2026-02-12 10:08:00+05:30,37.15999984741211,33602.80078125,2796.699951171875,1402.699951171875,25321.75,90.52999877929688,11.529999732971191
2026-02-12 10:09:00+05:30,37.15999984741211,33608.3984375,2797.699951171875,1402.4000244140625,25321.75,90.53250122070312,11.539999961853027
2026-02-12 10:10:00+05:30,37.15999984741211,33608.8984375,2794.89990234375,1403.5,25317.0,90.54000091552734,11.577500343322754
2026-02-12 10:11:00+05:30,37.20000076293945,33641.1015625,2797.0,1404.800048828125,25318.75,90.54000091552734,11.579999923706055
2026-02-12 10:12:00+05:30,37.22999954223633,33667.19921875,2797.89990234375,1405.9000244140625,25320.5,90.54499816894531,11.5625
2026-02-12 10:13:00+05:30,37.2599983215332,33708.19921875,2799.199951171875,1408.0999755859375,25318.25,90.5260009765625,11.550000190734863
2026-02-12 10:14:00+05:30,37.2400016784668,33685.69921875,2797.89990234375,1406.9000244140625,25318.25,90.55000305175781,11.529999732971191
2026-02-12 10:15:00+05:30,37.279998779296875,33715.3515625,2800.0,1408.5,25321.5,90.5270004272461,11.532500267028809
2026-02-12 10:16:00+05:30,37.25,33682.19921875,2798.39990234375,1407.300048828125,25324.75,90.53500366210938,11.545000076293945
2026-02-12 10:17:00+05:30,37.220001220703125,33660.3515625,2795.0,1406.4000244140625,25324.75,90.51799774169922,11.52750015258789
2026-02-12 10:18:00+05:30,37.220001220703125,33646.94921875,2794.0,1405.5,25326.75,90.52200317382812,11.5
2026-02-12 10:19:00+05:30,37.22999954223633,33668.0,2797.300048828125,1407.0,25326.0,90.54499816894531,11.507499694824219
2026-02-12 10:20:00+05:30,37.20000076293945,33640.3515625,2796.699951171875,1405.0999755859375,25327.25,90.55249786376953,11.517499923706055
2026-02-12 10:21:00+05:30,37.18000030517578,33625.6015625,2796.89990234375,1404.5,25325.75,90.52999877929688,11.507499694824219
2026-02-12 10:22:00+05:30,37.189998626708984,33630.8515625,2795.800048828125,1404.0999755859375,25327.0,90.56500244140625,11.505000114440918
2026-02-12 10:23:00+05:30,37.15999984741211,33609.5,2792.60009765625,1404.5999755859375,25325.5,90.54000091552734,11.529999732971191
2026-02-12 10:24:00+05:30,37.15999984741211,33602.75,2792.39990234375,1404.300048828125,25323.25,90.53500366210938,11.522500038146973
2026-02-12 10:25:00+05:30,37.119998931884766,33559.75,2788.800048828125,1402.5,25324.25,90.55500030517578,11.53499984741211
2026-02-12 10:26:00+05:30,37.130001068115234,33592.30078125,2791.60009765625,1403.699951171875,25325.0,90.55750274658203,11.545000076293945
2026-02-12 10:27:00+05:30,37.150001525878906,33594.80078125,2792.10009765625,1404.199951171875,25329.0,90.56749725341797,11.550000190734863
2026-02-12 10:28:00+05:30,37.130001068115234,33572.1484375,2792.0,1403.699951171875,25328.5,90.58000183105469,11.555000305175781
2026-02-12 10:29:00+05:30,37.130001068115234,33575.05078125,2793.300048828125,1403.199951171875,25328.5,90.58000183105469,11.550000190734863
2026-02-12 10:30:00+05:30,37.130001068115234,33577.55078125,2793.300048828125,1403.0,25328.5,90.58000183105469,11.539999961853027
2026-02-12 10:31:00+05:30,37.150001525878906,33595.69921875,2793.60009765625,1403.9000244140625,25328.5,90.58499908447266,11.5625
2026-02-12 10:32:00+05:30,37.130001068115234,33578.3984375,2791.60009765625,1403.9000244140625,25328.5,90.58499908447266,11.569999694824219
2026-02-12 10:33:00+05:30,37.130001068115234,33581.5,2791.0,1404.5999755859375,25328.5,90.58999633789062,11.557499885559082
2026-02-12 10:34:00+05:30,37.13999938964844,33583.19921875,2789.89990234375,1404.4000244140625,25328.5,90.57749938964844,11.545000076293945
2026-02-12 10:35:00+05:30,37.119998931884766,33563.5,2789.10009765625,1404.199951171875,25328.5,90.5824966430664,11.574999809265137
2026-02-12 10:36:00+05:30,37.09000015258789,33535.55078125,2787.5,1403.4000244140625,25328.5,90.57749938964844,11.607500076293945
2026-02-12 10:37:00+05:30,37.06999969482422,33521.0,2786.39990234375,1402.800048828125,25328.5,90.58000183105469,11.600000381469727
2026-02-12 10:38:00+05:30,37.04999923706055,33514.1015625,2786.800048828125,1402.5,25328.5,90.58499908447266,11.59000015258789
2026-02-12 10:39:00+05:30,37.04999923706055,33547.05078125,2789.300048828125,1404.0,25336.0,90.5824966430664,11.5625
2026-02-12 10:40:00+05:30,37.04999923706055,33526.6015625,2789.5,1402.5,25334.5,90.5824966430664,11.59000015258789
2026-02-12 10:41:00+05:30,37.06999969482422,33551.25,2789.199951171875,1404.0999755859375,25333.5,90.5875015258789,11.600000381469727
2026-02-12 10:42:00+05:30,37.09000015258789,33567.75,2788.60009765625,1406.0,25335.25,90.58499908447266,11.600000381469727
2026-02-12 10:43:00+05:30,37.09000015258789,33559.8515625,2788.699951171875,1406.199951171875,25333.75,90.58000183105469,11.595000267028809
2026-02-12 10:44:00+05:30,37.099998474121094,33566.80078125,2789.60009765625,1407.0,25336.0,90.5875015258789,11.617500305175781
2026-02-12 10:45:00+05:30,37.119998931884766,33585.6484375,2790.10009765625,1408.5999755859375,25337.0,90.5875015258789,11.59000015258789
2026-02-12 10:46:00+05:30,37.099998474121094,33574.05078125,2790.0,1408.199951171875,25335.5,90.58499908447266,11.607500076293945
2026-02-12 10:47:00+05:30,37.11000061035156,33562.5,2789.199951171875,1407.300048828125,25336.25,90.5824966430664,11.602499961853027
2026-02-12 10:48:00+05:30,37.09000015258789,33566.30078125,2788.800048828125,1407.5,25339.5,90.5739974975586,11.592499732971191
2026-02-12 10:49:00+05:30,37.119998931884766,33574.1484375,2789.39990234375,1407.199951171875,25338.75,90.58000183105469,11.59749984741211
2026-02-12 10:50:00+05:30,37.09000015258789,33549.8984375,2789.0,1405.5,25341.25,90.5999984741211,11.592499732971191
2026-02-12 10:51:00+05:30,37.040000915527344,33510.94921875,2785.89990234375,1403.5999755859375,25341.25,90.60250091552734,11.607500076293945
2026-02-12 10:52:00+05:30,37.04999923706055,33516.19921875,2783.699951171875,1404.0999755859375,25336.0,90.60749816894531,11.612500190734863
2026-02-12 10:53:00+05:30,37.06999969482422,33525.1484375,2786.39990234375,1403.699951171875,25334.75,90.62249755859375,11.602499961853027
2026-02-12 10:54:00+05:30,37.09000015258789,33537.75,2787.199951171875,1404.5,25335.25,90.62249755859375,11.595000267028809
2026-02-12 10:55:00+05:30,37.08000183105469,33526.3515625,2786.39990234375,1403.800048828125,25336.25,90.61250305175781,11.550000190734863
2026-02-12 10:56:00+05:30,37.08000183105469,33540.94921875,2787.699951171875,1405.9000244140625,25335.0,90.62249755859375,11.572500228881836
2026-02-12 10:57:00+05:30,37.08000183105469,33538.1015625,2786.699951171875,1406.199951171875,25333.75,90.62249755859375,11.587499618530273
2026-02-12 10:58:00+05:30,37.09000015258789,33546.69921875,2787.699951171875,1406.0999755859375,25334.75,90.63249969482422,11.609999656677246
2026-02-12 10:59:00+05:30,37.099998474121094,33545.30078125,2788.199951171875,1406.0999755859375,25334.25,90.61250305175781,11.619999885559082
2026-02-12 11:00:00+05:30,37.09000015258789,33544.3515625,2785.60009765625,1406.0999755859375,25331.25,90.5824966430664,11.604999542236328
2026-02-12 11:01:00+05:30,37.099998474121094,33547.69921875,2788.0,1407.0,25332.75,90.57749938964844,11.577500343322754
2026-02-12 11:02:00+05:30,37.099998474121094,33547.44921875,2785.199951171875,1407.300048828125,25330.75,90.56500244140625,11.577500343322754
2026-02-12 11:03:00+05:30,37.060001373291016,33513.75,2784.0,1406.0,25331.75,90.5875015258789,11.5649995803833
2026-02-12 11:04:00+05:30,37.040000915527344,33511.19921875,2782.60009765625,1405.800048828125,25330.0,90.5875015258789,11.592499732971191
2026-02-12 11:05:00+05:30,37.04999923706055,33507.94921875,2782.0,1405.0999755859375,25328.25,90.5824966430664,11.582500457763672
2026-02-12 11:06:00+05:30,37.06999969482422,33526.05078125,2781.39990234375,1405.199951171875,25330.25,90.59500122070312,11.595000267028809
2026-02-12 11:07:00+05:30,37.08000183105469,33538.0,2784.300048828125,1405.4000244140625,25331.25,90.61750030517578,11.612500190734863
2026-02-12 11:08:00+05:30,37.11000061035156,33576.3984375,2786.39990234375,1407.699951171875,25329.25,90.61250305175781,11.567500114440918
2026-02-12 11:09:00+05:30,37.11000061035156,33564.3984375,2786.10009765625,1406.5,25330.25,90.61250305175781,11.567500114440918
2026-02-12 11:10:00+05:30,37.06999969482422,33528.5,2783.300048828125,1404.4000244140625,25334.75,90.60749816894531,11.5625
2026-02-12 11:11:00+05:30,37.09000015258789,33535.8984375,2784.300048828125,1405.300048828125,25338.25,90.58000183105469,11.557499885559082
2026-02-12 11:12:00+05:30,37.06999969482422,33525.8515625,2784.699951171875,1404.699951171875,25344.25,90.58999633789062,11.59000015258789
2026-02-12 11:13:00+05:30,37.06999969482422,33524.3515625,2783.800048828125,1404.699951171875,25339.25,90.59249877929688,11.595000267028809
2026-02-12 11:14:00+05:30,37.08000183105469,33532.44921875,2782.800048828125,1405.0,25336.25,90.59750366210938,11.59000015258789
2026-02-12 11:15:00+05:30,37.08000183105469,33539.6484375,2781.199951171875,1405.699951171875,25338.5,90.59750366210938,11.59749984741211
2026-02-12 11:16:00+05:30,37.060001373291016,33512.19921875,2780.39990234375,1403.9000244140625,25339.25,90.61000061035156,11.619999885559082
2026-02-12 11:17:00+05:30,37.040000915527344,33494.5,2780.10009765625,1403.0,25338.0,90.60749816894531,11.609999656677246
2026-02-12 11:18:00+05:30,37.040000915527344,33490.30078125,2780.0,1402.199951171875,25339.5,90.60250091552734,11.587499618530273
2026-02-12 11:19:00+05:30,37.029998779296875,33483.1015625,2779.300048828125,1401.800048828125,25339.25,90.60749816894531,11.602499961853027
2026-02-12 11:20:00+05:30,37.02000045776367,33476.3984375,2779.60009765625,1401.5999755859375,25339.5,90.61250305175781,11.582500457763672
2026-02-12 11:21:00+05:30,37.0099983215332,33467.94921875,2778.300048828125,1401.199951171875,25339.0,90.60749816894531,11.59749984741211
2026-02-12 11:22:00+05:30,37.0099983215332,33471.75,2777.0,1401.0999755859375,25338.0,90.59750366210938,11.612500190734863
2026-02-12 11:23:00+05:30,37.029998779296875,33490.69921875,2778.39990234375,1401.199951171875,25333.0,90.5824966430664,11.637499809265137
2026-02-12 11:24:00+05:30,37.04999923706055,33496.69921875,2778.800048828125,1401.800048828125,25338.0,90.5824966430664,11.642499923706055
2026-02-12 11:25:00+05:30,37.04999923706055,33497.05078125,2777.89990234375,1401.4000244140625,25339.25,90.58499908447266,11.625
2026-02-12 11:26:00+05:30,37.040000915527344,33487.5,2776.5,1400.5999755859375,25334.5,90.5824966430664,11.6274995803833
2026-02-12 11:27:00+05:30,37.040000915527344,33503.3984375,2776.699951171875,1401.199951171875,25334.0,90.59750366210938,11.637499809265137
2026-02-12 11:28:00+05:30,37.040000915527344,33492.0,2775.699951171875,1400.800048828125,25330.5,90.5739974975586,11.632499694824219
2026-02-12 11:29:00+05:30,37.029998779296875,33487.3515625,2775.0,1400.9000244140625,25337.0,90.61000061035156,11.6274995803833
2026-02-12 11:30:00+05:30,37.02000045776367,33476.8984375,2774.0,1400.5,25340.0,90.58999633789062,11.635000228881836
2026-02-12 11:31:00+05:30,36.970001220703125,33440.94921875,2771.800048828125,1399.300048828125,25335.5,90.59750366210938,11.642499923706055
2026-02-12 11:32:00+05:30,36.97999954223633,33452.25,2771.60009765625,1399.300048828125,25329.5,90.60749816894531,11.640000343322754
2026-02-12 11:33:00+05:30,36.97999954223633,33439.05078125,2771.300048828125,1398.0999755859375,25327.75,90.61250305175781,11.649999618530273
2026-02-12 11:34:00+05:30,36.97999954223633,33437.1015625,2771.199951171875,1398.9000244140625,25323.25,90.6050033569336,11.65250015258789
2026-02-12 11:35:00+05:30,36.970001220703125,33440.44921875,2770.199951171875,1399.199951171875,25327.75,90.60749816894531,11.6225004196167
2026-02-12 11:36:00+05:30,36.959999084472656,33420.25,2768.300048828125,1397.5,25321.25,90.58999633789062,11.612500190734863
2026-02-12 11:37:00+05:30,36.95000076293945,33414.3984375,2766.60009765625,1398.0999755859375,25323.75,90.58499908447266,11.602499961853027
2026-02-12 11:38:00+05:30,36.95000076293945,33420.55078125,2767.0,1398.0999755859375,25321.75,90.59249877929688,11.619999885559082
2026-02-12 11:39:00+05:30,36.97999954223633,33436.55078125,2768.89990234375,1398.5999755859375,25323.75,90.58999633789062,11.632499694824219
2026-02-12 11:40:00+05:30,36.959999084472656,33438.80078125,2768.89990234375,1398.4000244140625,25326.5,90.5770034790039,11.645000457763672
2026-02-12 11:41:00+05:30,36.97999954223633,33440.75,2769.60009765625,1398.5999755859375,25326.25,90.59500122070312,11.625
2026-02-12 11:42:00+05:30,36.97999954223633,33438.5,2768.800048828125,1399.0999755859375,25333.25,90.59249877929688,11.614999771118164
2026-02-12 11:43:00+05:30,37.0,33463.1015625,2772.5,1399.5999755859375,25338.5,90.58000183105469,11.625
2026-02-12 11:44:00+05:30,37.0099983215332,33471.25,2772.89990234375,1400.0,25336.75,90.5824966430664,11.625
2026-02-12 11:45:00+05:30,37.04999923706055,33505.8515625,2775.5,1401.300048828125,25339.25,90.5875015258789,11.637499809265137
2026-02-12 11:46:00+05:30,37.040000915527344,33489.30078125,2773.300048828125,1400.4000244140625,25338.5,90.58000183105469,11.645000457763672
2026-02-12 11:47:00+05:30,37.029998779296875,33480.3984375,2772.0,1399.9000244140625,25333.5,90.59750366210938,11.72249984741211
2026-02-12 11:48:00+05:30,37.0,33449.3984375,2770.199951171875,1398.699951171875,25326.75,90.58999633789062,11.729999542236328
2026-02-12 11:49:00+05:30,36.97999954223633,33437.69921875,2769.5,1398.0999755859375,25325.0,90.58999633789062,11.707500457763672
2026-02-12 11:50:00+05:30,36.97999954223633,33437.5,2769.5,1398.699951171875,25318.5,90.59500122070312,11.6899995803833
2026-02-12 11:51:00+05:30,36.970001220703125,33426.8984375,2768.0,1398.4000244140625,25317.0,90.5875015258789,11.702500343322754
2026-02-12 11:52:00+05:30,36.970001220703125,33428.6015625,2767.800048828125,1398.9000244140625,25314.5,90.58499908447266,11.72249984741211
2026-02-12 11:53:00+05:30,36.959999084472656,33433.30078125,2767.800048828125,1398.699951171875,25315.0,90.58000183105469,11.710000038146973
2026-02-12 11:54:00+05:30,36.970001220703125,33425.6015625,2768.10009765625,1398.4000244140625,25315.75,90.58000183105469,11.707500457763672
2026-02-12 11:55:00+05:30,36.970001220703125,33431.0,2767.5,1399.300048828125,25319.5,90.55799865722656,11.7475004196167
2026-02-12 11:56:00+05:30,36.970001220703125,33435.8984375,2767.5,1399.4000244140625,25319.0,90.59750366210938,11.755000114440918
2026-02-12 11:57:00+05:30,36.97999954223633,33441.05078125,2768.0,1399.9000244140625,25318.0,90.59750366210938,11.760000228881836
2026-02-12 11:58:00+05:30,36.9900016784668,33459.05078125,2770.699951171875,1400.4000244140625,25322.5,90.59249877929688,11.742500305175781
2026-02-12 11:59:00+05:30,36.9900016784668,33453.19921875,2770.699951171875,1400.0999755859375,25320.25,90.5999984741211,11.725000381469727
2026-02-12 12:00:00+05:30,36.970001220703125,33441.19921875,2771.5,1400.0,25319.5,90.56300354003906,11.7475004196167
2026-02-12 12:01:00+05:30,36.970001220703125,33440.0,2771.300048828125,1399.5,25311.75,90.5875015258789,11.720000267028809
2026-02-12 12:02:00+05:30,36.959999084472656,33431.8984375,2771.5,1398.4000244140625,25314.0,90.5875015258789,11.734999656677246
2026-02-12 12:03:00+05:30,36.95000076293945,33418.69921875,2768.0,1397.5999755859375,25309.25,90.56700134277344,11.739999771118164
2026-02-12 12:04:00+05:30,36.970001220703125,33436.30078125,2768.89990234375,1399.300048828125,25304.75,90.59750366210938,11.744999885559082
2026-02-12 12:05:00+05:30,36.97999954223633,33447.8515625,2769.10009765625,1399.5,25301.5,90.56700134277344,11.72249984741211
2026-02-12 12:06:00+05:30,36.9900016784668,33452.6484375,2770.300048828125,1399.0,25305.0,90.56500244140625,11.71500015258789
2026-02-12 12:07:00+05:30,36.9900016784668,33449.8984375,2770.10009765625,1399.300048828125,25302.75,90.5875015258789,11.710000038146973
2026-02-12 12:08:00+05:30,36.9900016784668,33452.6015625,2770.5,1399.199951171875,25302.75,90.58499908447266,11.697500228881836
2026-02-12 12:09:00+05:30,36.9900016784668,33457.94921875,2771.0,1399.5999755859375,25305.25,90.58499908447266,11.692500114440918
2026-02-12 12:10:00+05:30,36.97999954223633,33445.25,2769.699951171875,1399.199951171875,25302.75,90.58499908447266,11.692500114440918
2026-02-12 12:11:00+05:30,36.970001220703125,33438.19921875,2767.89990234375,1399.199951171875,25302.25,90.57250213623047,11.694999694824219
2026-02-12 12:12:00+05:30,36.95000076293945,33440.8515625,2767.60009765625,1399.199951171875,25300.0,90.56999969482422,11.707500457763672
2026-02-12 12:13:00+05:30,36.970001220703125,33442.30078125,2768.39990234375,1399.199951171875,25297.25,90.58499908447266,11.697500228881836
2026-02-12 12:14:00+05:30,36.97999954223633,33442.3515625,2767.800048828125,1399.5,25299.0,90.58499908447266,11.692500114440918
2026-02-12 12:15:00+05:30,36.9900016784668,33459.5,2769.10009765625,1400.199951171875,25302.0,90.55999755859375,11.677499771118164
2026-02-12 12:16:00+05:30,37.0099983215332,33469.1484375,2770.60009765625,1400.300048828125,25301.75,90.56999969482422,11.677499771118164
2026-02-12 12:17:00+05:30,37.02000045776367,33486.0,2771.5,1400.699951171875,25297.5,90.552001953125,11.6899995803833
2026-02-12 12:18:00+05:30,37.060001373291016,33527.8515625,2774.800048828125,1402.0,25301.5,90.5625,11.667499542236328
2026-02-12 12:19:00+05:30,37.060001373291016,33519.1015625,2774.89990234375,1402.0999755859375,25310.0,90.55750274658203,11.662500381469727
2026-02-12 12:20:00+05:30,37.060001373291016,33510.75,2774.699951171875,1402.0,25310.0,90.52899932861328,11.657500267028809
2026-02-12 12:21:00+05:30,37.04999923706055,33514.30078125,2773.89990234375,1402.4000244140625,25308.5,90.55750274658203,11.640000343322754
2026-02-12 12:22:00+05:30,37.040000915527344,33497.19921875,2771.10009765625,1401.9000244140625,25312.75,90.55500030517578,11.612500190734863
2026-02-12 12:23:00+05:30,37.040000915527344,33492.8984375,2771.0,1401.9000244140625,25312.25,90.52899932861328,11.609999656677246
2026-02-12 12:24:00+05:30,37.02000045776367,33478.80078125,2769.0,1401.5,25311.5,90.53500366210938,11.602499961853027
2026-02-12 12:25:00+05:30,37.02000045776367,33485.3515625,2771.0,1401.300048828125,25313.75,90.5374984741211,11.602499961853027
2026-02-12 12:26:00+05:30,37.029998779296875,33494.5,2770.89990234375,1402.300048828125,25314.75,90.54000091552734,11.637499809265137
2026-02-12 12:27:00+05:30,37.040000915527344,33493.94921875,2768.60009765625,1403.4000244140625,25318.5,90.51200103759766,11.632499694824219
2026-02-12 12:28:00+05:30,37.02000045776367,33482.80078125,2766.89990234375,1402.0999755859375,25316.75,90.54750061035156,11.6225004196167
2026-02-12 12:29:00+05:30,37.02000045776367,33478.30078125,2766.0,1402.0999755859375,25319.75,90.52999877929688,11.6274995803833
2026-02-12 12:30:00+05:30,37.02000045776367,33480.6015625,2766.60009765625,1402.0999755859375,25323.0,90.55000305175781,11.619999885559082
2026-02-12 12:31:00+05:30,37.02000045776367,33480.55078125,2766.89990234375,1402.0999755859375,25317.5,90.55000305175781,11.614999771118164
2026-02-12 12:32:00+05:30,37.02000045776367,33483.8515625,2766.699951171875,1402.0,25320.25,90.54000091552734,11.609999656677246
2026-02-12 12:33:00+05:30,37.0099983215332,33474.6015625,2765.60009765625,1401.9000244140625,25325.75,90.54750061035156,11.614999771118164
2026-02-12 12:34:00+05:30,36.9900016784668,33452.3515625,2764.300048828125,1400.4000244140625,25333.25,90.5425033569336,11.59749984741211
2026-02-12 12:35:00+05:30,36.9900016784668,33458.8515625,2764.800048828125,1400.4000244140625,25332.75,90.54499816894531,11.607500076293945
2026-02-12 12:36:00+05:30,36.97999954223633,33453.1015625,2764.0,1400.0999755859375,25332.5,90.55750274658203,11.612500190734863
2026-02-12 12:37:00+05:30,36.97999954223633,33448.6015625,2764.10009765625,1400.0999755859375,25328.5,90.55999755859375,11.614999771118164
2026-02-12 12:38:00+05:30,36.9900016784668,33449.19921875,2764.60009765625,1400.0,25325.25,90.53700256347656,11.617500305175781
2026-02-12 12:39:00+05:30,36.97999954223633,33450.25,2764.800048828125,1400.0,25326.25,90.55249786376953,11.630000114440918
2026-02-12 12:40:00+05:30,36.970001220703125,33446.3984375,2764.800048828125,1399.9000244140625,25326.5,90.55249786376953,11.635000228881836
2026-02-12 12:41:00+05:30,37.0,33461.6015625,2767.199951171875,1399.9000244140625,25326.25,90.54499816894531,11.632499694824219
2026-02-12 12:42:00+05:30,37.0,33465.94921875,2766.89990234375,1400.199951171875,25329.75,90.51599884033203,11.6274995803833
2026-02-12 12:43:00+05:30,36.970001220703125,33434.6484375,2763.699951171875,1399.199951171875,25333.5,90.54499816894531,11.637499809265137
2026-02-12 12:44:00+05:30,36.970001220703125,33432.80078125,2764.0,1398.9000244140625,25333.0,90.54000091552734,11.630000114440918
2026-02-12 12:45:00+05:30,36.970001220703125,33436.80078125,2764.39990234375,1399.0999755859375,25332.0,90.54000091552734,11.632499694824219
2026-02-12 12:46:00+05:30,36.95000076293945,33440.5,2765.199951171875,1399.699951171875,25333.5,90.54499816894531,11.642499923706055
2026-02-12 12:47:00+05:30,36.970001220703125,33437.3984375,2766.10009765625,1399.800048828125,25335.75,90.55000305175781,11.640000343322754
2026-02-12 12:48:00+05:30,36.95000076293945,33444.3515625,2765.800048828125,1400.0,25335.0,90.54750061035156,11.637499809265137
2026-02-12 12:49:00+05:30,36.970001220703125,33444.6015625,2766.199951171875,1399.699951171875,25337.25,90.54750061035156,11.619999885559082
2026-02-12 12:50:00+05:30,36.970001220703125,33442.6015625,2765.199951171875,1399.699951171875,25335.5,90.5425033569336,11.619999885559082
2026-02-12 12:51:00+05:30,36.970001220703125,33433.05078125,2763.800048828125,1399.300048828125,25334.25,90.55249786376953,11.6225004196167
2026-02-12 12:52:00+05:30,36.959999084472656,33427.6484375,2762.699951171875,1399.5,25337.0,90.54499816894531,11.619999885559082
2026-02-12 12:53:00+05:30,36.959999084472656,33427.1015625,2762.0,1399.699951171875,25339.25,90.5374984741211,11.619999885559082
2026-02-12 12:54:00+05:30,36.970001220703125,33434.8515625,2762.800048828125,1399.5999755859375,25350.5,90.5425033569336,11.614999771118164
2026-02-12 12:55:00+05:30,36.959999084472656,33425.8515625,2762.300048828125,1399.199951171875,25353.75,90.5425033569336,11.614999771118164
2026-02-12 12:56:00+05:30,36.959999084472656,33432.8515625,2762.5,1399.9000244140625,25352.0,90.5374984741211,11.609999656677246
2026-02-12 12:57:00+05:30,36.959999084472656,33427.5,2762.0,1399.699951171875,25348.0,90.52249908447266,11.595000267028809
2026-02-12 12:58:00+05:30,36.959999084472656,33430.6484375,2762.0,1399.699951171875,25348.5,90.53250122070312,11.600000381469727
2026-02-12 12:59:00+05:30,36.959999084472656,33424.5,2762.199951171875,1399.5,25351.25,90.52999877929688,11.604999542236328
2026-02-12 13:00:00+05:30,36.95000076293945,33431.55078125,2762.5,1399.5,25355.25,90.5374984741211,11.600000381469727
2026-02-12 13:01:00+05:30,36.93000030517578,33402.1015625,2760.699951171875,1398.4000244140625,25350.25,90.5425033569336,11.6225004196167
2026-02-12 13:02:00+05:30,36.91999816894531,33391.1484375,2759.199951171875,1398.300048828125,25350.25,90.55000305175781,11.6274995803833
2026-02-12 13:03:00+05:30,36.91999816894531,33390.1015625,2759.0,1398.300048828125,25352.5,90.55750274658203,11.6274995803833
2026-02-12 13:04:00+05:30,36.90999984741211,33386.6484375,2758.5,1398.0,25348.25,90.56500244140625,11.6225004196167
2026-02-12 13:05:00+05:30,36.91999816894531,33390.0,2758.699951171875,1398.4000244140625,25352.25,90.5625,11.6225004196167
2026-02-12 13:06:00+05:30,36.88999938964844,33390.0,2757.5,1398.0,25350.75,90.56749725341797,11.6225004196167
2026-02-12 13:07:00+05:30,36.88999938964844,33390.0,2755.0,1397.4000244140625,25352.0,90.56500244140625,11.6225004196167
2026-02-12 13:08:00+05:30,36.880001068115234,33390.0,2754.89990234375,1396.800048828125,25353.5,90.56500244140625,11.6225004196167
2026-02-12 13:09:00+05:30,36.880001068115234,33390.0,2754.300048828125,1397.0,25350.5,90.55999755859375,11.6225004196167
2026-02-12 13:10:00+05:30,36.88999938964844,33362.55078125,2755.60009765625,1397.0,25348.25,90.57499694824219,11.654999732971191
2026-02-12 13:11:00+05:30,36.880001068115234,33352.55078125,2754.0,1397.300048828125,25351.5,90.59249877929688,11.672499656677246
2026-02-12 13:12:00+05:30,36.880001068115234,33356.75,2754.300048828125,1397.5,25354.25,90.5510025024414,11.702500343322754
2026-02-12 13:13:00+05:30,36.88999938964844,33361.19921875,2756.300048828125,1397.699951171875,25353.25,90.55999755859375,11.707500457763672
2026-02-12 13:14:00+05:30,36.88999938964844,33372.3984375,2756.5,1398.5999755859375,25350.75,90.5875015258789,11.72249984741211
2026-02-12 13:15:00+05:30,36.90999984741211,33378.19921875,2756.300048828125,1398.699951171875,25349.0,90.5824966430664,11.729999542236328
2026-02-12 13:16:00+05:30,36.91999816894531,33398.19921875,2758.60009765625,1399.0999755859375,25346.25,90.5875015258789,11.717499732971191
2026-02-12 13:17:00+05:30,36.939998626708984,33400.6484375,2759.10009765625,1398.800048828125,25345.0,90.5824966430664,11.710000038146973
2026-02-12 13:18:00+05:30,36.970001220703125,33431.1484375,2761.800048828125,1400.0,25345.25,90.58499908447266,11.632499694824219
2026-02-12 13:19:00+05:30,36.959999084472656,33420.94921875,2760.800048828125,1399.9000244140625,25351.5,90.59249877929688,11.617500305175781
2026-02-12 13:20:00+05:30,36.91999816894531,33394.05078125,2756.800048828125,1398.0,25349.5,90.59500122070312,11.667499542236328
2026-02-12 13:21:00+05:30,36.91999816894531,33390.05078125,2757.300048828125,1398.300048828125,25348.5,90.60749816894531,11.675000190734863
2026-02-12 13:22:00+05:30,36.91999816894531,33394.30078125,2757.0,1398.5999755859375,25345.0,90.61499786376953,11.672499656677246
2026-02-12 13:23:00+05:30,36.939998626708984,33406.55078125,2757.800048828125,1399.300048828125,25343.0,90.625,11.654999732971191
2026-02-12 13:24:00+05:30,36.939998626708984,33407.75,2758.5,1399.5999755859375,25345.75,90.6050033569336,11.65250015258789
2026-02-12 13:25:00+05:30,36.959999084472656,33420.8984375,2760.199951171875,1400.5,25347.25,90.625,11.630000114440918
2026-02-12 13:26:00+05:30,36.97999954223633,33440.80078125,2762.10009765625,1400.5999755859375,25352.25,90.62249755859375,11.614999771118164
2026-02-12 13:27:00+05:30,36.97999954223633,33451.0,2762.800048828125,1400.5999755859375,25352.25,90.60749816894531,11.585000038146973
2026-02-12 13:28:00+05:30,36.959999084472656,33418.6484375,2761.0,1399.300048828125,25349.75,90.61000061035156,11.602499961853027
2026-02-12 13:29:00+05:30,36.91999816894531,33403.44921875,2759.60009765625,1398.199951171875,25351.0,90.61250305175781,11.550000190734863
2026-02-12 13:30:00+05:30,36.900001525878906,33374.6015625,2756.0,1397.0,25362.0,90.61250305175781,11.545000076293945
2026-02-12 13:31:00+05:30,36.880001068115234,33360.3515625,2755.5,1396.699951171875,25364.75,90.62249755859375,11.552499771118164
2026-02-12 13:32:00+05:30,36.900001525878906,33363.8984375,2755.5,1397.0999755859375,25357.75,90.62249755859375,11.529999732971191
2026-02-12 13:33:00+05:30,36.88999938964844,33362.0,2756.39990234375,1397.0,25362.5,90.61499786376953,11.520000457763672
2026-02-12 13:34:00+05:30,36.900001525878906,33379.05078125,2756.300048828125,1397.5,25361.5,90.61000061035156,11.510000228881836
2026-02-12 13:35:00+05:30,36.90999984741211,33377.0,2755.89990234375,1397.199951171875,25352.75,90.5739974975586,11.510000228881836
2026-02-12 13:36:00+05:30,36.900001525878906,33372.25,2755.5,1397.199951171875,25350.5,90.59750366210938,11.515000343322754
2026-02-12 13:37:00+05:30,36.90999984741211,33387.0,2756.5,1397.9000244140625,25363.75,90.60250091552734,11.487500190734863
2026-02-12 13:38:00+05:30,36.91999816894531,33396.6015625,2758.39990234375,1398.199951171875,25366.0,90.5875015258789,11.479999542236328
2026-02-12 13:39:00+05:30,36.91999816894531,33386.75,2756.0,1398.4000244140625,25363.5,90.5875015258789,11.479999542236328
2026-02-12 13:40:00+05:30,36.91999816894531,33383.5,2756.800048828125,1398.0999755859375,25360.75,90.58499908447266,11.494999885559082
2026-02-12 13:41:00+05:30,36.88999938964844,33365.75,2756.199951171875,1396.699951171875,25356.25,90.58499908447266,11.520000457763672
2026-02-12 13:42:00+05:30,36.88999938964844,33366.19921875,2755.800048828125,1397.0,25346.0,90.5824966430664,11.515000343322754
2026-02-12 13:43:00+05:30,36.880001068115234,33359.1015625,2755.300048828125,1396.4000244140625,25343.0,90.55400085449219,11.524999618530273
2026-02-12 13:44:00+05:30,36.84000015258789,33325.19921875,2755.0,1392.0,25350.5,90.5824966430664,11.542499542236328
2026-02-12 13:45:00+05:30,36.810001373291016,33297.30078125,2752.5,1391.800048828125,25353.75,90.58999633789062,11.587499618530273
2026-02-12 13:46:00+05:30,36.790000915527344,33287.25,2751.199951171875,1390.5,25351.25,90.60250091552734,11.604999542236328
2026-02-12 13:47:00+05:30,36.83000183105469,33307.5,2753.5,1391.0,25353.75,90.59750366210938,11.657500267028809
2026-02-12 13:48:00+05:30,36.81999969482422,33295.6015625,2751.300048828125,1390.199951171875,25354.0,90.58999633789062,11.682499885559082
2026-02-12 13:49:00+05:30,36.79999923706055,33285.75,2751.800048828125,1389.199951171875,25357.75,90.58999633789062,11.720000267028809
2026-02-12 13:50:00+05:30,36.779998779296875,33263.3515625,2749.5,1388.199951171875,25350.0,90.60250091552734,11.767499923706055
2026-02-12 13:51:00+05:30,36.77000045776367,33256.6015625,2748.199951171875,1388.800048828125,25348.5,90.59500122070312,11.774999618530273
2026-02-12 13:52:00+05:30,36.77000045776367,33259.05078125,2747.0,1389.0,25350.25,90.58999633789062,11.797499656677246
2026-02-12 13:53:00+05:30,36.77000045776367,33252.3515625,2746.89990234375,1389.199951171875,25348.75,90.59750366210938,11.789999961853027
2026-02-12 13:54:00+05:30,36.779998779296875,33262.8984375,2748.0,1389.800048828125,25346.5,90.5999984741211,11.800000190734863
2026-02-12 13:55:00+05:30,36.779998779296875,33270.6484375,2749.5,1389.9000244140625,25344.0,90.6050033569336,11.779999732971191
2026-02-12 13:56:00+05:30,36.790000915527344,33271.8984375,2748.5,1389.699951171875,25350.75,90.60250091552734,11.77750015258789
2026-02-12 13:57:00+05:30,36.779998779296875,33262.1484375,2748.199951171875,1389.300048828125,25343.75,90.5770034790039,11.789999961853027
2026-02-12 13:58:00+05:30,36.790000915527344,33276.30078125,2748.199951171875,1389.4000244140625,25341.25,90.5999984741211,11.77750015258789
2026-02-12 13:59:00+05:30,36.779998779296875,33265.25,2747.199951171875,1388.699951171875,25345.75,90.5999984741211,11.77750015258789
2026-02-12 14:00:00+05:30,36.77000045776367,33249.6015625,2747.39990234375,1388.199951171875,25346.0,90.5999984741211,11.789999961853027
2026-02-12 14:01:00+05:30,36.75,33238.8515625,2745.199951171875,1387.300048828125,25336.75,90.5999984741211,11.800000190734863
2026-02-12 14:02:00+05:30,36.7400016784668,33231.8984375,2744.300048828125,1386.699951171875,25334.25,90.56700134277344,11.800000190734863
2026-02-12 14:03:00+05:30,36.72999954223633,33227.55078125,2745.199951171875,1387.0999755859375,25333.5,90.58999633789062,11.8100004196167
2026-02-12 14:04:00+05:30,36.7400016784668,33245.75,2747.199951171875,1388.4000244140625,25331.5,90.56700134277344,11.795000076293945
2026-02-12 14:05:00+05:30,36.72999954223633,33217.75,2745.800048828125,1385.699951171875,25338.0,90.5999984741211,11.78499984741211
2026-02-12 14:06:00+05:30,36.75,33232.55078125,2748.39990234375,1386.9000244140625,25334.25,90.5999984741211,11.772500038146973
2026-02-12 14:07:00+05:30,36.7599983215332,33244.25,2748.699951171875,1387.300048828125,25331.0,90.59750366210938,11.787500381469727
2026-02-12 14:08:00+05:30,36.77000045776367,33258.1484375,2749.89990234375,1388.0,25330.75,90.57499694824219,11.765000343322754
2026-02-12 14:09:00+05:30,36.75,33247.30078125,2749.10009765625,1387.5999755859375,25326.25,90.6050033569336,11.782500267028809
2026-02-12 14:10:00+05:30,36.7400016784668,33228.1484375,2748.0,1386.199951171875,25333.25,90.60250091552734,11.792499542236328
2026-02-12 14:11:00+05:30,36.75,33241.3515625,2749.300048828125,1387.5,25334.25,90.6050033569336,11.792499542236328
2026-02-12 14:12:00+05:30,36.75,33233.55078125,2749.0,1387.199951171875,25334.25,90.59750366210938,11.78499984741211
2026-02-12 14:13:00+05:30,36.7400016784668,33227.6015625,2748.89990234375,1387.5,25331.5,90.59750366210938,11.782500267028809
2026-02-12 14:14:00+05:30,36.7400016784668,33238.1484375,2749.0,1387.9000244140625,25331.0,90.60250091552734,11.77750015258789
2026-02-12 14:15:00+05:30,36.7400016784668,33229.19921875,2749.699951171875,1387.199951171875,25337.25,90.61000061035156,11.797499656677246
2026-02-12 14:16:00+05:30,36.7400016784668,33222.25,2749.199951171875,1387.4000244140625,25334.0,90.6050033569336,11.8149995803833
2026-02-12 14:17:00+05:30,36.72999954223633,33219.0,2747.89990234375,1387.300048828125,25338.75,90.61499786376953,11.8149995803833
2026-02-12 14:18:00+05:30,36.72999954223633,33226.30078125,2748.300048828125,1387.300048828125,25334.25,90.58799743652344,11.817500114440918
2026-02-12 14:19:00+05:30,36.7400016784668,33231.80078125,2749.0,1387.699951171875,25330.75,90.61250305175781,11.845000267028809
2026-02-12 14:20:00+05:30,36.75,33244.8515625,2750.39990234375,1387.800048828125,25331.5,90.6050033569336,11.800000190734863
2026-02-12 14:21:00+05:30,36.779998779296875,33269.30078125,2753.60009765625,1389.699951171875,25329.75,90.61000061035156,11.789999961853027
2026-02-12 14:22:00+05:30,36.779998779296875,33282.5,2754.39990234375,1389.699951171875,25335.5,90.61499786376953,11.772500038146973
2026-02-12 14:23:00+05:30,36.79999923706055,33284.1484375,2754.0,1390.0,25347.25,90.62249755859375,11.755000114440918
2026-02-12 14:24:00+05:30,36.790000915527344,33280.75,2752.300048828125,1390.199951171875,25342.25,90.62000274658203,11.767499923706055
2026-02-12 14:25:00+05:30,36.79999923706055,33282.75,2751.800048828125,1389.5999755859375,25344.0,90.61750030517578,11.767499923706055
2026-02-12 14:26:00+05:30,36.790000915527344,33269.30078125,2750.5,1388.699951171875,25349.5,90.625,11.760000228881836
2026-02-12 14:27:00+05:30,36.779998779296875,33261.0,2750.0,1388.4000244140625,25357.25,90.625,11.774999618530273
2026-02-12 14:28:00+05:30,36.79999923706055,33282.0,2752.39990234375,1389.5999755859375,25357.5,90.62000274658203,11.779999732971191
2026-02-12 14:29:00+05:30,36.810001373291016,33292.6484375,2754.199951171875,1390.300048828125,25353.5,90.61499786376953,11.78499984741211
2026-02-12 14:30:00+05:30,36.79999923706055,33285.5,2754.39990234375,1389.800048828125,25350.5,90.61750030517578,11.792499542236328
2026-02-12 14:31:00+05:30,36.810001373291016,33300.94921875,2755.199951171875,1391.0999755859375,25353.5,90.61000061035156,11.770000457763672
2026-02-12 14:32:00+05:30,36.849998474121094,33321.8515625,2758.5,1392.0999755859375,25349.25,90.61750030517578,11.7524995803833
2026-02-12 14:33:00+05:30,36.84000015258789,33315.8984375,2758.199951171875,1392.300048828125,25351.0,90.61499786376953,11.737500190734863
2026-02-12 14:34:00+05:30,36.849998474121094,33331.1484375,2758.89990234375,1393.5999755859375,25353.0,90.61750030517578,11.710000038146973
2026-02-12 14:35:00+05:30,36.83000183105469,33310.0,2757.89990234375,1392.800048828125,25343.75,90.62249755859375,11.717499732971191
2026-02-12 14:36:00+05:30,36.83000183105469,33309.3984375,2758.0,1393.5,25344.0,90.625,11.694999694824219
2026-02-12 14:37:00+05:30,36.81999969482422,33307.44921875,2757.300048828125,1393.5999755859375,25348.25,90.62000274658203,11.720000267028809
2026-02-12 14:38:00+05:30,36.790000915527344,33277.30078125,2755.0,1391.699951171875,25349.25,90.62000274658203,11.737500190734863
2026-02-12 14:39:00+05:30,36.79999923706055,33281.3515625,2753.89990234375,1392.699951171875,25351.75,90.62249755859375,11.760000228881836
2026-02-12 14:40:00+05:30,36.81999969482422,33307.6484375,2756.699951171875,1394.800048828125,25363.0,90.62249755859375,11.7475004196167
2026-02-12 14:41:00+05:30,36.81999969482422,33302.8984375,2757.0,1393.9000244140625,25357.5,90.62249755859375,11.710000038146973
2026-02-12 14:42:00+05:30,36.83000183105469,33312.3515625,2757.5,1394.4000244140625,25353.5,90.62000274658203,11.672499656677246
2026-02-12 14:43:00+05:30,36.83000183105469,33307.6015625,2756.5,1393.9000244140625,25353.0,90.62000274658203,11.694999694824219
2026-02-12 14:44:00+05:30,36.81999969482422,33311.69921875,2757.60009765625,1393.9000244140625,25356.5,90.62000274658203,11.7524995803833
2026-02-12 14:45:00+05:30,36.810001373291016,33290.1484375,2756.300048828125,1393.0999755859375,25354.0,90.62000274658203,11.744999885559082
2026-02-12 14:46:00+05:30,36.77000045776367,33258.8984375,2751.39990234375,1391.699951171875,25355.5,90.62750244140625,11.762499809265137
2026-02-12 14:47:00+05:30,36.75,33247.19921875,2752.300048828125,1391.0,25360.75,90.59700012207031,11.819999694824219
2026-02-12 14:48:00+05:30,36.7599983215332,33247.8515625,2752.10009765625,1391.0,25355.75,90.62249755859375,12.0024995803833
2026-02-12 14:49:00+05:30,36.7599983215332,33246.75,2751.89990234375,1390.300048828125,25354.0,90.63999938964844,12.047499656677246
2026-02-12 14:50:00+05:30,36.75,33239.1484375,2750.10009765625,1389.800048828125,25351.75,90.63999938964844,12.037500381469727
2026-02-12 14:51:00+05:30,36.7599983215332,33239.44921875,2750.0,1389.9000244140625,25358.25,90.64250183105469,12.055000305175781
2026-02-12 14:52:00+05:30,36.77000045776367,33260.5,2751.10009765625,1390.0,25352.0,90.63999938964844,12.069999694824219
2026-02-12 14:53:00+05:30,36.7599983215332,33253.69921875,2750.300048828125,1389.9000244140625,25353.25,90.625,12.050000190734863
2026-02-12 14:54:00+05:30,36.7599983215332,33257.75,2751.0,1390.0,25353.25,90.61000061035156,12.045000076293945
2026-02-12 14:55:00+05:30,36.75,33252.69921875,2750.5,1390.0999755859375,25353.25,90.62999725341797,12.02750015258789
2026-02-12 14:56:00+05:30,36.77000045776367,33251.0,2750.5,1390.0,25357.0,90.63249969482422,12.015000343322754
2026-02-12 14:57:00+05:30,36.77000045776367,33250.69921875,2751.300048828125,1390.199951171875,25357.5,90.63500213623047,11.994999885559082
2026-02-12 14:58:00+05:30,36.7599983215332,33243.6484375,2750.5,1389.5999755859375,25353.5,90.63249969482422,11.979999542236328
2026-02-12 14:59:00+05:30,36.7599983215332,33240.44921875,2751.10009765625,1389.4000244140625,25349.5,90.62999725341797,11.979999542236328
2026-02-12 15:00:00+05:30,36.7400016784668,33228.80078125,2750.699951171875,1389.5,25345.0,90.62000274658203,11.925000190734863
2026-02-12 15:01:00+05:30,36.720001220703125,33203.94921875,2751.0,1388.0,25347.25,90.62750244140625,11.885000228881836
2026-02-12 15:02:00+05:30,36.720001220703125,33218.05078125,2752.60009765625,1388.0,25349.0,90.62000274658203,11.779999732971191
2026-02-12 15:03:00+05:30,36.72999954223633,33229.5,2755.89990234375,1389.0,25347.25,90.5979995727539,11.7475004196167
2026-02-12 15:04:00+05:30,36.75,33234.19921875,2754.300048828125,1389.699951171875,25350.75,90.625,11.717499732971191
2026-02-12 15:05:00+05:30,36.70000076293945,33186.8984375,2749.89990234375,1385.800048828125,25348.5,90.63500213623047,11.767499923706055
2026-02-12 15:06:00+05:30,36.68000030517578,33181.75,2749.89990234375,1385.300048828125,25350.0,90.61499786376953,11.795000076293945
2026-02-12 15:07:00+05:30,36.689998626708984,33184.44921875,2752.39990234375,1385.0999755859375,25352.0,90.6449966430664,11.845000267028809
2026-02-12 15:08:00+05:30,36.709999084472656,33209.25,2753.699951171875,1388.9000244140625,25355.0,90.63999938964844,11.779999732971191
2026-02-12 15:09:00+05:30,36.720001220703125,33209.55078125,2754.0,1389.0,25347.75,90.62699890136719,11.729999542236328
2026-02-12 15:10:00+05:30,36.70000076293945,33209.55078125,2754.5,1388.800048828125,25349.75,90.65249633789062,11.75
2026-02-12 15:11:00+05:30,36.689998626708984,33187.69921875,2753.10009765625,1387.5,25345.75,90.63749694824219,11.757499694824219
2026-02-12 15:12:00+05:30,36.68000030517578,33173.94921875,2752.60009765625,1386.800048828125,25347.25,90.61799621582031,11.697500228881836
2026-02-12 15:13:00+05:30,36.66999816894531,33171.44921875,2752.60009765625,1386.699951171875,25348.25,90.64250183105469,11.6875
2026-02-12 15:14:00+05:30,36.66999816894531,33163.5,2751.699951171875,1386.5999755859375,25343.25,90.625,11.720000267028809
2026-02-12 15:15:00+05:30,36.68000030517578,33172.69921875,2752.800048828125,1387.199951171875,25341.75,90.62999725341797,11.720000267028809
2026-02-12 15:16:00+05:30,36.65999984741211,33160.94921875,2751.5,1386.4000244140625,25335.25,90.63249969482422,11.744999885559082
2026-02-12 15:17:00+05:30,36.63999938964844,33147.94921875,2750.89990234375,1385.5999755859375,25337.75,90.63749694824219,11.710000038146973
2026-02-12 15:18:00+05:30,36.650001525878906,33144.3515625,2750.199951171875,1386.0999755859375,25338.5,90.63999938964844,11.6899995803833
2026-02-12 15:19:00+05:30,36.650001525878906,33149.3984375,2751.10009765625,1385.9000244140625,25338.25,90.62799835205078,11.640000343322754
2026-02-12 15:20:00+05:30,36.630001068115234,33153.6015625,2751.0,1385.5,25344.0,90.63749694824219,11.635000228881836
2026-02-12 15:21:00+05:30,36.619998931884766,33144.3984375,2750.699951171875,1385.4000244140625,25344.75,90.63749694824219,11.625
2026-02-12 15:22:00+05:30,36.61000061035156,33125.19921875,2750.199951171875,1384.300048828125,25346.5,90.63500213623047,11.619999885559082
2026-02-12 15:23:00+05:30,36.619998931884766,33125.1015625,2751.0,1383.9000244140625,25346.5,90.63749694824219,11.635000228881836
2026-02-12 15:24:00+05:30,36.619998931884766,33115.0,2748.89990234375,1383.0999755859375,25352.0,90.61299896240234,11.657500267028809
2026-02-12 15:25:00+05:30,36.59000015258789,33092.1484375,2746.5,1382.5999755859375,25349.25,90.64749908447266,11.647500038146973
2026-02-12 15:26:00+05:30,36.59000015258789,33091.94921875,2744.5,1383.199951171875,25349.25,90.65249633789062,11.632499694824219
2026-02-12 15:27:00+05:30,36.58000183105469,33080.5,2742.89990234375,1383.0,25352.25,90.64250183105469,11.635000228881836
2026-02-12 15:28:00+05:30,36.59000015258789,33080.69921875,2741.89990234375,1383.0999755859375,25355.25,90.63249969482422,11.654999732971191
2026-02-12 15:29:00+05:30,36.63999938964844,33080.75,2741.800048828125,1384.0,25355.75,90.5999984741211,11.737500190734863
2026-02-12 15:30:00+05:30,36.63999938964844,33080.75,2741.800048828125,1384.0,25352.75,90.58999633789062,11.737500190734863
2026-02-13 09:00:00+05:30,36.63999938964844,33080.75,2741.800048828125,1384.0,24779.25,90.66000366210938,11.737500190734863
2026-02-13 09:01:00+05:30,36.63999938964844,33080.75,2741.800048828125,1384.0,24781.0,90.69000244140625,11.737500190734863
2026-02-13 09:02:00+05:30,36.63999938964844,33080.75,2741.800048828125,1384.0,24782.75,90.68000030517578,11.737500190734863
2026-02-13 09:03:00+05:30,36.63999938964844,33080.75,2741.800048828125,1384.0,24792.75,90.67250061035156,11.737500190734863
2026-02-13 09:04:00+05:30,36.63999938964844,33080.75,2741.800048828125,1384.0,24787.25,90.68000030517578,11.737500190734863
2026-02-13 09:05:00+05:30,36.63999938964844,33080.75,2741.800048828125,1384.0,24789.25,90.66999816894531,11.737500190734863
2026-02-13 09:06:00+05:30,36.63999938964844,33080.75,2741.800048828125,1384.0,24790.25,90.68000030517578,11.737500190734863
2026-02-13 09:07:00+05:30,36.63999938964844,33080.75,2741.800048828125,1384.0,24789.0,90.66000366210938,11.737500190734863
2026-02-13 09:08:00+05:30,36.63999938964844,33080.75,2741.800048828125,1384.0,24788.0,90.66799926757812,11.737500190734863
2026-02-13 09:09:00+05:30,36.63999938964844,33080.75,2741.800048828125,1384.0,24789.0,90.68000030517578,11.737500190734863
2026-02-13 09:10:00+05:30,36.63999938964844,33080.75,2741.800048828125,1384.0,24782.0,90.66500091552734,11.737500190734863
2026-02-13 09:11:00+05:30,36.63999938964844,33080.75,2741.800048828125,1384.0,24777.75,90.67500305175781,11.737500190734863
2026-02-13 09:12:00+05:30,36.63999938964844,33080.75,2741.800048828125,1384.0,24780.5,90.6675033569336,11.737500190734863
2026-02-13 09:13:00+05:30,36.63999938964844,33080.75,2741.800048828125,1384.0,24779.75,90.66000366210938,11.737500190734863
2026-02-13 09:14:00+05:30,36.63999938964844,33080.75,2741.800048828125,1384.0,24782.75,90.65249633789062,11.737500190734863
2026-02-13 09:15:00+05:30,34.81999969482422,31469.94921875,2600.60009765625,1285.0999755859375,24787.0,90.65750122070312,12.242500305175781
2026-02-13 09:16:00+05:30,35.13999938964844,31783.25,2622.0,1309.0,24777.0,90.65249633789062,12.335000038146973
2026-02-13 09:17:00+05:30,35.290000915527344,31858.80078125,2630.800048828125,1316.699951171875,24769.75,90.65750122070312,12.307499885559082
2026-02-13 09:18:00+05:30,35.25,31806.25,2617.89990234375,1318.300048828125,24773.0,90.63999938964844,12.207500457763672
2026-02-13 09:19:00+05:30,35.099998474121094,31732.900390625,2612.0,1313.9000244140625,24769.0,90.66500091552734,12.207500457763672
2026-02-13 09:20:00+05:30,35.099998474121094,31706.150390625,2610.800048828125,1311.800048828125,24774.5,90.64199829101562,12.272500038146973
2026-02-13 09:21:00+05:30,35.04999923706055,31665.099609375,2603.89990234375,1311.199951171875,24772.0,90.63999938964844,12.229999542236328
2026-02-13 09:22:00+05:30,34.97999954223633,31610.849609375,2597.199951171875,1308.0999755859375,24770.0,90.63999938964844,12.2475004196167
2026-02-13 09:23:00+05:30,35.099998474121094,31745.25,2612.5,1315.699951171875,24770.0,90.6500015258789,12.199999809265137
2026-02-13 09:24:00+05:30,35.150001525878906,31769.900390625,2612.60009765625,1315.4000244140625,24754.0,90.65750122070312,12.1274995803833
2026-02-13 09:25:00+05:30,35.099998474121094,31718.599609375,2612.60009765625,1313.0999755859375,24751.25,90.65499877929688,12.1225004196167
2026-02-13 09:26:00+05:30,35.04999923706055,31685.55078125,2609.199951171875,1310.300048828125,24756.75,90.63200378417969,12.15250015258789
2026-02-13 09:27:00+05:30,35.09000015258789,31710.650390625,2613.300048828125,1310.699951171875,24750.75,90.65750122070312,12.130000114440918
2026-02-13 09:28:00+05:30,35.130001068115234,31742.900390625,2615.0,1314.199951171875,24756.0,90.66000366210938,12.109999656677246
2026-02-13 09:29:00+05:30,35.130001068115234,31747.400390625,2611.89990234375,1315.0,24750.25,90.66500091552734,12.104999542236328
2026-02-13 09:30:00+05:30,35.02000045776367,31641.05078125,2606.199951171875,1307.0999755859375,24749.0,90.6449966430664,12.15250015258789
2026-02-13 09:31:00+05:30,35.04999923706055,31675.099609375,2609.10009765625,1307.199951171875,24753.75,90.66000366210938,12.162500381469727
2026-02-13 09:32:00+05:30,35.0099983215332,31648.349609375,2608.800048828125,1304.0999755859375,24754.75,90.66500091552734,12.204999923706055
2026-02-13 09:33:00+05:30,35.06999969482422,31693.650390625,2610.800048828125,1306.699951171875,24750.75,90.66000366210938,12.172499656677246
2026-02-13 09:34:00+05:30,35.040000915527344,31644.349609375,2609.10009765625,1303.0,24752.5,90.66000366210938,12.239999771118164
2026-02-13 09:35:00+05:30,34.970001220703125,31603.55078125,2604.300048828125,1300.5,24758.25,90.66500091552734,12.212499618530273
2026-02-13 09:36:00+05:30,35.0,31622.5,2605.60009765625,1301.0999755859375,24757.25,90.6520004272461,12.3100004196167
2026-02-13 09:37:00+05:30,35.0,31626.599609375,2606.0,1301.300048828125,24756.0,90.66999816894531,12.3149995803833
2026-02-13 09:38:00+05:30,34.970001220703125,31601.900390625,2606.0,1300.9000244140625,24751.75,90.6675033569336,12.292499542236328
2026-02-13 09:39:00+05:30,34.90999984741211,31548.80078125,2604.800048828125,1298.0,24755.75,90.67500305175781,12.255000114440918
2026-02-13 09:40:00+05:30,34.95000076293945,31586.099609375,2606.5,1299.9000244140625,24760.25,90.65499877929688,12.305000305175781
2026-02-13 09:41:00+05:30,35.02000045776367,31645.900390625,2612.800048828125,1302.4000244140625,24765.75,90.68000030517578,12.267499923706055
2026-02-13 09:42:00+05:30,35.029998779296875,31660.69921875,2616.0,1301.9000244140625,24762.5,90.68000030517578,12.2475004196167
2026-02-13 09:43:00+05:30,35.16999816894531,31779.05078125,2627.60009765625,1310.4000244140625,24765.5,90.67749786376953,12.199999809265137
2026-02-13 09:44:00+05:30,35.130001068115234,31746.5,2626.0,1308.0,24768.75,90.67250061035156,12.197500228881836
2026-02-13 09:45:00+05:30,35.08000183105469,31699.599609375,2621.300048828125,1306.300048828125,24782.0,90.68000030517578,12.197500228881836
2026-02-13 09:46:00+05:30,35.040000915527344,31661.05078125,2618.60009765625,1304.5,24794.75,90.67749786376953,12.157500267028809
2026-02-13 09:47:00+05:30,35.02000045776367,31644.94921875,2618.0,1303.300048828125,24796.75,90.65799713134766,12.207500457763672
2026-02-13 09:48:00+05:30,35.04999923706055,31674.94921875,2619.5,1304.0999755859375,24789.5,90.67749786376953,12.197500228881836
2026-02-13 09:49:00+05:30,35.0099983215332,31646.69921875,2619.0,1302.0,24786.0,90.67749786376953,12.229999542236328
2026-02-13 09:50:00+05:30,34.939998626708984,31573.30078125,2617.199951171875,1300.0999755859375,24779.75,90.67250061035156,12.227499961853027
2026-02-13 09:51:00+05:30,34.959999084472656,31602.900390625,2618.60009765625,1300.5999755859375,24780.0,90.68000030517578,12.199999809265137
2026-02-13 09:52:00+05:30,34.970001220703125,31606.69921875,2618.0,1301.0999755859375,24778.5,90.67749786376953,12.170000076293945
2026-02-13 09:53:00+05:30,35.0,31623.55078125,2621.199951171875,1302.4000244140625,24783.5,90.67749786376953,12.167499542236328
2026-02-13 09:54:00+05:30,34.9900016784668,31627.599609375,2624.0,1301.300048828125,24782.25,90.68000030517578,12.192500114440918
2026-02-13 09:55:00+05:30,34.9900016784668,31626.80078125,2627.60009765625,1299.5999755859375,24785.75,90.6449966430664,12.194999694824219
2026-02-13 09:56:00+05:30,34.939998626708984,31579.05078125,2621.0,1299.199951171875,24785.5,90.67500305175781,12.234999656677246
2026-02-13 09:57:00+05:30,34.90999984741211,31550.30078125,2618.60009765625,1298.699951171875,24784.5,90.66999816894531,12.242500305175781
2026-02-13 09:58:00+05:30,34.880001068115234,31525.900390625,2614.89990234375,1297.699951171875,24785.25,90.66500091552734,12.242500305175781
2026-02-13 09:59:00+05:30,34.869998931884766,31503.25,2614.0,1297.0,24784.0,90.6675033569336,12.270000457763672
2026-02-13 10:00:00+05:30,34.869998931884766,31514.099609375,2613.699951171875,1296.699951171875,24783.0,90.66500091552734,12.262499809265137
2026-02-13 10:01:00+05:30,34.939998626708984,31580.80078125,2618.60009765625,1301.0,24783.5,90.63899993896484,12.207500457763672
2026-02-13 10:02:00+05:30,34.959999084472656,31588.599609375,2621.5,1301.4000244140625,24776.0,90.66999816894531,12.242500305175781
2026-02-13 10:03:00+05:30,34.95000076293945,31576.349609375,2619.699951171875,1301.699951171875,24772.25,90.6675033569336,12.2524995803833
2026-02-13 10:04:00+05:30,34.959999084472656,31586.19921875,2619.10009765625,1301.5999755859375,24769.5,90.66999816894531,12.2524995803833
2026-02-13 10:05:00+05:30,34.91999816894531,31548.599609375,2615.89990234375,1300.5,24766.0,90.63999938964844,12.234999656677246
2026-02-13 10:06:00+05:30,34.93000030517578,31564.400390625,2617.39990234375,1301.0,24769.5,90.6624984741211,12.25
2026-02-13 10:07:00+05:30,34.939998626708984,31569.849609375,2618.699951171875,1300.699951171875,24772.0,90.67250061035156,12.25
2026-02-13 10:08:00+05:30,34.90999984741211,31550.650390625,2614.10009765625,1300.199951171875,24764.75,90.67749786376953,12.279999732971191
2026-02-13 10:09:00+05:30,34.91999816894531,31558.650390625,2614.89990234375,1301.0,24763.0,90.68000030517578,12.279999732971191
2026-02-13 10:10:00+05:30,34.900001525878906,31539.150390625,2613.199951171875,1299.4000244140625,24762.75,90.68250274658203,12.2475004196167
2026-02-13 10:11:00+05:30,34.900001525878906,31537.650390625,2614.5,1299.9000244140625,24766.75,90.67749786376953,12.237500190734863
2026-02-13 10:12:00+05:30,34.90999984741211,31541.30078125,2613.10009765625,1299.9000244140625,24766.25,90.68250274658203,12.225000381469727
2026-02-13 10:13:00+05:30,34.900001525878906,31536.44921875,2613.800048828125,1299.300048828125,24762.75,90.68250274658203,12.260000228881836
2026-02-13 10:14:00+05:30,34.93000030517578,31558.05078125,2614.89990234375,1299.9000244140625,24760.5,90.68000030517578,12.25
2026-02-13 10:15:00+05:30,34.90999984741211,31547.349609375,2612.60009765625,1300.0,24761.75,90.68000030517578,12.257499694824219
2026-02-13 10:16:00+05:30,34.91999816894531,31566.650390625,2613.0,1301.9000244140625,24764.0,90.68499755859375,12.300000190734863
2026-02-13 10:17:00+05:30,34.93000030517578,31559.349609375,2613.89990234375,1301.800048828125,24758.0,90.68499755859375,12.335000038146973
2026-02-13 10:18:00+05:30,34.93000030517578,31565.900390625,2614.800048828125,1301.5,24760.5,90.68499755859375,12.3149995803833
2026-02-13 10:19:00+05:30,34.900001525878906,31549.0,2613.699951171875,1300.699951171875,24760.25,90.67749786376953,12.345000267028809
2026-02-13 10:20:00+05:30,34.959999084472656,31593.44921875,2617.5,1302.0,24765.75,90.65799713134766,12.317500114440918
2026-02-13 10:21:00+05:30,34.959999084472656,31581.650390625,2618.699951171875,1300.199951171875,24758.25,90.68000030517578,12.354999542236328
2026-02-13 10:22:00+05:30,34.95000076293945,31590.69921875,2618.39990234375,1301.199951171875,24755.75,90.68250274658203,12.352499961853027
2026-02-13 10:23:00+05:30,35.08000183105469,31709.650390625,2634.39990234375,1304.800048828125,24758.75,90.67749786376953,12.270000457763672
2026-02-13 10:24:00+05:30,35.130001068115234,31763.69921875,2636.10009765625,1307.300048828125,24757.0,90.68499755859375,12.272500038146973
2026-02-13 10:25:00+05:30,35.209999084472656,31821.94921875,2642.89990234375,1310.0,24764.25,90.68250274658203,12.257499694824219
2026-02-13 10:26:00+05:30,35.22999954223633,31852.69921875,2646.300048828125,1311.5999755859375,24765.75,90.68000030517578,12.25
2026-02-13 10:27:00+05:30,35.209999084472656,31835.80078125,2642.5,1312.0999755859375,24760.0,90.69000244140625,12.239999771118164
2026-02-13 10:28:00+05:30,35.22999954223633,31830.69921875,2641.800048828125,1312.800048828125,24762.5,90.6875,12.2475004196167
2026-02-13 10:29:00+05:30,35.279998779296875,31877.69921875,2643.699951171875,1315.199951171875,24762.5,90.69000244140625,12.265000343322754
2026-02-13 10:30:00+05:30,35.31999969482422,31960.650390625,2648.89990234375,1319.5,24762.5,90.70999908447266,12.244999885559082
2026-02-13 10:31:00+05:30,35.279998779296875,31915.849609375,2646.60009765625,1317.0,24762.5,90.70999908447266,12.295000076293945
2026-02-13 10:32:00+05:30,35.34000015258789,31958.44921875,2649.199951171875,1318.699951171875,24762.5,90.7074966430664,12.217499732971191
2026-02-13 10:33:00+05:30,35.400001525878906,31986.75,2650.800048828125,1320.0,24762.5,90.70500183105469,12.260000228881836
2026-02-13 10:34:00+05:30,35.45000076293945,32037.25,2654.0,1320.0,24762.5,90.7125015258789,12.177499771118164
2026-02-13 10:35:00+05:30,35.529998779296875,32110.69921875,2656.5,1324.5,24762.5,90.70999908447266,12.180000305175781
2026-02-13 10:36:00+05:30,35.459999084472656,32032.55078125,2646.10009765625,1321.199951171875,24762.5,90.68399810791016,12.220000267028809
2026-02-13 10:37:00+05:30,35.470001220703125,32049.099609375,2650.0,1321.4000244140625,24762.5,90.71749877929688,12.194999694824219
2026-02-13 10:38:00+05:30,35.5099983215332,32081.099609375,2653.5,1323.300048828125,24762.5,90.71499633789062,12.170000076293945
2026-02-13 10:39:00+05:30,35.560001373291016,32126.349609375,2658.699951171875,1324.0,24764.0,90.70999908447266,12.162500381469727
2026-02-13 10:40:00+05:30,35.56999969482422,32142.349609375,2661.0,1324.9000244140625,24760.25,90.69200134277344,12.177499771118164
2026-02-13 10:41:00+05:30,35.52000045776367,32099.349609375,2658.199951171875,1323.0,24756.25,90.69200134277344,12.217499732971191
2026-02-13 10:42:00+05:30,35.599998474121094,32184.650390625,2664.5,1325.9000244140625,24754.0,90.71499633789062,12.180000305175781
2026-02-13 10:43:00+05:30,35.61000061035156,32184.650390625,2665.10009765625,1326.699951171875,24756.5,90.71499633789062,12.15999984741211
2026-02-13 10:44:00+05:30,35.599998474121094,32193.099609375,2665.89990234375,1327.5,24750.5,90.7300033569336,12.1850004196167
2026-02-13 10:45:00+05:30,35.599998474121094,32172.349609375,2661.60009765625,1327.0,24738.0,90.70999908447266,12.225000381469727
2026-02-13 10:46:00+05:30,35.58000183105469,32162.849609375,2664.199951171875,1327.5,24745.0,90.73249816894531,12.197500228881836
2026-02-13 10:47:00+05:30,35.56999969482422,32147.900390625,2660.0,1327.0999755859375,24736.5,90.73500061035156,12.197500228881836
2026-02-13 10:48:00+05:30,35.58000183105469,32176.55078125,2663.199951171875,1329.5999755859375,24737.0,90.73500061035156,12.220000267028809
2026-02-13 10:49:00+05:30,35.599998474121094,32187.80078125,2664.0,1329.4000244140625,24738.0,90.73500061035156,12.242500305175781
2026-02-13 10:50:00+05:30,35.56999969482422,32131.599609375,2660.60009765625,1325.9000244140625,24739.75,90.73500061035156,12.262499809265137
2026-02-13 10:51:00+05:30,35.54999923706055,32129.099609375,2660.800048828125,1324.5,24738.0,90.73500061035156,12.227499961853027
2026-02-13 10:52:00+05:30,35.630001068115234,32218.849609375,2667.39990234375,1330.199951171875,24735.75,90.74500274658203,12.260000228881836
2026-02-13 10:53:00+05:30,35.56999969482422,32170.599609375,2664.199951171875,1327.0999755859375,24739.5,90.73750305175781,12.265000343322754
2026-02-13 10:54:00+05:30,35.58000183105469,32159.5,2662.0,1326.0,24721.75,90.73750305175781,12.260000228881836
2026-02-13 10:55:00+05:30,35.58000183105469,32171.5,2664.699951171875,1327.199951171875,24720.75,90.74250030517578,12.237500190734863
2026-02-13 10:56:00+05:30,35.58000183105469,32194.05078125,2669.89990234375,1328.5,24714.25,90.73999786376953,12.242500305175781
2026-02-13 10:57:00+05:30,35.560001373291016,32148.599609375,2664.300048828125,1326.0,24712.0,90.73999786376953,12.2475004196167
2026-02-13 10:58:00+05:30,35.529998779296875,32131.19921875,2661.5,1326.4000244140625,24715.0,90.71700286865234,12.279999732971191
2026-02-13 10:59:00+05:30,35.560001373291016,32143.94921875,2661.89990234375,1328.0,24707.0,90.68800354003906,12.282500267028809
2026-02-13 11:00:00+05:30,35.54999923706055,32139.75,2661.300048828125,1328.0,24711.75,90.69999694824219,12.327500343322754
2026-02-13 11:01:00+05:30,35.540000915527344,32123.69921875,2660.800048828125,1326.699951171875,24709.5,90.72250366210938,12.342499732971191
2026-02-13 11:02:00+05:30,35.439998626708984,32023.25,2654.10009765625,1320.199951171875,24714.5,90.71749877929688,12.345000267028809
2026-02-13 11:03:00+05:30,35.459999084472656,32055.900390625,2662.39990234375,1321.300048828125,24720.25,90.6989974975586,12.324999809265137
2026-02-13 11:04:00+05:30,35.40999984741211,32005.55078125,2655.699951171875,1319.300048828125,24716.0,90.72000122070312,12.357500076293945
2026-02-13 11:05:00+05:30,35.40999984741211,32005.94921875,2654.0,1319.5999755859375,24714.25,90.7300033569336,12.385000228881836
2026-02-13 11:06:00+05:30,35.439998626708984,32031.94921875,2656.60009765625,1320.4000244140625,24728.0,90.7040023803711,12.362500190734863
2026-02-13 11:07:00+05:30,35.4900016784668,32076.900390625,2658.800048828125,1323.199951171875,24706.0,90.7300033569336,12.380000114440918
2026-02-13 11:08:00+05:30,35.47999954223633,32069.19921875,2656.0,1324.5,24704.75,90.72750091552734,12.367500305175781
2026-02-13 11:09:00+05:30,35.5,32083.05078125,2658.60009765625,1325.5999755859375,24699.0,90.72000122070312,12.397500038146973
2026-02-13 11:10:00+05:30,35.529998779296875,32109.5,2660.89990234375,1326.699951171875,24692.5,90.72250366210938,12.367500305175781
2026-02-13 11:11:00+05:30,35.56999969482422,32144.80078125,2663.0,1328.800048828125,24704.25,90.70500183105469,12.380000114440918
2026-02-13 11:12:00+05:30,35.599998474121094,32183.349609375,2664.5,1330.5999755859375,24721.25,90.6989974975586,12.385000228881836
2026-02-13 11:13:00+05:30,35.630001068115234,32220.599609375,2667.800048828125,1330.9000244140625,24710.75,90.72750091552734,12.369999885559082
2026-02-13 11:14:00+05:30,35.689998626708984,32285.0,2670.199951171875,1335.0,24712.5,90.7300033569336,12.345000267028809
2026-02-13 11:15:00+05:30,35.650001525878906,32230.75,2666.699951171875,1331.699951171875,24716.0,90.72750091552734,12.364999771118164
2026-02-13 11:16:00+05:30,35.650001525878906,32241.400390625,2667.699951171875,1332.300048828125,24719.5,90.7249984741211,12.385000228881836
2026-02-13 11:17:00+05:30,35.63999938964844,32222.349609375,2666.60009765625,1331.0,24728.25,90.72250366210938,12.430000305175781
2026-02-13 11:18:00+05:30,35.619998931884766,32219.150390625,2667.89990234375,1331.0999755859375,24723.0,90.70999908447266,12.4399995803833
2026-02-13 11:19:00+05:30,35.65999984741211,32232.55078125,2671.5,1330.5999755859375,24725.25,90.7300033569336,12.4375
2026-02-13 11:20:00+05:30,35.650001525878906,32224.19921875,2671.10009765625,1330.5999755859375,24716.25,90.7249984741211,12.4375
2026-02-13 11:21:00+05:30,35.63999938964844,32198.80078125,2669.0,1329.5,24719.75,90.70999908447266,12.4399995803833
2026-02-13 11:22:00+05:30,35.599998474121094,32186.150390625,2665.0,1330.800048828125,24711.5,90.7300033569336,12.457500457763672
2026-02-13 11:23:00+05:30,35.650001525878906,32226.94921875,2668.39990234375,1333.699951171875,24707.75,90.72000122070312,12.449999809265137
2026-02-13 11:24:00+05:30,35.68000030517578,32246.400390625,2669.39990234375,1335.0,24697.75,90.72250366210938,12.457500457763672
2026-02-13 11:25:00+05:30,35.66999816894531,32239.80078125,2669.10009765625,1334.699951171875,24716.0,90.7249984741211,12.4350004196167
2026-02-13 11:26:00+05:30,35.720001220703125,32311.849609375,2676.800048828125,1338.199951171875,24718.25,90.72250366210938,12.4375
2026-02-13 11:27:00+05:30,35.72999954223633,32303.099609375,2677.10009765625,1336.4000244140625,24718.0,90.72750091552734,12.430000305175781
2026-02-13 11:28:00+05:30,35.720001220703125,32287.599609375,2674.699951171875,1334.9000244140625,24714.75,90.73249816894531,12.427499771118164
2026-02-13 11:29:00+05:30,35.7400016784668,32300.0,2674.0,1335.300048828125,24712.5,90.73249816894531,12.414999961853027
2026-02-13 11:30:00+05:30,35.70000076293945,32269.94921875,2671.5,1333.5999755859375,24712.25,90.7300033569336,12.479999542236328
2026-02-13 11:31:00+05:30,35.689998626708984,32282.650390625,2673.199951171875,1334.300048828125,24711.5,90.71499633789062,12.460000038146973
2026-02-13 11:32:00+05:30,35.689998626708984,32266.30078125,2670.800048828125,1332.800048828125,24722.25,90.74500274658203,12.494999885559082
2026-02-13 11:33:00+05:30,35.709999084472656,32277.30078125,2670.800048828125,1333.800048828125,24716.75,90.73750305175781,12.482500076293945
2026-02-13 11:34:00+05:30,35.689998626708984,32271.19921875,2672.10009765625,1333.0,24707.5,90.7229995727539,12.507499694824219
2026-02-13 11:35:00+05:30,35.689998626708984,32277.25,2670.89990234375,1334.199951171875,24715.0,90.74250030517578,12.492500305175781
2026-02-13 11:36:00+05:30,35.68000030517578,32251.900390625,2670.0,1333.5999755859375,24724.5,90.74250030517578,12.505000114440918
2026-02-13 11:37:00+05:30,35.68000030517578,32243.55078125,2670.300048828125,1332.4000244140625,24723.5,90.73750305175781,12.487500190734863
2026-02-13 11:38:00+05:30,35.70000076293945,32264.5,2670.699951171875,1333.5,24719.25,90.73249816894531,12.494999885559082
2026-02-13 11:39:00+05:30,35.75,32339.05078125,2674.0,1339.699951171875,24724.75,90.72750091552734,12.522500038146973
2026-02-13 11:40:00+05:30,35.75,32342.75,2674.300048828125,1340.0999755859375,24729.75,90.7300033569336,12.507499694824219
2026-02-13 11:41:00+05:30,35.779998779296875,32385.400390625,2679.199951171875,1343.5999755859375,24725.0,90.73500061035156,12.5
2026-02-13 11:42:00+05:30,35.83000183105469,32403.30078125,2677.800048828125,1344.199951171875,24714.75,90.73500061035156,12.5024995803833
2026-02-13 11:43:00+05:30,35.83000183105469,32423.94921875,2680.800048828125,1345.199951171875,24719.75,90.7300033569336,12.505000114440918
2026-02-13 11:44:00+05:30,35.93000030517578,32490.349609375,2686.0,1348.5999755859375,24718.75,90.73500061035156,12.449999809265137
2026-02-13 11:45:00+05:30,35.91999816894531,32493.19921875,2685.5,1347.300048828125,24710.0,90.7300033569336,12.444999694824219
2026-02-13 11:46:00+05:30,35.880001068115234,32469.69921875,2681.89990234375,1347.199951171875,24718.75,90.73500061035156,12.444999694824219
2026-02-13 11:47:00+05:30,35.90999984741211,32460.349609375,2683.0,1345.9000244140625,24724.75,90.73500061035156,12.4350004196167
2026-02-13 11:48:00+05:30,35.95000076293945,32504.94921875,2687.89990234375,1348.0,24725.75,90.7300033569336,12.444999694824219
2026-02-13 11:49:00+05:30,35.970001220703125,32518.349609375,2688.39990234375,1347.5,24729.25,90.73500061035156,12.4375
2026-02-13 11:50:00+05:30,36.0,32546.75,2689.10009765625,1349.300048828125,24724.75,90.73500061035156,12.432499885559082
2026-02-13 11:51:00+05:30,36.02000045776367,32570.400390625,2690.0,1350.699951171875,24718.5,90.73249816894531,12.442500114440918
2026-02-13 11:52:00+05:30,36.029998779296875,32570.349609375,2689.699951171875,1351.300048828125,24698.75,90.7300033569336,12.430000305175781
2026-02-13 11:53:00+05:30,36.06999969482422,32609.55078125,2692.10009765625,1354.5999755859375,24704.75,90.73249816894531,12.4375
2026-02-13 11:54:00+05:30,36.029998779296875,32572.25,2689.10009765625,1351.300048828125,24702.0,90.73249816894531,12.454999923706055
2026-02-13 11:55:00+05:30,36.08000183105469,32609.69921875,2691.89990234375,1354.5,24689.25,90.70999908447266,12.452500343322754
2026-02-13 11:56:00+05:30,36.06999969482422,32595.849609375,2691.0,1353.5,24685.0,90.73999786376953,12.470000267028809
2026-02-13 11:57:00+05:30,36.06999969482422,32589.849609375,2690.199951171875,1353.5999755859375,24685.5,90.73999786376953,12.467499732971191
2026-02-13 11:58:00+05:30,36.04999923706055,32570.69921875,2688.300048828125,1353.0,24683.25,90.74250030517578,12.482500076293945
2026-02-13 11:59:00+05:30,36.060001373291016,32595.099609375,2688.800048828125,1353.800048828125,24686.5,90.73999786376953,12.477499961853027
2026-02-13 12:00:00+05:30,36.040000915527344,32587.349609375,2690.800048828125,1353.699951171875,24671.25,90.7229995727539,12.477499961853027
2026-02-13 12:01:00+05:30,36.060001373291016,32593.099609375,2689.0,1355.4000244140625,24679.5,90.74250030517578,12.47249984741211
2026-02-13 12:02:00+05:30,36.08000183105469,32616.5,2688.699951171875,1356.4000244140625,24664.25,90.73999786376953,12.489999771118164
2026-02-13 12:03:00+05:30,36.04999923706055,32599.30078125,2687.5,1355.5,24671.5,90.73999786376953,12.5024995803833
2026-02-13 12:04:00+05:30,36.08000183105469,32620.650390625,2688.5,1356.800048828125,24676.75,90.74250030517578,12.5024995803833
2026-02-13 12:05:00+05:30,36.15999984741211,32699.0,2694.89990234375,1359.0999755859375,24664.0,90.73999786376953,12.492500305175781
2026-02-13 12:06:00+05:30,36.279998779296875,32820.80078125,2702.5,1365.0999755859375,24653.0,90.69999694824219,12.492500305175781
2026-02-13 12:07:00+05:30,36.290000915527344,32811.6484375,2700.0,1365.0,24647.25,90.7300033569336,12.487500190734863
2026-02-13 12:08:00+05:30,36.2599983215332,32764.44921875,2697.0,1363.0999755859375,24650.5,90.73750305175781,12.492500305175781
2026-02-13 12:09:00+05:30,36.29999923706055,32811.6015625,2699.10009765625,1366.199951171875,24657.0,90.73500061035156,12.489999771118164
2026-02-13 12:10:00+05:30,36.29999923706055,32812.3984375,2698.800048828125,1366.0,24658.75,90.72250366210938,12.460000038146973
2026-02-13 12:11:00+05:30,36.34000015258789,32860.05078125,2703.0,1369.4000244140625,24665.25,90.71700286865234,12.484999656677246
2026-02-13 12:12:00+05:30,36.29999923706055,32840.69921875,2701.60009765625,1370.0,24653.75,90.73999786376953,12.475000381469727
2026-02-13 12:13:00+05:30,36.25,32786.05078125,2699.300048828125,1368.0999755859375,24666.5,90.74250030517578,12.492500305175781
2026-02-13 12:14:00+05:30,36.290000915527344,32807.1484375,2700.10009765625,1369.0999755859375,24664.25,90.73999786376953,12.494999885559082
2026-02-13 12:15:00+05:30,36.290000915527344,32792.75,2701.300048828125,1368.300048828125,24659.75,90.74250030517578,12.475000381469727
2026-02-13 12:16:00+05:30,36.16999816894531,32727.0,2698.300048828125,1363.0999755859375,24679.5,90.73500061035156,12.489999771118164
2026-02-13 12:17:00+05:30,36.15999984741211,32678.900390625,2692.300048828125,1361.300048828125,24668.25,90.73999786376953,12.489999771118164
2026-02-13 12:18:00+05:30,36.20000076293945,32719.69921875,2696.699951171875,1364.0,24679.25,90.73999786376953,12.517499923706055
2026-02-13 12:19:00+05:30,36.209999084472656,32733.94921875,2698.0,1365.0,24683.0,90.73999786376953,12.532500267028809
2026-02-13 12:20:00+05:30,36.220001220703125,32753.650390625,2701.39990234375,1366.699951171875,24698.0,90.73249816894531,12.522500038146973
2026-02-13 12:21:00+05:30,36.189998626708984,32701.900390625,2696.199951171875,1363.0,24699.25,90.73500061035156,12.53499984741211
2026-02-13 12:22:00+05:30,36.18000030517578,32701.349609375,2695.199951171875,1363.199951171875,24705.25,90.73750305175781,12.529999732971191
2026-02-13 12:23:00+05:30,36.209999084472656,32724.650390625,2697.0,1364.0999755859375,24705.75,90.73500061035156,12.542499542236328
2026-02-13 12:24:00+05:30,36.22999954223633,32739.0,2698.10009765625,1364.0,24708.0,90.7300033569336,12.507499694824219
2026-02-13 12:25:00+05:30,36.2400016784668,32749.94921875,2697.5,1364.300048828125,24711.75,90.7300033569336,12.505000114440918
2026-02-13 12:26:00+05:30,36.279998779296875,32793.6484375,2700.89990234375,1365.800048828125,24715.25,90.7249984741211,12.492500305175781
2026-02-13 12:27:00+05:30,36.36000061035156,32862.19921875,2706.60009765625,1369.0,24722.0,90.7249984741211,12.447500228881836
2026-02-13 12:28:00+05:30,36.310001373291016,32816.6015625,2702.10009765625,1369.300048828125,24717.75,90.72750091552734,12.460000038146973
2026-02-13 12:29:00+05:30,36.279998779296875,32785.75,2700.800048828125,1368.199951171875,24714.25,90.7249984741211,12.462499618530273
2026-02-13 12:30:00+05:30,36.279998779296875,32789.3984375,2701.60009765625,1366.5999755859375,24743.25,90.68399810791016,12.470000267028809
2026-02-13 12:31:00+05:30,36.279998779296875,32810.25,2704.5,1369.5,24735.25,90.7249984741211,12.475000381469727
2026-02-13 12:32:00+05:30,36.2599983215332,32805.05078125,2702.800048828125,1368.300048828125,24726.75,90.72250366210938,12.479999542236328
2026-02-13 12:33:00+05:30,36.279998779296875,32823.19921875,2705.39990234375,1369.699951171875,24725.5,90.72250366210938,12.449999809265137
2026-02-13 12:34:00+05:30,36.29999923706055,32845.94921875,2707.10009765625,1370.199951171875,24719.5,90.7300033569336,12.452500343322754
2026-02-13 12:35:00+05:30,36.31999969482422,32843.55078125,2710.0,1370.0999755859375,24716.0,90.73249816894531,12.4350004196167
2026-02-13 12:36:00+05:30,36.25,32776.25,2703.199951171875,1367.0,24724.75,90.72750091552734,12.46500015258789
2026-02-13 12:37:00+05:30,36.2400016784668,32779.1015625,2703.0,1367.0999755859375,24731.0,90.7300033569336,12.449999809265137
2026-02-13 12:38:00+05:30,36.27000045776367,32799.8984375,2705.199951171875,1368.199951171875,24734.0,90.7249984741211,12.447500228881836
2026-02-13 12:39:00+05:30,36.290000915527344,32850.3984375,2706.699951171875,1372.0,24736.0,90.73249816894531,12.422499656677246
2026-02-13 12:40:00+05:30,36.27000045776367,32803.8984375,2702.60009765625,1368.800048828125,24740.0,90.7300033569336,12.457500457763672
2026-02-13 12:41:00+05:30,36.209999084472656,32747.80078125,2698.5,1365.4000244140625,24737.25,90.7300033569336,12.5
2026-02-13 12:42:00+05:30,36.189998626708984,32751.75,2699.10009765625,1366.0,24742.0,90.7300033569336,12.492500305175781
2026-02-13 12:43:00+05:30,36.16999816894531,32764.349609375,2701.0,1366.300048828125,24739.0,90.72750091552734,12.522500038146973
2026-02-13 12:44:00+05:30,36.209999084472656,32779.5,2702.89990234375,1367.0,24736.0,90.73249816894531,12.520000457763672
2026-02-13 12:45:00+05:30,36.25,32835.8515625,2707.800048828125,1369.300048828125,24738.25,90.73500061035156,12.532500267028809
2026-02-13 12:46:00+05:30,36.279998779296875,32838.3984375,2705.0,1369.5,24742.0,90.71299743652344,12.517499923706055
2026-02-13 12:47:00+05:30,36.25,32806.0,2701.199951171875,1367.4000244140625,24755.25,90.69499969482422,12.537500381469727
2026-02-13 12:48:00+05:30,36.20000076293945,32783.55078125,2699.800048828125,1367.0,24747.25,90.72750091552734,12.537500381469727
2026-02-13 12:49:00+05:30,36.189998626708984,32767.349609375,2697.89990234375,1366.800048828125,24751.5,90.72250366210938,12.539999961853027
2026-02-13 12:50:00+05:30,36.15999984741211,32716.400390625,2694.199951171875,1365.699951171875,24751.25,90.72000122070312,12.542499542236328
2026-02-13 12:51:00+05:30,36.150001525878906,32715.69921875,2695.0,1367.0,24751.75,90.71749877929688,12.572500228881836
2026-02-13 12:52:00+05:30,36.15999984741211,32718.69921875,2697.60009765625,1366.9000244140625,24748.5,90.71749877929688,12.5600004196167
2026-02-13 12:53:00+05:30,36.08000183105469,32680.5,2694.0,1364.300048828125,24747.0,90.7249984741211,12.545000076293945
2026-02-13 12:54:00+05:30,36.09000015258789,32675.400390625,2696.0,1363.5999755859375,24757.25,90.7300033569336,12.552499771118164
2026-02-13 12:55:00+05:30,36.040000915527344,32615.25,2691.800048828125,1358.9000244140625,24744.75,90.7300033569336,12.545000076293945
2026-02-13 12:56:00+05:30,36.0099983215332,32587.69921875,2690.10009765625,1359.300048828125,24749.25,90.7249984741211,12.569999694824219
2026-02-13 12:57:00+05:30,36.02000045776367,32618.44921875,2690.699951171875,1359.5,24746.25,90.7125015258789,12.569999694824219
2026-02-13 12:58:00+05:30,35.970001220703125,32577.099609375,2687.699951171875,1356.0999755859375,24739.25,90.70500183105469,12.587499618530273
2026-02-13 12:59:00+05:30,35.939998626708984,32545.900390625,2683.0,1355.800048828125,24738.5,90.70500183105469,12.600000381469727
2026-02-13 13:00:00+05:30,36.0,32597.900390625,2686.0,1359.0,24736.75,90.7074966430664,12.572500228881836
2026-02-13 13:01:00+05:30,36.0099983215332,32602.19921875,2685.699951171875,1358.300048828125,24741.25,90.70999908447266,12.604999542236328
2026-02-13 13:02:00+05:30,35.9900016784668,32560.5,2684.300048828125,1355.300048828125,24740.25,90.71499633789062,12.642499923706055
2026-02-13 13:03:00+05:30,36.0,32599.94921875,2687.5,1356.9000244140625,24734.75,90.6989974975586,12.647500038146973
2026-02-13 13:04:00+05:30,36.0099983215332,32610.55078125,2687.5,1358.0,24743.5,90.7249984741211,12.647500038146973
2026-02-13 13:05:00+05:30,36.029998779296875,32597.900390625,2686.10009765625,1357.5999755859375,24736.75,90.73249816894531,12.642499923706055
2026-02-13 13:06:00+05:30,36.0,32555.650390625,2683.0,1355.300048828125,24732.5,90.73249816894531,12.65250015258789
2026-02-13 13:07:00+05:30,35.970001220703125,32533.849609375,2680.60009765625,1354.199951171875,24727.0,90.73750305175781,12.632499694824219
2026-02-13 13:08:00+05:30,35.97999954223633,32548.94921875,2682.0,1355.199951171875,24730.75,90.7300033569336,12.617500305175781
2026-02-13 13:09:00+05:30,35.9900016784668,32567.0,2683.0,1354.9000244140625,24725.75,90.7300033569336,12.600000381469727
2026-02-13 13:10:00+05:30,36.029998779296875,32582.94921875,2685.0,1355.199951171875,24721.0,90.71499633789062,12.609999656677246
2026-02-13 13:11:00+05:30,36.029998779296875,32610.80078125,2687.699951171875,1356.199951171875,24726.25,90.68399810791016,12.614999771118164
2026-02-13 13:12:00+05:30,36.060001373291016,32609.849609375,2689.0,1355.4000244140625,24732.0,90.72000122070312,12.59000015258789
2026-02-13 13:13:00+05:30,36.060001373291016,32619.599609375,2690.89990234375,1356.4000244140625,24726.25,90.69999694824219,12.592499732971191
2026-02-13 13:14:00+05:30,36.11000061035156,32651.25,2693.300048828125,1356.800048828125,24726.75,90.69200134277344,12.59749984741211
2026-02-13 13:15:00+05:30,36.130001068115234,32690.80078125,2695.699951171875,1359.5,24727.0,90.69200134277344,12.585000038146973
2026-02-13 13:16:00+05:30,36.119998931884766,32672.44921875,2695.60009765625,1358.9000244140625,24727.5,90.69400024414062,12.614999771118164
2026-02-13 13:17:00+05:30,36.11000061035156,32654.599609375,2696.0,1357.0,24727.75,90.71499633789062,12.595000267028809
2026-02-13 13:18:00+05:30,36.150001525878906,32690.94921875,2698.5,1358.9000244140625,24728.0,90.7125015258789,12.572500228881836
2026-02-13 13:19:00+05:30,36.15999984741211,32697.55078125,2697.800048828125,1360.0999755859375,24727.0,90.7125015258789,12.567500114440918
2026-02-13 13:20:00+05:30,36.150001525878906,32696.25,2697.300048828125,1359.9000244140625,24722.75,90.69999694824219,12.569999694824219
2026-02-13 13:21:00+05:30,36.13999938964844,32691.19921875,2697.5,1359.5,24715.0,90.71749877929688,12.587499618530273
2026-02-13 13:22:00+05:30,36.130001068115234,32680.05078125,2696.800048828125,1358.800048828125,24720.25,90.72000122070312,12.577500343322754
2026-02-13 13:23:00+05:30,36.099998474121094,32656.099609375,2696.0,1357.5,24718.5,90.70099639892578,12.614999771118164
2026-02-13 13:24:00+05:30,36.11000061035156,32650.599609375,2693.800048828125,1357.9000244140625,24739.0,90.71749877929688,12.619999885559082
2026-02-13 13:25:00+05:30,36.09000015258789,32646.55078125,2692.39990234375,1357.800048828125,24732.0,90.69999694824219,12.630000114440918
2026-02-13 13:26:00+05:30,36.09000015258789,32640.349609375,2691.5,1357.5,24738.5,90.72000122070312,12.635000228881836
2026-02-13 13:27:00+05:30,36.09000015258789,32643.400390625,2691.60009765625,1358.5,24729.5,90.72750091552734,12.637499809265137
2026-02-13 13:28:00+05:30,36.119998931884766,32671.55078125,2694.10009765625,1360.800048828125,24748.25,90.72750091552734,12.630000114440918
2026-02-13 13:29:00+05:30,36.099998474121094,32651.150390625,2692.89990234375,1358.5,24747.0,90.73500061035156,12.647500038146973
2026-02-13 13:30:00+05:30,36.11000061035156,32658.19921875,2693.0,1359.0,24748.5,90.7300033569336,12.647500038146973
2026-02-13 13:31:00+05:30,36.09000015258789,32636.349609375,2691.60009765625,1357.5999755859375,24735.25,90.73249816894531,12.662500381469727
2026-02-13 13:32:00+05:30,36.040000915527344,32596.44921875,2687.60009765625,1356.0,24729.0,90.7300033569336,12.6850004196167
2026-02-13 13:33:00+05:30,36.040000915527344,32614.650390625,2688.699951171875,1355.0,24749.25,90.73249816894531,12.664999961853027
2026-02-13 13:34:00+05:30,36.029998779296875,32576.19921875,2687.5,1352.300048828125,24755.5,90.71499633789062,12.65250015258789
2026-02-13 13:35:00+05:30,36.02000045776367,32572.75,2687.60009765625,1352.0,24767.25,90.73500061035156,12.657500267028809
2026-02-13 13:36:00+05:30,36.02000045776367,32573.55078125,2691.0,1351.5999755859375,24766.75,90.7300033569336,12.637499809265137
2026-02-13 13:37:00+05:30,36.04999923706055,32599.94921875,2692.199951171875,1354.699951171875,24772.75,90.73249816894531,12.642499923706055
2026-02-13 13:38:00+05:30,36.040000915527344,32593.599609375,2693.10009765625,1354.699951171875,24763.0,90.73249816894531,12.65999984741211
2026-02-13 13:39:00+05:30,36.060001373291016,32615.400390625,2696.0,1355.5,24766.5,90.7300033569336,12.647500038146973
2026-02-13 13:40:00+05:30,36.04999923706055,32608.69921875,2695.800048828125,1354.800048828125,24763.75,90.7300033569336,12.642499923706055
2026-02-13 13:41:00+05:30,36.040000915527344,32613.599609375,2694.300048828125,1354.9000244140625,24760.5,90.73750305175781,12.642499923706055
2026-02-13 13:42:00+05:30,36.04999923706055,32599.19921875,2693.10009765625,1354.0999755859375,24761.25,90.7300033569336,12.642499923706055
2026-02-13 13:43:00+05:30,36.029998779296875,32589.5,2693.199951171875,1353.5,24742.0,90.7300033569336,12.664999961853027
2026-02-13 13:44:00+05:30,36.0099983215332,32564.30078125,2691.699951171875,1353.0999755859375,24732.25,90.73249816894531,12.717499732971191
2026-02-13 13:45:00+05:30,35.9900016784668,32542.400390625,2689.10009765625,1352.0,24727.25,90.7300033569336,12.727499961853027
2026-02-13 13:46:00+05:30,35.959999084472656,32531.80078125,2688.0,1352.4000244140625,24712.0,90.72000122070312,12.755000114440918
2026-02-13 13:47:00+05:30,35.95000076293945,32507.650390625,2685.39990234375,1350.699951171875,24683.25,90.75250244140625,12.807499885559082
2026-02-13 13:48:00+05:30,35.959999084472656,32516.75,2685.60009765625,1350.800048828125,24686.0,90.74500274658203,12.850000381469727
2026-02-13 13:49:00+05:30,35.959999084472656,32524.099609375,2686.699951171875,1350.699951171875,24682.25,90.73249816894531,12.962499618530273
2026-02-13 13:50:00+05:30,35.970001220703125,32523.400390625,2686.699951171875,1351.199951171875,24684.0,90.71299743652344,12.987500190734863
2026-02-13 13:51:00+05:30,35.959999084472656,32513.19921875,2685.5,1350.0,24701.5,90.73249816894531,13.047499656677246
2026-02-13 13:52:00+05:30,35.9900016784668,32551.75,2688.39990234375,1353.0,24710.75,90.73500061035156,12.984999656677246
2026-02-13 13:53:00+05:30,36.0,32556.599609375,2688.800048828125,1353.4000244140625,24718.75,90.73750305175781,13.012499809265137
2026-02-13 13:54:00+05:30,36.029998779296875,32588.05078125,2689.5,1355.699951171875,24721.75,90.71700286865234,12.979999542236328
2026-02-13 13:55:00+05:30,36.04999923706055,32595.44921875,2691.0,1355.9000244140625,24743.0,90.70600128173828,12.869999885559082
2026-02-13 13:56:00+05:30,36.040000915527344,32595.30078125,2689.699951171875,1357.300048828125,24738.75,90.70899963378906,12.914999961853027
2026-02-13 13:57:00+05:30,36.09000015258789,32624.75,2692.699951171875,1359.5999755859375,24740.25,90.73750305175781,12.897500038146973
2026-02-13 13:58:00+05:30,36.119998931884766,32676.75,2697.0,1362.300048828125,24743.25,90.70500183105469,12.862500190734863
2026-02-13 13:59:00+05:30,36.15999984741211,32717.75,2699.300048828125,1364.199951171875,24744.75,90.73249816894531,12.864999771118164
2026-02-13 14:00:00+05:30,36.16999816894531,32717.55078125,2699.199951171875,1364.4000244140625,24733.25,90.70999908447266,12.917499542236328
2026-02-13 14:01:00+05:30,36.150001525878906,32693.5,2696.0,1365.0,24743.75,90.70999908447266,12.954999923706055
2026-02-13 14:02:00+05:30,36.22999954223633,32781.05078125,2703.699951171875,1369.0,24744.75,90.7249984741211,12.90250015258789
2026-02-13 14:03:00+05:30,36.25,32800.6484375,2704.0,1369.5999755859375,24754.25,90.7249984741211,12.895000457763672
2026-02-13 14:04:00+05:30,36.25,32767.650390625,2701.5,1368.9000244140625,24752.5,90.7249984741211,12.907500267028809
2026-02-13 14:05:00+05:30,36.25,32772.30078125,2702.300048828125,1369.199951171875,24755.0,90.72250366210938,12.880000114440918
2026-02-13 14:06:00+05:30,36.209999084472656,32745.900390625,2700.0,1368.300048828125,24735.5,90.70999908447266,12.859999656677246
2026-02-13 14:07:00+05:30,36.209999084472656,32738.55078125,2699.699951171875,1367.9000244140625,24735.75,90.72750091552734,12.854999542236328
2026-02-13 14:08:00+05:30,36.15999984741211,32719.349609375,2697.89990234375,1367.0999755859375,24724.5,90.72000122070312,12.8725004196167
2026-02-13 14:09:00+05:30,36.189998626708984,32727.0,2698.300048828125,1367.699951171875,24724.25,90.71499633789062,12.882499694824219
2026-02-13 14:10:00+05:30,36.20000076293945,32734.400390625,2697.89990234375,1369.4000244140625,24729.5,90.72000122070312,12.892499923706055
2026-02-13 14:11:00+05:30,36.20000076293945,32744.650390625,2698.800048828125,1368.699951171875,24734.5,90.72000122070312,12.84749984741211
2026-02-13 14:12:00+05:30,36.25,32772.1015625,2702.5,1370.0,24732.0,90.71749877929688,12.829999923706055
2026-02-13 14:13:00+05:30,36.209999084472656,32765.69921875,2701.699951171875,1370.0999755859375,24746.0,90.72000122070312,12.817500114440918
2026-02-13 14:14:00+05:30,36.2400016784668,32773.3515625,2702.800048828125,1370.0999755859375,24747.75,90.71749877929688,12.792499542236328
2026-02-13 14:15:00+05:30,36.220001220703125,32756.19921875,2700.39990234375,1369.800048828125,24762.25,90.71749877929688,12.795000076293945
2026-02-13 14:16:00+05:30,36.2400016784668,32780.8515625,2702.800048828125,1370.5,24768.25,90.71499633789062,12.792499542236328
2026-02-13 14:17:00+05:30,36.2400016784668,32782.30078125,2702.199951171875,1370.5999755859375,24771.0,90.71499633789062,12.77750015258789
2026-02-13 14:18:00+05:30,36.22999954223633,32765.400390625,2701.0,1370.199951171875,24772.75,90.7125015258789,12.765000343322754
2026-02-13 14:19:00+05:30,36.209999084472656,32737.400390625,2699.39990234375,1369.5999755859375,24768.5,90.7125015258789,12.7524995803833
2026-02-13 14:20:00+05:30,36.209999084472656,32756.849609375,2699.89990234375,1370.699951171875,24783.75,90.69000244140625,12.7475004196167
2026-02-13 14:21:00+05:30,36.20000076293945,32731.69921875,2698.10009765625,1369.4000244140625,24777.25,90.70999908447266,12.755000114440918
2026-02-13 14:22:00+05:30,36.16999816894531,32709.05078125,2695.699951171875,1368.9000244140625,24767.75,90.70999908447266,12.770000457763672
2026-02-13 14:23:00+05:30,36.18000030517578,32720.55078125,2697.5,1369.5999755859375,24774.75,90.7074966430664,12.792499542236328
2026-02-13 14:24:00+05:30,36.209999084472656,32767.69921875,2700.89990234375,1372.199951171875,24775.5,90.7074966430664,12.78499984741211
2026-02-13 14:25:00+05:30,36.279998779296875,32813.30078125,2705.0,1375.0999755859375,24772.5,90.70999908447266,12.772500038146973
2026-02-13 14:26:00+05:30,36.279998779296875,32821.30078125,2706.39990234375,1375.0999755859375,24772.0,90.69249725341797,12.770000457763672
2026-02-13 14:27:00+05:30,36.279998779296875,32814.80078125,2706.0,1374.0,24772.0,90.68250274658203,12.765000343322754
2026-02-13 14:28:00+05:30,36.25,32809.1015625,2704.300048828125,1373.199951171875,24775.25,90.68000030517578,12.767499923706055
2026-02-13 14:29:00+05:30,36.2599983215332,32808.05078125,2704.199951171875,1373.5,24775.25,90.68250274658203,12.720000267028809
2026-02-13 14:30:00+05:30,36.25,32780.25,2702.0,1372.4000244140625,24772.5,90.68000030517578,12.727499961853027
2026-02-13 14:31:00+05:30,36.209999084472656,32759.400390625,2699.800048828125,1371.0,24759.0,90.66799926757812,12.712499618530273
2026-02-13 14:32:00+05:30,36.20000076293945,32751.349609375,2697.300048828125,1371.300048828125,24744.25,90.66500091552734,12.755000114440918
2026-02-13 14:33:00+05:30,36.18000030517578,32720.349609375,2696.0,1369.800048828125,24739.25,90.65799713134766,12.762499809265137
2026-02-13 14:34:00+05:30,36.15999984741211,32696.55078125,2694.0,1368.5,24734.5,90.68250274658203,12.797499656677246
2026-02-13 14:35:00+05:30,36.20000076293945,32738.0,2696.300048828125,1370.0,24740.25,90.66500091552734,12.8125
2026-02-13 14:36:00+05:30,36.20000076293945,32764.44921875,2696.60009765625,1371.9000244140625,24742.75,90.66000366210938,12.882499694824219
2026-02-13 14:37:00+05:30,36.22999954223633,32761.80078125,2696.60009765625,1371.0,24748.5,90.68000030517578,12.914999961853027
2026-02-13 14:38:00+05:30,36.2400016784668,32775.94921875,2696.39990234375,1370.9000244140625,24758.0,90.65799713134766,12.90999984741211
2026-02-13 14:39:00+05:30,36.25,32791.1015625,2696.699951171875,1372.0,24764.0,90.68000030517578,12.850000381469727
2026-02-13 14:40:00+05:30,36.220001220703125,32745.80078125,2693.0,1370.300048828125,24766.25,90.68000030517578,12.914999961853027
2026-02-13 14:41:00+05:30,36.189998626708984,32720.75,2691.39990234375,1370.0999755859375,24772.5,90.66300201416016,12.949999809265137
2026-02-13 14:42:00+05:30,36.189998626708984,32748.30078125,2693.699951171875,1371.0,24776.5,90.67749786376953,12.952500343322754
2026-02-13 14:43:00+05:30,36.220001220703125,32765.900390625,2696.5,1371.300048828125,24766.75,90.67749786376953,12.927499771118164
2026-02-13 14:44:00+05:30,36.220001220703125,32762.400390625,2695.39990234375,1371.800048828125,24756.75,90.67749786376953,12.967499732971191
2026-02-13 14:45:00+05:30,36.220001220703125,32756.94921875,2694.300048828125,1372.0,24761.5,90.68250274658203,12.982500076293945
2026-02-13 14:46:00+05:30,36.18000030517578,32733.19921875,2692.5,1369.699951171875,24776.5,90.68499755859375,13.0
2026-02-13 14:47:00+05:30,36.16999816894531,32725.30078125,2694.0,1368.800048828125,24779.75,90.69499969482422,13.010000228881836
2026-02-13 14:48:00+05:30,36.20000076293945,32732.19921875,2693.60009765625,1368.5,24784.0,90.6875,13.017499923706055
2026-02-13 14:49:00+05:30,36.189998626708984,32723.099609375,2692.300048828125,1368.800048828125,24785.75,90.66899871826172,13.017499923706055
2026-02-13 14:50:00+05:30,36.18000030517578,32724.0,2692.39990234375,1369.300048828125,24784.25,90.67749786376953,13.03499984741211
2026-02-13 14:51:00+05:30,36.189998626708984,32716.349609375,2692.60009765625,1368.0999755859375,24794.5,90.68000030517578,13.032500267028809
2026-02-13 14:52:00+05:30,36.189998626708984,32722.05078125,2692.60009765625,1368.5999755859375,24790.25,90.66999816894531,13.047499656677246
2026-02-13 14:53:00+05:30,36.20000076293945,32738.44921875,2693.699951171875,1369.800048828125,24791.5,90.66999816894531,13.017499923706055
2026-02-13 14:54:00+05:30,36.189998626708984,32721.69921875,2692.60009765625,1369.199951171875,24797.5,90.66000366210938,13.017499923706055
2026-02-13 14:55:00+05:30,36.15999984741211,32705.19921875,2692.89990234375,1368.5,24799.0,90.66000366210938,13.012499809265137
2026-02-13 14:56:00+05:30,36.18000030517578,32714.75,2692.0,1369.300048828125,24805.25,90.63500213623047,12.984999656677246
2026-02-13 14:57:00+05:30,36.16999816894531,32711.75,2692.300048828125,1368.699951171875,24798.5,90.6500015258789,12.947500228881836
2026-02-13 14:58:00+05:30,36.18000030517578,32719.80078125,2693.0,1369.5999755859375,24799.0,90.65499877929688,12.90999984741211
2026-02-13 14:59:00+05:30,36.18000030517578,32734.05078125,2695.10009765625,1369.800048828125,24795.5,90.6500015258789,12.944999694824219
2026-02-13 15:00:00+05:30,36.130001068115234,32671.650390625,2689.10009765625,1367.300048828125,24793.0,90.6500015258789,13.047499656677246
2026-02-13 15:01:00+05:30,36.119998931884766,32696.30078125,2691.699951171875,1368.9000244140625,24798.5,90.62000274658203,13.1875
2026-02-13 15:02:00+05:30,36.189998626708984,32728.849609375,2694.0,1370.5,24801.0,90.65249633789062,13.130000114440918
2026-02-13 15:03:00+05:30,36.16999816894531,32723.55078125,2694.800048828125,1370.9000244140625,24802.25,90.65249633789062,13.135000228881836
2026-02-13 15:04:00+05:30,36.16999816894531,32727.599609375,2694.0,1371.699951171875,24800.0,90.6500015258789,13.180000305175781
2026-02-13 15:05:00+05:30,36.150001525878906,32694.099609375,2691.800048828125,1370.800048828125,24795.5,90.6449966430664,13.239999771118164
2026-02-13 15:06:00+05:30,36.119998931884766,32661.05078125,2691.0,1369.0,24792.75,90.6449966430664,13.317500114440918
2026-02-13 15:07:00+05:30,36.06999969482422,32644.650390625,2689.199951171875,1368.0999755859375,24799.75,90.6500015258789,13.357500076293945
2026-02-13 15:08:00+05:30,36.09000015258789,32642.400390625,2688.5,1368.300048828125,24795.75,90.6500015258789,13.369999885559082
2026-02-13 15:09:00+05:30,36.08000183105469,32673.44921875,2689.60009765625,1369.800048828125,24796.5,90.6449966430664,13.375
2026-02-13 15:10:00+05:30,36.11000061035156,32690.849609375,2691.0,1370.0,24796.0,90.6449966430664,13.359999656677246
2026-02-13 15:11:00+05:30,36.11000061035156,32682.30078125,2690.0,1369.199951171875,24801.75,90.63749694824219,13.350000381469727
2026-02-13 15:12:00+05:30,36.099998474121094,32673.19921875,2689.800048828125,1369.0,24798.75,90.63249969482422,13.3725004196167
2026-02-13 15:13:00+05:30,36.09000015258789,32691.55078125,2690.0,1370.300048828125,24794.5,90.61750030517578,13.364999771118164
2026-02-13 15:14:00+05:30,36.099998474121094,32682.25,2690.199951171875,1369.5999755859375,24789.25,90.60250091552734,13.34749984741211
2026-02-13 15:15:00+05:30,36.099998474121094,32663.650390625,2687.0,1368.699951171875,24790.25,90.61250305175781,13.335000038146973
2026-02-13 15:16:00+05:30,36.11000061035156,32666.900390625,2688.89990234375,1367.800048828125,24793.5,90.62999725341797,13.300000190734863
2026-02-13 15:17:00+05:30,36.099998474121094,32640.650390625,2685.10009765625,1367.4000244140625,24803.25,90.62999725341797,13.260000228881836
2026-02-13 15:18:00+05:30,36.11000061035156,32674.94921875,2689.800048828125,1368.5999755859375,24802.5,90.63749694824219,13.217499732971191
2026-02-13 15:19:00+05:30,36.119998931884766,32680.05078125,2692.5,1368.300048828125,24801.5,90.64250183105469,13.137499809265137
2026-02-13 15:20:00+05:30,36.11000061035156,32685.55078125,2694.39990234375,1369.0,24804.75,90.64749908447266,13.132499694824219
2026-02-13 15:21:00+05:30,36.13999938964844,32687.94921875,2695.800048828125,1369.300048828125,24795.0,90.62999725341797,13.207500457763672
2026-02-13 15:22:00+05:30,36.13999938964844,32686.099609375,2696.800048828125,1368.699951171875,24794.75,90.64250183105469,13.255000114440918
2026-02-13 15:23:00+05:30,36.130001068115234,32676.94921875,2694.699951171875,1368.800048828125,24795.25,90.63999938964844,13.297499656677246
2026-02-13 15:24:00+05:30,36.130001068115234,32676.44921875,2696.0,1368.5,24781.75,90.65249633789062,13.350000381469727
2026-02-13 15:25:00+05:30,36.119998931884766,32684.30078125,2695.699951171875,1369.199951171875,24767.75,90.6500015258789,13.387499809265137
2026-02-13 15:26:00+05:30,36.11000061035156,32664.44921875,2693.699951171875,1367.0,24779.25,90.63999938964844,13.460000038146973
2026-02-13 15:27:00+05:30,36.11000061035156,32657.400390625,2690.39990234375,1367.699951171875,24778.5,90.5999984741211,13.5625
2026-02-13 15:28:00+05:30,36.119998931884766,32674.30078125,2694.300048828125,1368.5,24768.25,90.63249969482422,13.5600004196167
2026-02-13 15:29:00+05:30,36.29999923706055,32692.25,2695.0,1369.0,24774.0,90.63500213623047,13.524999618530273
2026-02-13 15:30:00+05:30,36.29999923706055,32692.25,2695.0,1369.0,24777.5,90.62200164794922,13.524999618530273
2026-02-16 09:00:00+05:30,36.29999923706055,32692.25,2695.0,1369.0,24815.5,90.61499786376953,13.524999618530273
2026-02-16 09:01:00+05:30,36.29999923706055,32692.25,2695.0,1369.0,24814.5,90.62999725341797,13.524999618530273
2026-02-16 09:02:00+05:30,36.29999923706055,32692.25,2695.0,1369.0,24811.75,90.64800262451172,13.524999618530273
2026-02-16 09:03:00+05:30,36.29999923706055,32692.25,2695.0,1369.0,24811.25,90.64299774169922,13.524999618530273
2026-02-16 09:04:00+05:30,36.29999923706055,32692.25,2695.0,1369.0,24815.0,90.64749908447266,13.524999618530273
2026-02-16 09:05:00+05:30,36.29999923706055,32692.25,2695.0,1369.0,24816.25,90.65750122070312,13.524999618530273
2026-02-16 09:06:00+05:30,36.29999923706055,32692.25,2695.0,1369.0,24816.25,90.65249633789062,13.524999618530273
2026-02-16 09:07:00+05:30,36.29999923706055,32692.25,2695.0,1369.0,24813.25,90.63500213623047,13.524999618530273
2026-02-16 09:08:00+05:30,36.29999923706055,32692.25,2695.0,1369.0,24815.25,90.65249633789062,13.524999618530273
2026-02-16 09:09:00+05:30,36.29999923706055,32692.25,2695.0,1369.0,24816.25,90.62999725341797,13.524999618530273
2026-02-16 09:10:00+05:30,36.29999923706055,32692.25,2695.0,1369.0,24809.25,90.63099670410156,13.524999618530273
2026-02-16 09:11:00+05:30,36.29999923706055,32692.25,2695.0,1369.0,24810.75,90.6500015258789,13.524999618530273
2026-02-16 09:12:00+05:30,36.29999923706055,32692.25,2695.0,1369.0,24809.75,90.65750122070312,13.524999618530273
2026-02-16 09:13:00+05:30,36.29999923706055,32692.25,2695.0,1369.0,24813.25,90.65499877929688,13.524999618530273
2026-02-16 09:14:00+05:30,36.29999923706055,32692.25,2695.0,1369.0,24814.75,90.65499877929688,13.524999618530273
2026-02-16 09:15:00+05:30,36.20000076293945,32677.0,2708.300048828125,1356.5,24812.25,90.65750122070312,13.5
2026-02-16 09:16:00+05:30,36.18000030517578,32663.44921875,2700.60009765625,1358.800048828125,24813.75,90.64749908447266,13.475000381469727
2026-02-16 09:17:00+05:30,36.15999984741211,32613.55078125,2701.800048828125,1355.0,24813.75,90.65249633789062,13.484999656677246
2026-02-16 09:18:00+05:30,36.150001525878906,32702.5,2707.5,1358.0,24814.5,90.65249633789062,13.667499542236328
2026-02-16 09:19:00+05:30,36.15999984741211,32699.55078125,2708.10009765625,1357.9000244140625,24814.5,90.6675033569336,13.6850004196167
2026-02-16 09:20:00+05:30,36.040000915527344,32583.05078125,2696.60009765625,1352.0999755859375,24813.5,90.68000030517578,13.694999694824219
2026-02-16 09:21:00+05:30,35.97999954223633,32547.69921875,2692.10009765625,1350.199951171875,24816.25,90.66000366210938,13.732500076293945
2026-02-16 09:22:00+05:30,35.9900016784668,32558.650390625,2692.0,1350.800048828125,24817.0,90.66999816894531,13.6875
2026-02-16 09:23:00+05:30,36.040000915527344,32602.69921875,2697.89990234375,1352.5999755859375,24821.25,90.6675033569336,13.619999885559082
2026-02-16 09:24:00+05:30,35.9900016784668,32532.849609375,2690.0,1349.199951171875,24819.5,90.6675033569336,13.675000190734863
2026-02-16 09:25:00+05:30,35.93000030517578,32488.25,2681.0,1349.800048828125,24822.75,90.66999816894531,13.6875
2026-02-16 09:26:00+05:30,35.88999938964844,32455.349609375,2678.10009765625,1348.5,24822.0,90.67250061035156,13.6899995803833
2026-02-16 09:27:00+05:30,35.849998474121094,32443.099609375,2678.0,1348.5,24821.5,90.6624984741211,13.737500190734863
2026-02-16 09:28:00+05:30,35.93000030517578,32503.75,2683.89990234375,1351.300048828125,24824.0,90.66999816894531,13.727499961853027
2026-02-16 09:29:00+05:30,35.869998931884766,32447.0,2680.699951171875,1349.0,24823.5,90.64299774169922,13.787500381469727
2026-02-16 09:30:00+05:30,35.97999954223633,32532.0,2687.60009765625,1353.199951171875,24827.0,90.66000366210938,13.725000381469727
2026-02-16 09:31:00+05:30,36.040000915527344,32585.349609375,2692.5,1355.0,24829.5,90.66000366210938,13.704999923706055
2026-02-16 09:32:00+05:30,36.04999923706055,32591.400390625,2693.0,1354.5,24834.0,90.65750122070312,13.635000228881836
2026-02-16 09:33:00+05:30,36.029998779296875,32603.55078125,2692.699951171875,1355.800048828125,24836.25,90.66000366210938,13.545000076293945
2026-02-16 09:34:00+05:30,36.04999923706055,32589.25,2690.5,1353.5,24836.0,90.65499877929688,13.507499694824219
2026-02-16 09:35:00+05:30,36.06999969482422,32619.0,2692.0,1355.199951171875,24834.0,90.65750122070312,13.484999656677246
2026-02-16 09:36:00+05:30,36.029998779296875,32579.849609375,2689.0,1352.699951171875,24835.0,90.65750122070312,13.489999771118164
2026-02-16 09:37:00+05:30,36.0099983215332,32553.099609375,2686.300048828125,1351.699951171875,24834.0,90.6675033569336,13.577500343322754
2026-02-16 09:38:00+05:30,35.9900016784668,32540.05078125,2683.60009765625,1350.9000244140625,24827.25,90.6675033569336,13.567500114440918
2026-02-16 09:39:00+05:30,36.02000045776367,32570.19921875,2685.0,1353.9000244140625,24824.75,90.6675033569336,13.5625
2026-02-16 09:40:00+05:30,35.939998626708984,32487.650390625,2683.199951171875,1348.800048828125,24829.0,90.6520004272461,13.539999961853027
2026-02-16 09:41:00+05:30,35.970001220703125,32518.0,2685.0,1350.5999755859375,24830.0,90.6675033569336,13.5649995803833
2026-02-16 09:42:00+05:30,35.95000076293945,32529.30078125,2686.39990234375,1350.5999755859375,24826.25,90.66999816894531,13.510000228881836
2026-02-16 09:43:00+05:30,35.95000076293945,32504.599609375,2684.60009765625,1348.699951171875,24827.0,90.66300201416016,13.555000305175781
2026-02-16 09:44:00+05:30,35.95000076293945,32503.150390625,2684.0,1348.699951171875,24828.5,90.67500305175781,13.577500343322754
2026-02-16 09:45:00+05:30,35.900001525878906,32460.25,2680.5,1346.800048828125,24827.75,90.67749786376953,13.552499771118164
2026-02-16 09:46:00+05:30,35.90999984741211,32469.69921875,2682.0,1347.5999755859375,24824.5,90.65499877929688,13.545000076293945
2026-02-16 09:47:00+05:30,35.900001525878906,32475.349609375,2684.5,1348.0999755859375,24827.75,90.68250274658203,13.539999961853027
2026-02-16 09:48:00+05:30,35.83000183105469,32427.94921875,2680.39990234375,1346.4000244140625,24826.25,90.68499755859375,13.577500343322754
2026-02-16 09:49:00+05:30,35.84000015258789,32419.099609375,2680.5,1346.300048828125,24828.0,90.67400360107422,13.545000076293945
2026-02-16 09:50:00+05:30,35.83000183105469,32397.900390625,2678.89990234375,1346.4000244140625,24824.25,90.7074966430664,13.539999961853027
2026-02-16 09:51:00+05:30,35.79999923706055,32373.849609375,2678.0,1345.5999755859375,24822.25,90.68599700927734,13.59749984741211
2026-02-16 09:52:00+05:30,35.81999969482422,32380.75,2677.89990234375,1345.199951171875,24821.0,90.69999694824219,13.600000381469727
2026-02-16 09:53:00+05:30,35.86000061035156,32442.5,2683.199951171875,1348.0,24824.0,90.70249938964844,13.585000038146973
2026-02-16 09:54:00+05:30,35.880001068115234,32451.30078125,2683.89990234375,1348.199951171875,24825.75,90.6729965209961,13.529999732971191
2026-02-16 09:55:00+05:30,35.880001068115234,32442.75,2683.39990234375,1348.199951171875,24832.5,90.69750213623047,13.520000457763672
2026-02-16 09:56:00+05:30,35.849998474121094,32415.75,2684.5,1347.0999755859375,24830.5,90.67400360107422,13.529999732971191
2026-02-16 09:57:00+05:30,35.88999938964844,32459.099609375,2688.0,1349.0,24833.0,90.6875,13.547499656677246
2026-02-16 09:58:00+05:30,35.88999938964844,32445.400390625,2688.0,1347.9000244140625,24836.0,90.6875,13.4975004196167
2026-02-16 09:59:00+05:30,35.91999816894531,32489.650390625,2689.699951171875,1349.5999755859375,24836.75,90.69000244140625,13.4975004196167
2026-02-16 10:00:00+05:30,35.9900016784668,32563.099609375,2693.0,1350.9000244140625,24838.0,90.69750213623047,13.462499618530273
2026-02-16 10:01:00+05:30,36.040000915527344,32599.69921875,2697.0,1352.699951171875,24837.0,90.69750213623047,13.412500381469727
2026-02-16 10:02:00+05:30,36.06999969482422,32622.5,2696.300048828125,1353.9000244140625,24840.0,90.66999816894531,13.395000457763672
2026-02-16 10:03:00+05:30,36.09000015258789,32620.849609375,2698.39990234375,1353.699951171875,24834.25,90.68250274658203,13.414999961853027
2026-02-16 10:04:00+05:30,36.06999969482422,32615.900390625,2698.800048828125,1354.5,24834.0,90.69000244140625,13.412500381469727
2026-02-16 10:05:00+05:30,36.02000045776367,32575.099609375,2697.89990234375,1352.199951171875,24832.25,90.69000244140625,13.385000228881836
2026-02-16 10:06:00+05:30,36.0,32557.75,2696.5,1351.0,24831.0,90.6875,13.352499961853027
2026-02-16 10:07:00+05:30,35.970001220703125,32540.30078125,2695.300048828125,1350.9000244140625,24832.75,90.6709976196289,13.387499809265137
2026-02-16 10:08:00+05:30,35.959999084472656,32530.94921875,2693.300048828125,1350.0,24830.75,90.68250274658203,13.375
2026-02-16 10:09:00+05:30,35.95000076293945,32514.55078125,2693.0,1348.699951171875,24829.5,90.68499755859375,13.414999961853027
2026-02-16 10:10:00+05:30,35.95000076293945,32514.150390625,2694.0,1348.5999755859375,24831.25,90.68250274658203,13.40250015258789
2026-02-16 10:11:00+05:30,36.0,32562.94921875,2697.699951171875,1351.300048828125,24830.0,90.65799713134766,13.477499961853027
2026-02-16 10:12:00+05:30,36.06999969482422,32650.400390625,2707.699951171875,1354.199951171875,24825.0,90.6875,13.449999809265137
2026-02-16 10:13:00+05:30,36.08000183105469,32611.55078125,2706.199951171875,1352.800048828125,24824.5,90.6875,13.467499732971191
2026-02-16 10:14:00+05:30,36.029998779296875,32584.25,2701.699951171875,1351.199951171875,24826.25,90.68499755859375,13.47249984741211
2026-02-16 10:15:00+05:30,36.0099983215332,32561.099609375,2699.699951171875,1351.800048828125,24823.75,90.6875,13.482500076293945
2026-02-16 10:16:00+05:30,36.0099983215332,32572.099609375,2699.0,1353.0,24825.5,90.68000030517578,13.467499732971191
2026-02-16 10:17:00+05:30,36.0099983215332,32558.599609375,2699.199951171875,1353.699951171875,24821.25,90.68499755859375,13.4975004196167
2026-02-16 10:18:00+05:30,36.0099983215332,32568.44921875,2698.199951171875,1353.699951171875,24824.75,90.6875,13.494999885559082
2026-02-16 10:19:00+05:30,36.0,32553.80078125,2698.39990234375,1352.5999755859375,24823.25,90.69000244140625,13.475000381469727
2026-02-16 10:20:00+05:30,35.959999084472656,32519.30078125,2696.699951171875,1349.9000244140625,24823.75,90.68000030517578,13.479999542236328
2026-02-16 10:21:00+05:30,35.970001220703125,32542.30078125,2697.89990234375,1351.4000244140625,24831.25,90.69000244140625,13.494999885559082
2026-02-16 10:22:00+05:30,35.9900016784668,32538.599609375,2699.0,1352.199951171875,24830.5,90.69249725341797,13.484999656677246
2026-02-16 10:23:00+05:30,35.9900016784668,32561.5,2700.0,1352.9000244140625,24832.5,90.677001953125,13.46500015258789
2026-02-16 10:24:00+05:30,35.97999954223633,32539.150390625,2698.5,1352.199951171875,24831.5,90.69999694824219,13.5024995803833
2026-02-16 10:25:00+05:30,35.959999084472656,32533.25,2696.89990234375,1351.199951171875,24830.25,90.69750213623047,13.4975004196167
2026-02-16 10:26:00+05:30,35.970001220703125,32523.69921875,2696.0,1350.5,24828.5,90.69999694824219,13.492500305175781
2026-02-16 10:27:00+05:30,35.93000030517578,32497.25,2695.699951171875,1350.0,24827.75,90.69499969482422,13.505000114440918
2026-02-16 10:28:00+05:30,35.900001525878906,32458.69921875,2691.89990234375,1347.199951171875,24826.0,90.66600036621094,13.505000114440918
2026-02-16 10:29:00+05:30,35.900001525878906,32483.150390625,2693.199951171875,1348.4000244140625,24826.0,90.69249725341797,13.492500305175781
2026-02-16 10:30:00+05:30,35.880001068115234,32455.69921875,2694.300048828125,1344.5,24826.0,90.69000244140625,13.5
2026-02-16 10:31:00+05:30,35.90999984741211,32482.849609375,2696.199951171875,1345.800048828125,24826.0,90.69249725341797,13.505000114440918
2026-02-16 10:32:00+05:30,35.90999984741211,32493.80078125,2698.0,1346.199951171875,24826.0,90.68499755859375,13.512499809265137
2026-02-16 10:33:00+05:30,35.95000076293945,32520.80078125,2699.39990234375,1346.9000244140625,24826.0,90.6875,13.482500076293945
2026-02-16 10:34:00+05:30,35.93000030517578,32498.30078125,2698.10009765625,1345.800048828125,24826.0,90.68000030517578,13.482500076293945
2026-02-16 10:35:00+05:30,35.939998626708984,32502.69921875,2697.0,1346.800048828125,24826.0,90.69499969482422,13.462499618530273
2026-02-16 10:36:00+05:30,35.97999954223633,32541.94921875,2699.89990234375,1349.0999755859375,24826.0,90.69999694824219,13.4350004196167
2026-02-16 10:37:00+05:30,35.970001220703125,32535.599609375,2698.5,1348.199951171875,24826.0,90.70500183105469,13.442500114440918
2026-02-16 10:38:00+05:30,35.93000030517578,32509.94921875,2695.0,1347.5999755859375,24826.0,90.70249938964844,13.475000381469727
2026-02-16 10:39:00+05:30,35.93000030517578,32498.69921875,2696.0,1347.0,24826.0,90.70249938964844,13.4375
2026-02-16 10:40:00+05:30,35.970001220703125,32531.650390625,2698.800048828125,1348.199951171875,24826.0,90.68099975585938,13.442500114440918
2026-02-16 10:41:00+05:30,35.959999084472656,32527.099609375,2698.300048828125,1348.4000244140625,24826.0,90.7074966430664,13.4375
2026-02-16 10:42:00+05:30,35.939998626708984,32514.099609375,2696.5,1347.0,24826.0,90.70249938964844,13.4399995803833
2026-02-16 10:43:00+05:30,35.95000076293945,32520.150390625,2697.0,1347.5,24826.0,90.69999694824219,13.447500228881836
2026-02-16 10:44:00+05:30,35.939998626708984,32518.19921875,2697.0,1347.0,24826.0,90.69750213623047,13.4350004196167
2026-02-16 10:45:00+05:30,35.939998626708984,32511.849609375,2696.0,1346.800048828125,24826.0,90.69999694824219,13.432499885559082
2026-02-16 10:46:00+05:30,35.91999816894531,32496.400390625,2694.10009765625,1346.199951171875,24826.0,90.7074966430664,13.442500114440918
2026-02-16 10:47:00+05:30,35.95000076293945,32512.44921875,2694.300048828125,1347.199951171875,24826.0,90.70500183105469,13.414999961853027
2026-02-16 10:48:00+05:30,35.939998626708984,32501.30078125,2693.199951171875,1347.4000244140625,24826.0,90.70999908447266,13.417499542236328
2026-02-16 10:49:00+05:30,35.90999984741211,32479.55078125,2691.699951171875,1346.4000244140625,24826.0,90.68800354003906,13.462499618530273
2026-02-16 10:50:00+05:30,35.88999938964844,32457.0,2688.300048828125,1345.699951171875,24826.0,90.70999908447266,13.430000305175781
2026-02-16 10:51:00+05:30,35.869998931884766,32452.80078125,2688.89990234375,1344.800048828125,24826.0,90.68900299072266,13.430000305175781
2026-02-16 10:52:00+05:30,35.86000061035156,32428.849609375,2686.10009765625,1343.199951171875,24826.0,90.70999908447266,13.447500228881836
2026-02-16 10:53:00+05:30,35.86000061035156,32427.69921875,2686.800048828125,1343.9000244140625,24826.0,90.7074966430664,13.444999694824219
2026-02-16 10:54:00+05:30,35.849998474121094,32424.849609375,2687.0,1343.699951171875,24826.0,90.69200134277344,13.4399995803833
2026-02-16 10:55:00+05:30,35.849998474121094,32425.599609375,2689.0,1343.800048828125,24826.0,90.70999908447266,13.412500381469727
2026-02-16 10:56:00+05:30,35.869998931884766,32440.0,2689.0,1344.4000244140625,24826.0,90.70999908447266,13.395000457763672
2026-02-16 10:57:00+05:30,35.869998931884766,32435.80078125,2688.5,1344.300048828125,24826.0,90.7125015258789,13.387499809265137
2026-02-16 10:58:00+05:30,35.880001068115234,32441.55078125,2689.0,1344.5,24826.0,90.70999908447266,13.390000343322754
2026-02-16 10:59:00+05:30,35.86000061035156,32432.0,2687.0,1344.699951171875,24826.0,90.69000244140625,13.395000457763672
2026-02-16 11:00:00+05:30,35.849998474121094,32419.849609375,2683.199951171875,1344.300048828125,24826.0,90.70999908447266,13.395000457763672
2026-02-16 11:01:00+05:30,35.790000915527344,32360.55078125,2679.5,1341.300048828125,24826.0,90.7074966430664,13.399999618530273
2026-02-16 11:02:00+05:30,35.79999923706055,32377.25,2680.39990234375,1342.300048828125,24826.0,90.70999908447266,13.40250015258789
2026-02-16 11:03:00+05:30,35.810001373291016,32376.099609375,2680.0,1342.0999755859375,24826.0,90.70249938964844,13.4399995803833
2026-02-16 11:04:00+05:30,35.81999969482422,32392.150390625,2681.0,1342.699951171875,24826.0,90.70500183105469,13.417499542236328
2026-02-16 11:05:00+05:30,35.86000061035156,32428.650390625,2683.300048828125,1344.0999755859375,24826.0,90.7074966430664,13.3725004196167
2026-02-16 11:06:00+05:30,35.86000061035156,32435.400390625,2684.39990234375,1344.699951171875,24826.0,90.7125015258789,13.3774995803833
2026-02-16 11:07:00+05:30,35.869998931884766,32433.80078125,2683.5,1344.5,24826.0,90.70500183105469,13.367500305175781
2026-02-16 11:08:00+05:30,35.86000061035156,32415.19921875,2682.300048828125,1344.0999755859375,24826.0,90.69200134277344,13.352499961853027
2026-02-16 11:09:00+05:30,35.849998474121094,32414.599609375,2682.300048828125,1343.800048828125,24826.0,90.70999908447266,13.367500305175781
2026-02-16 11:10:00+05:30,35.84000015258789,32406.099609375,2682.0,1343.300048828125,24826.0,90.69999694824219,13.359999656677246
2026-02-16 11:11:00+05:30,35.79999923706055,32388.099609375,2680.0,1342.199951171875,24826.0,90.69999694824219,13.404999732971191
2026-02-16 11:12:00+05:30,35.84000015258789,32407.80078125,2682.300048828125,1343.5999755859375,24826.0,90.69999694824219,13.3725004196167
2026-02-16 11:13:00+05:30,35.849998474121094,32418.44921875,2683.199951171875,1343.699951171875,24826.0,90.70249938964844,13.375
2026-02-16 11:14:00+05:30,35.849998474121094,32425.75,2681.89990234375,1344.0,24826.0,90.69750213623047,13.375
2026-02-16 11:15:00+05:30,35.84000015258789,32423.349609375,2682.0,1344.0,24826.0,90.69499969482422,13.354999542236328
2026-02-16 11:16:00+05:30,35.84000015258789,32402.650390625,2682.199951171875,1342.300048828125,24826.0,90.69750213623047,13.367500305175781
2026-02-16 11:17:00+05:30,35.84000015258789,32410.55078125,2682.39990234375,1342.5,24826.0,90.6780014038086,13.3774995803833
2026-02-16 11:18:00+05:30,35.84000015258789,32410.55078125,2682.39990234375,1342.300048828125,24826.0,90.69750213623047,13.354999542236328
2026-02-16 11:19:00+05:30,35.810001373291016,32395.19921875,2680.10009765625,1341.5999755859375,24826.0,90.69999694824219,13.350000381469727
2026-02-16 11:20:00+05:30,35.83000183105469,32412.599609375,2681.89990234375,1342.4000244140625,24826.0,90.70249938964844,13.362500190734863
2026-02-16 11:21:00+05:30,35.83000183105469,32402.80078125,2681.800048828125,1341.699951171875,24826.0,90.7074966430664,13.362500190734863
2026-02-16 11:22:00+05:30,35.83000183105469,32407.44921875,2681.699951171875,1342.0,24826.0,90.68399810791016,13.354999542236328
2026-02-16 11:23:00+05:30,35.83000183105469,32428.349609375,2682.89990234375,1342.9000244140625,24826.0,90.70249938964844,13.367500305175781
2026-02-16 11:24:00+05:30,35.869998931884766,32449.5,2683.300048828125,1343.5,24826.0,90.70500183105469,13.34749984741211
2026-02-16 11:25:00+05:30,35.849998474121094,32422.05078125,2682.39990234375,1342.0,24826.0,90.69499969482422,13.345000267028809
2026-02-16 11:26:00+05:30,35.81999969482422,32396.44921875,2681.0,1341.5,24826.0,90.69499969482422,13.367500305175781
2026-02-16 11:27:00+05:30,35.849998474121094,32420.25,2682.10009765625,1342.300048828125,24826.0,90.70249938964844,13.364999771118164
2026-02-16 11:28:00+05:30,35.81999969482422,32394.80078125,2680.10009765625,1341.0,24826.0,90.70249938964844,13.359999656677246
2026-02-16 11:29:00+05:30,35.79999923706055,32374.19921875,2679.800048828125,1340.199951171875,24826.0,90.70999908447266,13.382499694824219
2026-02-16 11:30:00+05:30,35.810001373291016,32385.349609375,2680.0,1340.800048828125,24826.0,90.70999908447266,13.390000343322754
2026-02-16 11:31:00+05:30,35.83000183105469,32399.849609375,2681.0,1341.5,24826.0,90.69750213623047,13.392499923706055
2026-02-16 11:32:00+05:30,35.849998474121094,32420.80078125,2682.39990234375,1342.699951171875,24826.0,90.69999694824219,13.380000114440918
2026-02-16 11:33:00+05:30,35.86000061035156,32428.650390625,2683.5,1342.699951171875,24826.0,90.70249938964844,13.397500038146973
2026-02-16 11:34:00+05:30,35.84000015258789,32405.900390625,2681.300048828125,1341.5,24826.0,90.70500183105469,13.367500305175781
2026-02-16 11:35:00+05:30,35.810001373291016,32385.44921875,2679.300048828125,1340.800048828125,24826.0,90.70999908447266,13.382499694824219
2026-02-16 11:36:00+05:30,35.849998474121094,32411.349609375,2681.800048828125,1341.300048828125,24826.0,90.70999908447266,13.350000381469727
2026-02-16 11:37:00+05:30,35.79999923706055,32384.150390625,2679.699951171875,1340.4000244140625,24826.0,90.70999908447266,13.319999694824219
2026-02-16 11:38:00+05:30,35.81999969482422,32391.150390625,2680.5,1340.699951171875,24826.0,90.7125015258789,13.292499542236328
2026-02-16 11:39:00+05:30,35.83000183105469,32397.0,2681.5,1340.5999755859375,24826.0,90.7074966430664,13.267499923706055
2026-02-16 11:40:00+05:30,35.84000015258789,32411.55078125,2681.60009765625,1341.4000244140625,24826.0,90.7074966430664,13.2524995803833
2026-02-16 11:41:00+05:30,35.83000183105469,32408.099609375,2681.0,1343.0999755859375,24826.0,90.7074966430664,13.260000228881836
2026-02-16 11:42:00+05:30,35.810001373291016,32395.94921875,2680.89990234375,1341.5,24826.0,90.70999908447266,13.267499923706055
2026-02-16 11:43:00+05:30,35.81999969482422,32378.349609375,2679.0,1341.199951171875,24826.0,90.70500183105469,13.2524995803833
2026-02-16 11:44:00+05:30,35.790000915527344,32367.599609375,2679.0,1340.699951171875,24826.0,90.70999908447266,13.270000457763672
2026-02-16 11:45:00+05:30,35.779998779296875,32354.80078125,2677.300048828125,1339.800048828125,24826.0,90.7125015258789,13.274999618530273
2026-02-16 11:46:00+05:30,35.7599983215332,32333.44921875,2676.0,1339.9000244140625,24826.0,90.70999908447266,13.295000076293945
2026-02-16 11:47:00+05:30,35.779998779296875,32348.650390625,2678.0,1340.699951171875,24826.0,90.7125015258789,13.292499542236328
2026-02-16 11:48:00+05:30,35.790000915527344,32358.55078125,2679.699951171875,1341.0,24826.0,90.7074966430664,13.3100004196167
2026-02-16 11:49:00+05:30,35.790000915527344,32370.349609375,2680.699951171875,1340.5999755859375,24826.0,90.70500183105469,13.317500114440918
2026-02-16 11:50:00+05:30,35.79999923706055,32381.55078125,2681.39990234375,1341.0999755859375,24826.0,90.69599914550781,13.322500228881836
2026-02-16 11:51:00+05:30,35.81999969482422,32389.25,2681.39990234375,1340.699951171875,24826.0,90.70999908447266,13.317500114440918
2026-02-16 11:52:00+05:30,35.810001373291016,32382.650390625,2679.10009765625,1340.5999755859375,24826.0,90.71499633789062,13.324999809265137
2026-02-16 11:53:00+05:30,35.81999969482422,32392.44921875,2680.0,1340.699951171875,24826.0,90.70500183105469,13.329999923706055
2026-02-16 11:54:00+05:30,35.810001373291016,32385.05078125,2679.300048828125,1341.5,24826.0,90.7074966430664,13.359999656677246
2026-02-16 11:55:00+05:30,35.83000183105469,32404.05078125,2680.60009765625,1342.800048828125,24826.0,90.70999908447266,13.329999923706055
2026-02-16 11:56:00+05:30,35.81999969482422,32392.5,2679.89990234375,1342.800048828125,24826.0,90.70500183105469,13.329999923706055
2026-02-16 11:57:00+05:30,35.84000015258789,32407.599609375,2681.60009765625,1343.5999755859375,24826.0,90.68499755859375,13.34000015258789
2026-02-16 11:58:00+05:30,35.84000015258789,32411.69921875,2683.300048828125,1344.0,24826.0,90.70999908447266,13.317500114440918
2026-02-16 11:59:00+05:30,35.84000015258789,32413.599609375,2683.89990234375,1343.699951171875,24826.0,90.70999908447266,13.305000305175781
2026-02-16 12:00:00+05:30,35.849998474121094,32441.849609375,2685.800048828125,1344.800048828125,24826.0,90.7125015258789,13.302499771118164
2026-02-16 12:01:00+05:30,35.86000061035156,32437.650390625,2684.0,1344.800048828125,24826.0,90.69400024414062,13.302499771118164
2026-02-16 12:02:00+05:30,35.880001068115234,32447.25,2685.0,1345.5,24826.0,90.70999908447266,13.302499771118164
2026-02-16 12:03:00+05:30,35.880001068115234,32457.44921875,2685.300048828125,1346.199951171875,24826.0,90.7074966430664,13.307499885559082
2026-02-16 12:04:00+05:30,35.869998931884766,32453.849609375,2684.39990234375,1345.800048828125,24826.0,90.70999908447266,13.300000190734863
2026-02-16 12:05:00+05:30,35.880001068115234,32453.0,2685.0,1345.800048828125,24826.0,90.7074966430664,13.297499656677246
2026-02-16 12:06:00+05:30,35.88999938964844,32466.25,2688.0,1345.9000244140625,24826.0,90.70999908447266,13.28499984741211
2026-02-16 12:07:00+05:30,35.91999816894531,32492.849609375,2689.0,1347.699951171875,24826.0,90.7074966430664,13.295000076293945
2026-02-16 12:08:00+05:30,35.91999816894531,32486.400390625,2688.39990234375,1347.9000244140625,24826.0,90.7074966430664,13.297499656677246
2026-02-16 12:09:00+05:30,35.900001525878906,32470.099609375,2687.300048828125,1347.0999755859375,24826.0,90.70500183105469,13.317500114440918
2026-02-16 12:10:00+05:30,35.90999984741211,32483.19921875,2688.60009765625,1347.5,24826.0,90.70500183105469,13.292499542236328
2026-02-16 12:11:00+05:30,35.90999984741211,32489.150390625,2687.699951171875,1348.0999755859375,24826.0,90.69000244140625,13.324999809265137
2026-02-16 12:12:00+05:30,35.90999984741211,32482.30078125,2688.0,1347.9000244140625,24826.0,90.70500183105469,13.34000015258789
2026-02-16 12:13:00+05:30,35.900001525878906,32472.25,2686.5,1347.5,24826.0,90.69999694824219,13.327500343322754
2026-02-16 12:14:00+05:30,35.869998931884766,32447.599609375,2685.0,1346.4000244140625,24826.0,90.70500183105469,13.327500343322754
2026-02-16 12:15:00+05:30,35.849998474121094,32418.349609375,2682.60009765625,1344.5,24826.0,90.70249938964844,13.337499618530273
2026-02-16 12:16:00+05:30,35.849998474121094,32425.69921875,2683.800048828125,1343.9000244140625,24826.0,90.70500183105469,13.322500228881836
2026-02-16 12:17:00+05:30,35.880001068115234,32452.0,2685.60009765625,1346.0,24826.0,90.70500183105469,13.305000305175781
2026-02-16 12:18:00+05:30,35.900001525878906,32482.55078125,2688.199951171875,1346.699951171875,24826.0,90.70500183105469,13.3100004196167
2026-02-16 12:19:00+05:30,35.90999984741211,32483.599609375,2689.300048828125,1346.800048828125,24826.0,90.70500183105469,13.329999923706055
2026-02-16 12:20:00+05:30,35.880001068115234,32452.05078125,2686.60009765625,1345.0,24826.0,90.70249938964844,13.322500228881836
2026-02-16 12:21:00+05:30,35.880001068115234,32442.30078125,2685.10009765625,1344.5999755859375,24826.0,90.69999694824219,13.352499961853027
2026-02-16 12:22:00+05:30,35.880001068115234,32454.0,2687.0,1345.199951171875,24826.0,90.6875,13.362500190734863
2026-02-16 12:23:00+05:30,35.880001068115234,32473.900390625,2688.5,1346.4000244140625,24826.0,90.6875,13.362500190734863
2026-02-16 12:24:00+05:30,35.880001068115234,32478.599609375,2689.699951171875,1346.5999755859375,24826.0,90.68499755859375,13.359999656677246
2026-02-16 12:25:00+05:30,35.880001068115234,32463.650390625,2689.0,1345.800048828125,24826.0,90.69249725341797,13.34000015258789
2026-02-16 12:26:00+05:30,35.880001068115234,32487.30078125,2692.199951171875,1347.0,24826.0,90.69000244140625,13.359999656677246
2026-02-16 12:27:00+05:30,35.880001068115234,32489.75,2692.300048828125,1347.0,24826.0,90.69499969482422,13.359999656677246
2026-02-16 12:28:00+05:30,35.880001068115234,32478.69921875,2691.800048828125,1346.5,24826.0,90.69499969482422,13.362500190734863
2026-02-16 12:29:00+05:30,35.880001068115234,32500.05078125,2693.39990234375,1347.9000244140625,24826.0,90.69999694824219,13.357500076293945
2026-02-16 12:30:00+05:30,35.900001525878906,32504.75,2692.300048828125,1348.5,24826.0,90.69499969482422,13.324999809265137
2026-02-16 12:31:00+05:30,35.880001068115234,32496.900390625,2692.60009765625,1348.5,24826.0,90.69750213623047,13.27750015258789
2026-02-16 12:32:00+05:30,35.900001525878906,32504.30078125,2693.0,1349.300048828125,24826.0,90.68499755859375,13.270000457763672
2026-02-16 12:33:00+05:30,35.91999816894531,32503.349609375,2693.5,1348.5999755859375,24826.0,90.68499755859375,13.242500305175781
2026-02-16 12:34:00+05:30,35.91999816894531,32502.80078125,2694.0,1348.0,24826.0,90.69000244140625,13.25
2026-02-16 12:35:00+05:30,35.900001525878906,32491.150390625,2692.800048828125,1347.9000244140625,24826.0,90.6719970703125,13.260000228881836
2026-02-16 12:36:00+05:30,35.869998931884766,32458.650390625,2691.0,1346.5,24826.0,90.69000244140625,13.28499984741211
2026-02-16 12:37:00+05:30,35.869998931884766,32459.849609375,2689.0,1348.0,24826.0,90.69499969482422,13.319999694824219
2026-02-16 12:38:00+05:30,35.869998931884766,32453.94921875,2689.0,1347.699951171875,24826.0,90.69499969482422,13.327500343322754
2026-02-16 12:39:00+05:30,35.869998931884766,32448.650390625,2688.800048828125,1347.5999755859375,24826.0,90.70500183105469,13.329999923706055
2026-02-16 12:40:00+05:30,35.86000061035156,32447.75,2688.5,1347.5,24826.0,90.7125015258789,13.337499618530273
2026-02-16 12:41:00+05:30,35.88999938964844,32461.5,2689.0,1348.5,24826.0,90.71749877929688,13.337499618530273
2026-02-16 12:42:00+05:30,35.880001068115234,32456.400390625,2686.39990234375,1348.0,24826.0,90.71499633789062,13.337499618530273
2026-02-16 12:59:00+05:30,35.779998779296875,32374.650390625,2683.39990234375,1345.4000244140625,24826.0,90.70500183105469,13.352499961853027
2026-02-16 13:00:00+05:30,35.810001373291016,32388.69921875,2684.699951171875,1346.199951171875,24826.0,90.70999908447266,13.3774995803833
2026-02-16 13:01:00+05:30,35.81999969482422,32389.30078125,2683.199951171875,1346.0,24826.0,90.70500183105469,13.345000267028809
2026-02-16 13:02:00+05:30,35.79999923706055,32387.55078125,2684.10009765625,1346.199951171875,24826.0,90.7074966430664,13.354999542236328
2026-02-16 13:03:00+05:30,35.81999969482422,32403.19921875,2685.0,1347.0,24826.0,90.70999908447266,13.352499961853027
2026-02-16 13:04:00+05:30,35.849998474121094,32416.099609375,2687.0,1347.0999755859375,24826.0,90.7074966430664,13.3774995803833
2026-02-16 13:05:00+05:30,35.869998931884766,32447.099609375,2688.0,1348.800048828125,24826.0,90.7074966430664,13.3725004196167
2026-02-16 13:06:00+05:30,35.869998931884766,32441.599609375,2687.89990234375,1348.4000244140625,24826.0,90.7074966430664,13.369999885559082
2026-02-16 13:07:00+05:30,35.849998474121094,32429.900390625,2687.89990234375,1347.800048828125,24826.0,90.7074966430664,13.375
2026-02-16 13:08:00+05:30,35.86000061035156,32428.80078125,2687.699951171875,1347.699951171875,24826.0,90.70500183105469,13.375
2026-02-16 13:09:00+05:30,35.86000061035156,32430.94921875,2688.300048828125,1348.0,24826.0,90.70249938964844,13.359999656677246
2026-02-16 13:10:00+05:30,35.869998931884766,32437.099609375,2689.5,1348.0,24826.0,90.70500183105469,13.322500228881836
2026-02-16 13:11:00+05:30,35.86000061035156,32432.44921875,2688.89990234375,1347.699951171875,24826.0,90.71499633789062,13.319999694824219
2026-02-16 13:12:00+05:30,35.849998474121094,32420.0,2687.89990234375,1346.5999755859375,24826.0,90.70500183105469,13.342499732971191
2026-02-16 13:13:00+05:30,35.86000061035156,32433.599609375,2688.800048828125,1347.4000244140625,24826.0,90.69999694824219,13.345000267028809
2026-02-16 13:14:00+05:30,35.84000015258789,32418.69921875,2686.89990234375,1346.300048828125,24826.0,90.70249938964844,13.332500457763672
2026-02-16 13:15:00+05:30,35.849998474121094,32417.19921875,2686.5,1346.199951171875,24826.0,90.69999694824219,13.317500114440918
2026-02-16 13:16:00+05:30,35.849998474121094,32419.099609375,2685.5,1346.0,24826.0,90.66500091552734,13.324999809265137
2026-02-16 13:17:00+05:30,35.849998474121094,32417.849609375,2686.300048828125,1346.300048828125,24826.0,90.6875,13.342499732971191
2026-02-16 13:18:00+05:30,35.849998474121094,32431.19921875,2686.800048828125,1346.800048828125,24826.0,90.69000244140625,13.337499618530273
2026-02-16 13:19:00+05:30,35.849998474121094,32436.0,2686.89990234375,1346.699951171875,24826.0,90.69249725341797,13.332500457763672
2026-02-16 13:20:00+05:30,35.880001068115234,32454.44921875,2689.0,1347.300048828125,24826.0,90.69249725341797,13.3149995803833
2026-02-16 13:21:00+05:30,35.88999938964844,32456.0,2689.89990234375,1347.5,24826.0,90.69249725341797,13.319999694824219
2026-02-16 13:22:00+05:30,35.91999816894531,32469.69921875,2689.699951171875,1347.5999755859375,24826.0,90.69000244140625,13.297499656677246
2026-02-16 13:23:00+05:30,35.90999984741211,32468.599609375,2690.699951171875,1347.9000244140625,24826.0,90.69999694824219,13.3125
2026-02-16 13:24:00+05:30,35.90999984741211,32463.599609375,2690.0,1347.5,24826.0,90.7074966430664,13.295000076293945
2026-02-16 13:25:00+05:30,35.88999938964844,32452.599609375,2690.0,1346.5,24826.0,90.69999694824219,13.307499885559082
2026-02-16 13:26:00+05:30,35.88999938964844,32457.44921875,2691.800048828125,1346.4000244140625,24826.0,90.70999908447266,13.279999732971191
2026-02-16 13:27:00+05:30,35.88999938964844,32459.150390625,2691.89990234375,1346.5999755859375,24826.0,90.70999908447266,13.279999732971191
2026-02-16 13:28:00+05:30,35.880001068115234,32459.5,2692.0,1347.0,24826.0,90.7074966430664,13.265000343322754
2026-02-16 13:29:00+05:30,35.900001525878906,32466.75,2693.39990234375,1347.0999755859375,24826.0,90.70999908447266,13.267499923706055
2026-02-16 13:30:00+05:30,35.869998931884766,32432.69921875,2690.5,1345.699951171875,24826.0,90.69999694824219,13.287500381469727
2026-02-16 13:31:00+05:30,35.849998474121094,32418.099609375,2688.0,1345.300048828125,24826.0,90.69499969482422,13.3100004196167
2026-02-16 13:32:00+05:30,35.84000015258789,32399.849609375,2686.0,1345.4000244140625,24826.0,90.69999694824219,13.297499656677246
2026-02-16 13:33:00+05:30,35.869998931884766,32432.349609375,2690.199951171875,1346.0,24826.0,90.69750213623047,13.300000190734863
2026-02-16 13:34:00+05:30,35.86000061035156,32430.849609375,2688.800048828125,1345.5999755859375,24826.0,90.69750213623047,13.3100004196167
2026-02-16 13:35:00+05:30,35.880001068115234,32433.849609375,2689.60009765625,1346.199951171875,24826.0,90.69499969482422,13.287500381469727
2026-02-16 13:36:00+05:30,35.880001068115234,32441.5,2690.0,1346.199951171875,24826.0,90.69249725341797,13.300000190734863
2026-02-16 13:37:00+05:30,35.880001068115234,32437.5,2689.0,1346.5999755859375,24826.0,90.65799713134766,13.27750015258789
2026-02-16 13:38:00+05:30,35.849998474121094,32425.55078125,2689.199951171875,1345.199951171875,24826.0,90.70249938964844,13.289999961853027
2026-02-16 13:39:00+05:30,35.880001068115234,32437.69921875,2689.800048828125,1346.4000244140625,24826.0,90.66500091552734,13.265000343322754
2026-02-16 13:40:00+05:30,35.86000061035156,32424.55078125,2688.0,1346.199951171875,24826.0,90.69999694824219,13.257499694824219
2026-02-16 13:41:00+05:30,35.86000061035156,32429.30078125,2688.300048828125,1346.0999755859375,24826.0,90.677001953125,13.244999885559082
2026-02-16 13:42:00+05:30,35.86000061035156,32419.94921875,2686.89990234375,1345.5999755859375,24826.0,90.66799926757812,13.260000228881836
2026-02-16 13:43:00+05:30,35.86000061035156,32432.400390625,2687.39990234375,1346.4000244140625,24826.0,90.69499969482422,13.25
2026-02-16 13:44:00+05:30,35.86000061035156,32430.30078125,2687.89990234375,1346.300048828125,24826.0,90.70249938964844,13.274999618530273
2026-02-16 13:45:00+05:30,35.849998474121094,32428.25,2687.39990234375,1345.699951171875,24826.0,90.6729965209961,13.257499694824219
2026-02-16 13:46:00+05:30,35.86000061035156,32439.69921875,2688.60009765625,1346.0999755859375,24826.0,90.69999694824219,13.265000343322754
2026-02-16 13:47:00+05:30,35.869998931884766,32437.55078125,2689.10009765625,1346.0,24826.0,90.69999694824219,13.270000457763672
2026-02-16 13:48:00+05:30,35.849998474121094,32431.349609375,2688.699951171875,1345.800048828125,24826.0,90.70249938964844,13.279999732971191
2026-02-16 13:49:00+05:30,35.84000015258789,32428.599609375,2689.0,1345.699951171875,24826.0,90.70500183105469,13.282500267028809
2026-02-16 13:50:00+05:30,35.880001068115234,32445.099609375,2690.699951171875,1346.199951171875,24826.0,90.6719970703125,13.27750015258789
2026-02-16 13:51:00+05:30,35.869998931884766,32436.150390625,2689.5,1346.0,24826.0,90.69999694824219,13.302499771118164
2026-02-16 13:52:00+05:30,35.849998474121094,32433.55078125,2689.0,1345.5,24826.0,90.69750213623047,13.34749984741211
2026-02-16 13:53:00+05:30,35.869998931884766,32443.599609375,2690.199951171875,1346.0,24826.0,90.69000244140625,13.34000015258789
2026-02-16 13:54:00+05:30,35.849998474121094,32416.900390625,2686.199951171875,1344.5999755859375,24826.0,90.70249938964844,13.352499961853027
2026-02-16 13:55:00+05:30,35.83000183105469,32398.599609375,2685.39990234375,1343.300048828125,24826.0,90.70249938964844,13.395000457763672
2026-02-16 13:56:00+05:30,35.79999923706055,32381.599609375,2685.0,1342.0999755859375,24826.0,90.69999694824219,13.364999771118164
2026-02-16 13:57:00+05:30,35.81999969482422,32384.599609375,2685.199951171875,1343.199951171875,24826.0,90.69999694824219,13.390000343322754
2026-02-16 13:58:00+05:30,35.810001373291016,32384.80078125,2684.5,1343.9000244140625,24826.0,90.69499969482422,13.404999732971191
2026-02-16 13:59:00+05:30,35.810001373291016,32383.599609375,2684.5,1344.800048828125,24826.0,90.66500091552734,13.425000190734863
2026-02-16 14:00:00+05:30,35.810001373291016,32385.849609375,2684.699951171875,1345.0,24826.0,90.69499969482422,13.399999618530273
2026-02-16 14:01:00+05:30,35.83000183105469,32396.44921875,2686.60009765625,1345.5,24826.0,90.69249725341797,13.40250015258789
2026-02-16 14:02:00+05:30,35.83000183105469,32399.25,2686.699951171875,1345.5999755859375,24826.0,90.66200256347656,13.362500190734863
2026-02-16 14:03:00+05:30,35.810001373291016,32384.05078125,2685.0,1344.699951171875,24826.0,90.6500015258789,13.399999618530273
2026-02-16 14:04:00+05:30,35.79999923706055,32379.5,2684.5,1344.699951171875,24826.0,90.62200164794922,13.3725004196167
2026-02-16 14:05:00+05:30,35.790000915527344,32355.099609375,2682.60009765625,1343.5999755859375,24826.0,90.6500015258789,13.390000343322754
2026-02-16 14:06:00+05:30,35.790000915527344,32364.19921875,2682.800048828125,1343.0999755859375,24826.0,90.61900329589844,13.367500305175781
2026-02-16 14:07:00+05:30,35.810001373291016,32384.80078125,2684.0,1344.5999755859375,24826.0,90.6624984741211,13.367500305175781
2026-02-16 14:08:00+05:30,35.79999923706055,32373.599609375,2682.89990234375,1343.9000244140625,24826.0,90.64099884033203,13.380000114440918
2026-02-16 14:09:00+05:30,35.790000915527344,32363.30078125,2682.0,1343.5,24826.0,90.63899993896484,13.362500190734863
2026-02-16 14:10:00+05:30,35.79999923706055,32367.5,2681.89990234375,1343.0999755859375,24826.0,90.66500091552734,13.364999771118164
2026-02-16 14:11:00+05:30,35.79999923706055,32383.849609375,2683.0,1344.699951171875,24826.0,90.6624984741211,13.354999542236328
2026-02-16 14:12:00+05:30,35.79999923706055,32379.150390625,2683.0,1344.199951171875,24826.0,90.66000366210938,13.364999771118164
2026-02-16 14:13:00+05:30,35.810001373291016,32379.94921875,2684.60009765625,1344.0,24826.0,90.6500015258789,13.335000038146973
2026-02-16 14:14:00+05:30,35.810001373291016,32387.75,2684.89990234375,1344.9000244140625,24826.0,90.62750244140625,13.329999923706055
2026-02-16 14:15:00+05:30,35.83000183105469,32395.099609375,2685.10009765625,1345.4000244140625,24826.0,90.625,13.345000267028809
2026-02-16 14:16:00+05:30,35.83000183105469,32394.30078125,2685.39990234375,1344.5999755859375,24826.0,90.61750030517578,13.34749984741211
2026-02-16 14:17:00+05:30,35.81999969482422,32386.25,2685.300048828125,1344.199951171875,24826.0,90.62000274658203,13.327500343322754
2026-02-16 14:18:00+05:30,35.79999923706055,32371.849609375,2684.300048828125,1343.5999755859375,24826.0,90.62999725341797,13.342499732971191
2026-02-16 14:19:00+05:30,35.790000915527344,32375.099609375,2685.0,1344.0999755859375,24826.0,90.63500213623047,13.337499618530273
2026-02-16 14:20:00+05:30,35.810001373291016,32380.5,2685.199951171875,1344.5,24826.0,90.63749694824219,13.324999809265137
2026-02-16 14:21:00+05:30,35.79999923706055,32377.849609375,2685.300048828125,1344.0999755859375,24826.0,90.60800170898438,13.337499618530273
2026-02-16 14:22:00+05:30,35.79999923706055,32374.69921875,2685.0,1344.300048828125,24826.0,90.63249969482422,13.337499618530273
2026-02-16 14:23:00+05:30,35.79999923706055,32385.849609375,2685.89990234375,1345.0999755859375,24826.0,90.63249969482422,13.34000015258789
2026-02-16 14:24:00+05:30,35.79999923706055,32376.5,2686.0,1344.800048828125,24826.0,90.63249969482422,13.342499732971191
2026-02-16 14:25:00+05:30,35.849998474121094,32428.0,2689.60009765625,1348.0999755859375,24826.0,90.62999725341797,13.335000038146973
2026-02-16 14:26:00+05:30,35.880001068115234,32445.55078125,2690.0,1350.300048828125,24826.0,90.5999984741211,13.329999923706055
2026-02-16 14:27:00+05:30,35.900001525878906,32471.099609375,2693.0,1350.5999755859375,24826.0,90.64250183105469,13.322500228881836
2026-02-16 14:28:00+05:30,35.90999984741211,32512.94921875,2697.0,1353.800048828125,24826.0,90.6449966430664,13.3125
2026-02-16 14:29:00+05:30,35.9900016784668,32553.30078125,2698.300048828125,1356.199951171875,24826.0,90.64749908447266,13.332500457763672
2026-02-16 14:30:00+05:30,36.0,32560.5,2698.60009765625,1356.4000244140625,24826.0,90.65249633789062,13.3149995803833
2026-02-16 14:31:00+05:30,35.97999954223633,32561.75,2698.300048828125,1356.5,24826.0,90.6500015258789,13.302499771118164
2026-02-16 14:32:00+05:30,36.02000045776367,32575.400390625,2699.800048828125,1356.5999755859375,24826.0,90.6500015258789,13.292499542236328
2026-02-16 14:33:00+05:30,36.0,32572.099609375,2699.699951171875,1357.0,24826.0,90.63749694824219,13.260000228881836
2026-02-16 14:34:00+05:30,36.06999969482422,32644.80078125,2706.0,1359.699951171875,24826.0,90.63749694824219,13.3149995803833
2026-02-16 14:35:00+05:30,36.09000015258789,32636.099609375,2701.5,1360.0,24826.0,90.64250183105469,13.342499732971191
2026-02-16 14:36:00+05:30,36.08000183105469,32633.900390625,2703.89990234375,1360.300048828125,24826.0,90.64250183105469,13.337499618530273
2026-02-16 14:37:00+05:30,36.09000015258789,32641.650390625,2703.60009765625,1361.5,24826.0,90.65249633789062,13.357500076293945
2026-02-16 14:38:00+05:30,36.04999923706055,32602.5,2700.0,1360.0999755859375,24826.0,90.61199951171875,13.332500457763672
2026-02-16 14:39:00+05:30,36.040000915527344,32592.19921875,2699.300048828125,1359.300048828125,24826.0,90.61100006103516,13.329999923706055
2026-02-16 14:40:00+05:30,36.02000045776367,32594.05078125,2697.5,1358.800048828125,24826.0,90.64250183105469,13.332500457763672
2026-02-16 14:41:00+05:30,36.02000045776367,32572.94921875,2696.10009765625,1357.699951171875,24826.0,90.63999938964844,13.319999694824219
2026-02-16 14:42:00+05:30,36.029998779296875,32591.19921875,2698.39990234375,1358.199951171875,24826.0,90.6449966430664,13.324999809265137
2026-02-16 14:43:00+05:30,36.029998779296875,32606.05078125,2699.0,1358.5999755859375,24826.0,90.63999938964844,13.324999809265137
2026-02-16 14:44:00+05:30,36.06999969482422,32632.44921875,2699.60009765625,1359.5999755859375,24826.0,90.63749694824219,13.342499732971191
2026-02-16 14:45:00+05:30,36.02000045776367,32590.25,2696.39990234375,1358.199951171875,24826.0,90.62999725341797,13.364999771118164
2026-02-16 14:46:00+05:30,36.040000915527344,32592.5,2696.800048828125,1357.800048828125,24826.0,90.63249969482422,13.399999618530273
2026-02-16 14:47:00+05:30,36.02000045776367,32590.55078125,2695.89990234375,1358.4000244140625,24826.0,90.6500015258789,13.392499923706055
2026-02-16 14:48:00+05:30,36.04999923706055,32607.80078125,2696.300048828125,1359.5999755859375,24826.0,90.65249633789062,13.40250015258789
2026-02-16 14:49:00+05:30,36.06999969482422,32627.599609375,2698.39990234375,1360.0,24826.0,90.6500015258789,13.392499923706055
2026-02-16 14:50:00+05:30,36.060001373291016,32617.55078125,2697.39990234375,1359.5999755859375,24826.0,90.65249633789062,13.442500114440918
2026-02-16 14:51:00+05:30,36.060001373291016,32610.05078125,2697.5,1358.800048828125,24826.0,90.65249633789062,13.412500381469727
2026-02-16 14:52:00+05:30,36.02000045776367,32583.44921875,2695.199951171875,1358.0999755859375,24826.0,90.65249633789062,13.414999961853027
2026-02-16 14:53:00+05:30,36.02000045776367,32570.849609375,2693.89990234375,1356.800048828125,24826.0,90.6500015258789,13.399999618530273
2026-02-16 14:54:00+05:30,36.040000915527344,32593.44921875,2695.10009765625,1357.5999755859375,24826.0,90.65750122070312,13.425000190734863
2026-02-16 14:55:00+05:30,36.029998779296875,32605.150390625,2696.0,1358.0999755859375,24826.0,90.6500015258789,13.449999809265137
2026-02-16 14:56:00+05:30,36.04999923706055,32616.150390625,2697.39990234375,1359.0999755859375,24826.0,90.6500015258789,13.444999694824219
2026-02-16 14:57:00+05:30,36.029998779296875,32593.80078125,2696.5,1356.800048828125,24826.0,90.63999938964844,13.422499656677246
2026-02-16 14:58:00+05:30,36.099998474121094,32668.849609375,2698.300048828125,1361.0999755859375,24826.0,90.64250183105469,13.444999694824219
2026-02-16 14:59:00+05:30,36.099998474121094,32661.599609375,2698.0,1360.5,24826.0,90.6500015258789,13.4399995803833
2026-02-16 15:00:00+05:30,36.13999938964844,32688.80078125,2701.800048828125,1361.9000244140625,24826.0,90.6500015258789,13.40250015258789
2026-02-16 15:01:00+05:30,36.15999984741211,32701.19921875,2702.39990234375,1362.0,24826.0,90.63999938964844,13.345000267028809
2026-02-16 15:02:00+05:30,36.150001525878906,32683.44921875,2701.39990234375,1362.0999755859375,24826.0,90.65249633789062,13.385000228881836
2026-02-16 15:03:00+05:30,36.15999984741211,32686.150390625,2700.60009765625,1362.699951171875,24826.0,90.6500015258789,13.40250015258789
2026-02-16 15:04:00+05:30,36.15999984741211,32694.44921875,2700.89990234375,1363.300048828125,24826.0,90.65249633789062,13.369999885559082
2026-02-16 15:05:00+05:30,36.150001525878906,32681.05078125,2700.0,1363.300048828125,24826.0,90.6449966430664,13.359999656677246
2026-02-16 15:06:00+05:30,36.13999938964844,32682.599609375,2699.89990234375,1363.300048828125,24826.0,90.61599731445312,13.342499732971191
2026-02-16 15:07:00+05:30,36.150001525878906,32691.44921875,2699.699951171875,1364.199951171875,24826.0,90.65750122070312,13.319999694824219
2026-02-16 15:08:00+05:30,36.15999984741211,32711.94921875,2700.10009765625,1365.0,24826.0,90.65750122070312,13.289999961853027
2026-02-16 15:09:00+05:30,36.209999084472656,32743.5,2700.0,1367.800048828125,24826.0,90.6624984741211,13.307499885559082
2026-02-16 15:10:00+05:30,36.22999954223633,32762.25,2705.300048828125,1367.300048828125,24826.0,90.66000366210938,13.27750015258789
2026-02-16 15:11:00+05:30,36.220001220703125,32756.30078125,2707.0,1367.0,24826.0,90.61499786376953,13.282500267028809
2026-02-16 15:12:00+05:30,36.2400016784668,32771.3515625,2707.800048828125,1367.5999755859375,24826.0,90.65249633789062,13.260000228881836
2026-02-16 15:13:00+05:30,36.209999084472656,32747.30078125,2706.199951171875,1366.199951171875,24826.0,90.65249633789062,13.267499923706055
2026-02-16 15:14:00+05:30,36.20000076293945,32750.5,2707.0,1366.699951171875,24826.0,90.6500015258789,13.28499984741211
2026-02-16 15:15:00+05:30,36.20000076293945,32754.400390625,2707.699951171875,1365.699951171875,24826.0,90.63999938964844,13.274999618530273
2026-02-16 15:16:00+05:30,36.189998626708984,32757.19921875,2708.0,1366.0,24826.0,90.63249969482422,13.279999732971191
2026-02-16 15:17:00+05:30,36.209999084472656,32752.75,2708.89990234375,1365.0,24826.0,90.63249969482422,13.279999732971191
2026-02-16 15:18:00+05:30,36.209999084472656,32748.400390625,2708.5,1365.199951171875,24826.0,90.64749908447266,13.322500228881836
2026-02-16 15:19:00+05:30,36.220001220703125,32753.80078125,2708.800048828125,1365.0,24826.0,90.61299896240234,13.3125
2026-02-16 15:20:00+05:30,36.220001220703125,32766.19921875,2713.0,1366.199951171875,24826.0,90.6500015258789,13.319999694824219
2026-02-16 15:21:00+05:30,36.209999084472656,32743.69921875,2709.60009765625,1365.0999755859375,24826.0,90.6500015258789,13.307499885559082
2026-02-16 15:22:00+05:30,36.189998626708984,32741.80078125,2708.699951171875,1365.5999755859375,24826.0,90.64749908447266,13.322500228881836
2026-02-16 15:23:00+05:30,36.209999084472656,32765.94921875,2712.0,1366.199951171875,24826.0,90.62999725341797,13.322500228881836
2026-02-16 15:24:00+05:30,36.22999954223633,32771.19921875,2713.60009765625,1365.800048828125,24826.0,90.6500015258789,13.359999656677246
2026-02-16 15:25:00+05:30,36.25,32788.3515625,2715.699951171875,1367.0999755859375,24826.0,90.64749908447266,13.359999656677246
2026-02-16 15:26:00+05:30,36.25,32795.0,2713.800048828125,1368.199951171875,24826.0,90.65249633789062,13.345000267028809
2026-02-16 15:27:00+05:30,36.2599983215332,32790.55078125,2711.800048828125,1368.300048828125,24826.0,90.64749908447266,13.359999656677246
2026-02-16 15:28:00+05:30,36.27000045776367,32806.1484375,2710.89990234375,1369.0999755859375,24826.0,90.6500015258789,13.395000457763672
2026-02-16 15:29:00+05:30,36.25,32801.1484375,2713.5,1370.0,24826.0,90.6449966430664,13.274999618530273
2026-02-16 15:30:00+05:30,36.25,32801.1484375,2713.5,1370.0,24826.0,90.61299896240234,13.274999618530273
2026-02-17 09:00:00+05:30,36.25,32801.1484375,2713.5,1370.0,24826.0,90.66600036621094,13.274999618530273
2026-02-17 09:01:00+05:30,36.25,32801.1484375,2713.5,1370.0,24826.0,90.68000030517578,13.274999618530273
2026-02-17 09:02:00+05:30,36.25,32801.1484375,2713.5,1370.0,24826.0,90.69249725341797,13.274999618530273
2026-02-17 09:03:00+05:30,36.25,32801.1484375,2713.5,1370.0,24826.0,90.69999694824219,13.274999618530273
2026-02-17 09:04:00+05:30,36.25,32801.1484375,2713.5,1370.0,24826.0,90.69750213623047,13.274999618530273
2026-02-17 09:05:00+05:30,36.25,32801.1484375,2713.5,1370.0,24826.0,90.70249938964844,13.274999618530273
2026-02-17 09:06:00+05:30,36.25,32801.1484375,2713.5,1370.0,24826.0,90.69000244140625,13.274999618530273
2026-02-17 09:07:00+05:30,36.25,32801.1484375,2713.5,1370.0,24826.0,90.7249984741211,13.274999618530273
2026-02-17 09:08:00+05:30,36.25,32801.1484375,2713.5,1370.0,24826.0,90.72250366210938,13.274999618530273
2026-02-17 09:09:00+05:30,36.25,32801.1484375,2713.5,1370.0,24826.0,90.72000122070312,13.274999618530273
2026-02-17 09:10:00+05:30,36.25,32801.1484375,2713.5,1370.0,24826.0,90.72250366210938,13.274999618530273
2026-02-17 09:11:00+05:30,36.25,32801.1484375,2713.5,1370.0,24826.0,90.7300033569336,13.274999618530273
2026-02-17 09:12:00+05:30,36.25,32801.1484375,2713.5,1370.0,24826.0,90.7300033569336,13.274999618530273
2026-02-17 09:13:00+05:30,36.25,32801.1484375,2713.5,1370.0,24826.0,90.7249984741211,13.274999618530273
2026-02-17 09:14:00+05:30,36.25,32801.1484375,2713.5,1370.0,24826.0,90.7300033569336,13.274999618530273
2026-02-17 09:15:00+05:30,36.2599983215332,32830.3515625,2706.60009765625,1377.5999755859375,24826.0,90.71099853515625,13.260000228881836
2026-02-17 09:16:00+05:30,36.36000061035156,32914.8515625,2716.89990234375,1379.5999755859375,24826.0,90.73750305175781,13.2524995803833
2026-02-17 09:17:00+05:30,36.529998779296875,33084.25,2729.0,1386.800048828125,24826.0,90.71499633789062,13.279999732971191
2026-02-17 09:18:00+05:30,36.66999816894531,33204.30078125,2741.10009765625,1392.0,24826.0,90.73750305175781,13.255000114440918
2026-02-17 09:19:00+05:30,36.630001068115234,33138.3515625,2733.0,1386.9000244140625,24826.0,90.74250030517578,13.170000076293945
2026-02-17 09:20:00+05:30,36.540000915527344,33045.25,2727.800048828125,1381.5999755859375,24826.0,90.74500274658203,13.234999656677246
2026-02-17 09:21:00+05:30,36.540000915527344,33051.8515625,2728.60009765625,1382.5,24826.0,90.72799682617188,13.237500190734863
2026-02-17 09:22:00+05:30,36.54999923706055,33055.1484375,2727.60009765625,1384.0999755859375,24826.0,90.73200225830078,13.225000381469727
2026-02-17 09:23:00+05:30,36.47999954223633,32998.1484375,2721.60009765625,1381.0,24826.0,90.73999786376953,13.265000343322754
2026-02-17 09:24:00+05:30,36.470001220703125,32989.69921875,2720.39990234375,1380.9000244140625,24826.0,90.74749755859375,13.255000114440918
2026-02-17 09:25:00+05:30,36.470001220703125,32995.44921875,2721.199951171875,1380.0,24826.0,90.74500274658203,13.2524995803833
2026-02-17 09:26:00+05:30,36.470001220703125,32991.44921875,2723.5,1378.300048828125,24826.0,90.74500274658203,13.2475004196167
2026-02-17 09:27:00+05:30,36.400001525878906,32938.1015625,2718.39990234375,1376.0,24826.0,90.7229995727539,13.265000343322754
2026-02-17 09:28:00+05:30,36.45000076293945,32978.55078125,2720.0,1381.300048828125,24826.0,90.73999786376953,13.234999656677246
2026-02-17 09:29:00+05:30,36.540000915527344,33037.69921875,2725.89990234375,1384.0,24826.0,90.74500274658203,13.260000228881836
2026-02-17 09:30:00+05:30,36.599998474121094,33125.75,2727.5,1391.5999755859375,24826.0,90.75,13.244999885559082
2026-02-17 09:31:00+05:30,36.650001525878906,33167.6015625,2733.699951171875,1393.0,24826.0,90.75250244140625,13.225000381469727
2026-02-17 09:32:00+05:30,36.779998779296875,33293.05078125,2747.699951171875,1400.0,24826.0,90.72599792480469,13.170000076293945
2026-02-17 09:33:00+05:30,36.880001068115234,33367.3984375,2752.0,1404.699951171875,24826.0,90.75,13.137499809265137
2026-02-17 09:34:00+05:30,36.83000183105469,33323.05078125,2746.199951171875,1402.9000244140625,24826.0,90.75,13.1225004196167
2026-02-17 09:35:00+05:30,36.79999923706055,33278.75,2742.300048828125,1396.199951171875,24826.0,90.75250244140625,13.119999885559082
2026-02-17 09:36:00+05:30,36.7400016784668,33248.80078125,2738.60009765625,1395.5999755859375,24826.0,90.75749969482422,13.132499694824219
2026-02-17 09:37:00+05:30,36.79999923706055,33285.1015625,2739.10009765625,1398.5999755859375,24826.0,90.73600006103516,13.194999694824219
2026-02-17 09:38:00+05:30,36.84000015258789,33317.69921875,2739.60009765625,1401.4000244140625,24826.0,90.75,13.15250015258789
2026-02-17 09:39:00+05:30,36.849998474121094,33327.80078125,2740.800048828125,1402.0,24826.0,90.73750305175781,13.119999885559082
2026-02-17 09:40:00+05:30,36.91999816894531,33403.6015625,2747.699951171875,1406.800048828125,24826.0,90.72000122070312,13.117500305175781
2026-02-17 09:41:00+05:30,36.91999816894531,33388.1015625,2745.89990234375,1403.5999755859375,24826.0,90.74250030517578,13.15250015258789
2026-02-17 09:42:00+05:30,36.900001525878906,33372.55078125,2742.10009765625,1403.5,24826.0,90.73999786376953,13.145000457763672
2026-02-17 09:43:00+05:30,36.900001525878906,33367.80078125,2739.0,1402.9000244140625,24826.0,90.74250030517578,13.095000267028809
2026-02-17 09:44:00+05:30,36.869998931884766,33313.6484375,2734.0,1400.0999755859375,24826.0,90.74749755859375,13.102499961853027
2026-02-17 09:45:00+05:30,36.84000015258789,33329.6015625,2734.89990234375,1403.199951171875,24826.0,90.74749755859375,13.119999885559082
2026-02-17 09:46:00+05:30,36.869998931884766,33344.05078125,2735.89990234375,1404.4000244140625,24826.0,90.74749755859375,13.119999885559082
2026-02-17 09:47:00+05:30,36.869998931884766,33353.44921875,2735.0,1404.5999755859375,24826.0,90.71700286865234,13.147500038146973
2026-02-17 09:48:00+05:30,36.849998474121094,33326.94921875,2737.5,1402.699951171875,24826.0,90.75,13.15999984741211
2026-02-17 09:49:00+05:30,36.86000061035156,33331.80078125,2737.699951171875,1403.800048828125,24826.0,90.71199798583984,13.170000076293945
2026-02-17 09:50:00+05:30,36.86000061035156,33331.05078125,2738.800048828125,1402.5,24826.0,90.74749755859375,13.1875
2026-02-17 09:51:00+05:30,36.880001068115234,33369.25,2739.10009765625,1404.9000244140625,24826.0,90.75,13.140000343322754
2026-02-17 09:52:00+05:30,36.900001525878906,33372.05078125,2740.199951171875,1405.300048828125,24826.0,90.75,13.130000114440918
2026-02-17 09:53:00+05:30,36.91999816894531,33405.94921875,2742.5,1407.0,24826.0,90.75250244140625,13.1225004196167
2026-02-17 09:54:00+05:30,36.959999084472656,33439.44921875,2743.89990234375,1409.300048828125,24826.0,90.75250244140625,13.112500190734863
2026-02-17 09:55:00+05:30,36.97999954223633,33454.25,2748.699951171875,1408.5999755859375,24826.0,90.75250244140625,13.117500305175781
2026-02-17 09:56:00+05:30,36.97999954223633,33438.19921875,2746.60009765625,1408.300048828125,24826.0,90.71700286865234,13.074999809265137
2026-02-17 09:57:00+05:30,37.0,33480.6015625,2749.5,1410.0,24826.0,90.75,13.077500343322754
2026-02-17 09:58:00+05:30,37.0,33494.55078125,2749.60009765625,1410.0999755859375,24826.0,90.75250244140625,13.0600004196167
2026-02-17 09:59:00+05:30,37.0099983215332,33473.6484375,2749.89990234375,1409.5999755859375,24826.0,90.75499725341797,13.055000305175781
2026-02-17 10:00:00+05:30,37.0099983215332,33471.3984375,2749.5,1409.699951171875,24826.0,90.75749969482422,13.072500228881836
2026-02-17 10:01:00+05:30,36.97999954223633,33425.1484375,2746.699951171875,1406.4000244140625,24826.0,90.75749969482422,13.0600004196167
2026-02-17 10:02:00+05:30,36.900001525878906,33387.1015625,2739.39990234375,1405.0999755859375,24826.0,90.73999786376953,13.069999694824219
2026-02-17 10:03:00+05:30,36.869998931884766,33345.5,2737.39990234375,1403.0,24826.0,90.76499938964844,13.069999694824219
2026-02-17 10:04:00+05:30,36.880001068115234,33368.8984375,2739.0,1403.800048828125,24826.0,90.75749969482422,13.072500228881836
2026-02-17 10:05:00+05:30,36.86000061035156,33327.69921875,2736.0,1402.199951171875,24826.0,90.75749969482422,13.069999694824219
2026-02-17 10:06:00+05:30,36.84000015258789,33320.94921875,2735.10009765625,1400.5999755859375,24826.0,90.75749969482422,13.072500228881836
2026-02-17 10:07:00+05:30,36.810001373291016,33307.05078125,2734.800048828125,1400.0,24826.0,90.75749969482422,13.079999923706055
2026-02-17 10:08:00+05:30,36.849998474121094,33332.69921875,2738.0,1401.0,24826.0,90.76249694824219,13.0
2026-02-17 10:09:00+05:30,36.84000015258789,33327.44921875,2738.0,1401.199951171875,24826.0,90.76000213623047,13.017499923706055
2026-02-17 10:10:00+05:30,36.900001525878906,33380.19921875,2743.0,1403.699951171875,24826.0,90.76249694824219,13.022500038146973
2026-02-17 10:11:00+05:30,36.900001525878906,33393.8515625,2744.10009765625,1405.199951171875,24826.0,90.75,12.987500190734863
2026-02-17 10:12:00+05:30,36.900001525878906,33369.6484375,2741.60009765625,1404.800048828125,24826.0,90.76249694824219,12.979999542236328
2026-02-17 10:13:00+05:30,36.900001525878906,33398.8515625,2743.300048828125,1405.5999755859375,24826.0,90.76000213623047,12.9399995803833
2026-02-17 10:14:00+05:30,36.91999816894531,33385.75,2743.199951171875,1405.199951171875,24826.0,90.76249694824219,12.932499885559082
2026-02-17 10:15:00+05:30,36.88999938964844,33366.3984375,2743.0,1404.5999755859375,24826.0,90.76000213623047,12.960000038146973
2026-02-17 10:16:00+05:30,36.900001525878906,33370.69921875,2744.300048828125,1404.800048828125,24826.0,90.76249694824219,12.925000190734863
2026-02-17 10:17:00+05:30,36.88999938964844,33361.25,2746.0,1404.800048828125,24826.0,90.76499938964844,12.920000076293945
2026-02-17 10:18:00+05:30,36.900001525878906,33378.55078125,2745.60009765625,1405.9000244140625,24826.0,90.76499938964844,12.90250015258789
2026-02-17 10:19:00+05:30,36.90999984741211,33389.6015625,2747.10009765625,1406.300048828125,24826.0,90.7699966430664,12.912500381469727
2026-02-17 10:20:00+05:30,36.90999984741211,33378.75,2745.10009765625,1406.4000244140625,24826.0,90.76000213623047,12.90250015258789
2026-02-17 10:21:00+05:30,36.900001525878906,33370.19921875,2744.0,1405.9000244140625,24826.0,90.76000213623047,12.922499656677246
2026-02-17 10:22:00+05:30,36.880001068115234,33365.80078125,2742.0,1406.0,24826.0,90.76249694824219,12.895000457763672
2026-02-17 10:23:00+05:30,36.880001068115234,33355.8984375,2742.60009765625,1405.9000244140625,24826.0,90.76000213623047,12.904999732971191
2026-02-17 10:24:00+05:30,36.869998931884766,33346.3515625,2740.10009765625,1405.5999755859375,24826.0,90.75,12.895000457763672
2026-02-17 10:25:00+05:30,36.880001068115234,33347.05078125,2740.0,1403.9000244140625,24826.0,90.76499938964844,12.904999732971191
2026-02-17 10:26:00+05:30,36.86000061035156,33335.94921875,2739.199951171875,1404.5999755859375,24826.0,90.74700164794922,12.895000457763672
2026-02-17 10:27:00+05:30,36.84000015258789,33312.80078125,2736.60009765625,1404.0,24826.0,90.76499938964844,12.927499771118164
2026-02-17 10:28:00+05:30,36.83000183105469,33312.6015625,2737.39990234375,1403.699951171875,24826.0,90.73500061035156,12.899999618530273
2026-02-17 10:29:00+05:30,36.84000015258789,33327.19921875,2738.199951171875,1404.5,24826.0,90.76499938964844,12.892499923706055
2026-02-17 10:30:00+05:30,36.900001525878906,33366.3984375,2739.89990234375,1407.0999755859375,24618.5,90.76499938964844,12.885000228881836
2026-02-17 10:31:00+05:30,36.880001068115234,33371.80078125,2740.0,1407.0999755859375,24619.25,90.76249694824219,12.917499542236328
2026-02-17 10:32:00+05:30,36.900001525878906,33380.1015625,2740.699951171875,1407.300048828125,24616.25,90.76499938964844,12.9375
2026-02-17 10:33:00+05:30,36.900001525878906,33388.1015625,2742.5,1407.4000244140625,24615.75,90.76249694824219,12.975000381469727
2026-02-17 10:34:00+05:30,36.880001068115234,33361.19921875,2738.800048828125,1407.300048828125,24613.5,90.76249694824219,12.944999694824219
2026-02-17 10:35:00+05:30,36.869998931884766,33345.5,2737.800048828125,1406.0,24610.25,90.76000213623047,12.9350004196167
2026-02-17 10:36:00+05:30,36.900001525878906,33368.69921875,2739.39990234375,1407.0999755859375,24608.75,90.76499938964844,12.967499732971191
2026-02-17 10:37:00+05:30,36.81999969482422,33317.1484375,2735.300048828125,1404.5999755859375,24610.25,90.76499938964844,12.967499732971191
2026-02-17 10:38:00+05:30,36.81999969482422,33315.6484375,2734.199951171875,1405.4000244140625,24606.25,90.76249694824219,12.970000267028809
2026-02-17 10:39:00+05:30,36.79999923706055,33293.3515625,2732.0,1404.0,24612.5,90.76249694824219,12.962499618530273
2026-02-17 10:40:00+05:30,36.81999969482422,33328.5,2732.800048828125,1405.5,24616.5,90.76000213623047,12.975000381469727
2026-02-17 10:41:00+05:30,36.83000183105469,33331.30078125,2732.5,1406.800048828125,24614.25,90.76499938964844,12.960000038146973
2026-02-17 10:42:00+05:30,36.810001373291016,33319.44921875,2731.0,1406.699951171875,24614.0,90.76750183105469,12.954999923706055
2026-02-17 10:43:00+05:30,36.779998779296875,33266.8515625,2727.300048828125,1404.199951171875,24611.25,90.74500274658203,12.9399995803833
2026-02-17 10:44:00+05:30,36.75,33246.1484375,2726.0,1403.5999755859375,24600.75,90.73500061035156,12.957500457763672
2026-02-17 10:45:00+05:30,36.810001373291016,33296.94921875,2730.800048828125,1405.300048828125,24602.0,90.76249694824219,12.952500343322754
2026-02-17 10:46:00+05:30,36.790000915527344,33280.3984375,2729.800048828125,1404.5,24600.75,90.76499938964844,12.977499961853027
2026-02-17 10:47:00+05:30,36.79999923706055,33287.55078125,2731.300048828125,1405.0,24596.75,90.76750183105469,12.970000267028809
2026-02-17 10:48:00+05:30,36.81999969482422,33303.1015625,2732.699951171875,1405.4000244140625,24596.25,90.76750183105469,13.007499694824219
2026-02-17 10:49:00+05:30,36.79999923706055,33289.0,2732.699951171875,1404.4000244140625,24584.75,90.76750183105469,13.010000228881836
2026-02-17 10:50:00+05:30,36.77000045776367,33284.1484375,2732.300048828125,1404.699951171875,24584.0,90.77749633789062,13.024999618530273
2026-02-17 10:51:00+05:30,36.7599983215332,33269.44921875,2730.39990234375,1403.9000244140625,24589.5,90.76000213623047,13.029999732971191
2026-02-17 10:52:00+05:30,36.75,33249.6484375,2728.800048828125,1403.0999755859375,24600.75,90.75749969482422,13.017499923706055
2026-02-17 10:53:00+05:30,36.75,33241.6484375,2729.699951171875,1401.5,24593.75,90.76000213623047,13.020000457763672
2026-02-17 10:54:00+05:30,36.75,33235.1015625,2728.5,1401.0,24591.0,90.75749969482422,13.037500381469727
2026-02-17 10:55:00+05:30,36.75,33243.55078125,2729.39990234375,1401.0,24588.5,90.75749969482422,13.032500267028809
2026-02-17 10:56:00+05:30,36.7599983215332,33250.8515625,2730.5,1401.0999755859375,24593.0,90.76000213623047,13.02750015258789
2026-02-17 10:57:00+05:30,36.7599983215332,33255.69921875,2730.5,1402.5,24594.25,90.75749969482422,13.02750015258789
2026-02-17 10:58:00+05:30,36.75,33235.1484375,2728.699951171875,1401.4000244140625,24596.25,90.76000213623047,13.022500038146973
2026-02-17 10:59:00+05:30,36.779998779296875,33264.94921875,2732.199951171875,1403.4000244140625,24598.5,90.75749969482422,13.010000228881836
2026-02-17 11:00:00+05:30,36.81999969482422,33301.30078125,2734.89990234375,1405.199951171875,24601.75,90.76000213623047,13.012499809265137
2026-02-17 11:01:00+05:30,36.84000015258789,33325.8515625,2737.10009765625,1406.5,24596.5,90.73500061035156,12.979999542236328
2026-02-17 11:02:00+05:30,36.81999969482422,33311.55078125,2736.0,1405.5999755859375,24596.5,90.76249694824219,12.979999542236328
2026-02-17 11:03:00+05:30,36.79999923706055,33281.69921875,2733.0,1405.199951171875,24587.0,90.76499938964844,13.0024995803833
2026-02-17 11:04:00+05:30,36.79999923706055,33296.5,2733.89990234375,1405.9000244140625,24576.0,90.72599792480469,13.017499923706055
2026-02-17 11:05:00+05:30,36.779998779296875,33276.6484375,2730.39990234375,1405.0999755859375,24564.0,90.76499938964844,13.007499694824219
2026-02-17 11:06:00+05:30,36.790000915527344,33275.1015625,2731.699951171875,1403.4000244140625,24569.25,90.73400115966797,13.029999732971191
2026-02-17 11:07:00+05:30,36.790000915527344,33309.55078125,2732.39990234375,1405.800048828125,24578.75,90.76499938964844,13.020000457763672
2026-02-17 11:08:00+05:30,36.79999923706055,33299.3515625,2732.60009765625,1405.0999755859375,24580.5,90.76750183105469,13.020000457763672
2026-02-17 11:09:00+05:30,36.81999969482422,33309.69921875,2733.300048828125,1405.800048828125,24580.0,90.76750183105469,13.047499656677246
2026-02-17 11:10:00+05:30,36.79999923706055,33301.6015625,2732.5,1405.199951171875,24586.25,90.76249694824219,13.057499885559082
2026-02-17 11:11:00+05:30,36.81999969482422,33313.75,2732.199951171875,1405.199951171875,24598.25,90.76249694824219,13.039999961853027
2026-02-17 11:12:00+05:30,36.79999923706055,33296.3515625,2731.0,1404.0999755859375,24593.75,90.76249694824219,13.015000343322754
2026-02-17 11:13:00+05:30,36.79999923706055,33285.30078125,2730.39990234375,1403.5,24598.0,90.76249694824219,13.015000343322754
2026-02-17 11:14:00+05:30,36.790000915527344,33299.30078125,2731.39990234375,1404.199951171875,24598.25,90.76000213623047,12.947500228881836
2026-02-17 11:15:00+05:30,36.810001373291016,33314.44921875,2732.39990234375,1405.0,24596.75,90.76249694824219,12.944999694824219
2026-02-17 11:16:00+05:30,36.81999969482422,33307.69921875,2733.5,1405.0999755859375,24599.25,90.76000213623047,12.96500015258789
2026-02-17 11:17:00+05:30,36.81999969482422,33316.05078125,2734.300048828125,1405.5,24599.0,90.76499938964844,12.957500457763672
2026-02-17 11:18:00+05:30,36.83000183105469,33320.3984375,2733.0,1405.5999755859375,24609.75,90.76249694824219,12.927499771118164
2026-02-17 11:19:00+05:30,36.81999969482422,33320.80078125,2733.800048828125,1405.0,24609.5,90.76000213623047,12.927499771118164
2026-02-17 11:20:00+05:30,36.83000183105469,33318.44921875,2733.0,1405.199951171875,24607.5,90.76000213623047,12.930000305175781
2026-02-17 11:21:00+05:30,36.81999969482422,33301.80078125,2732.300048828125,1405.0999755859375,24595.5,90.75499725341797,12.927499771118164
2026-02-17 11:22:00+05:30,36.79999923706055,33303.1015625,2732.10009765625,1405.5999755859375,24599.25,90.73999786376953,12.899999618530273
2026-02-17 11:23:00+05:30,36.81999969482422,33298.6015625,2731.199951171875,1405.4000244140625,24589.5,90.75250244140625,12.892499923706055
2026-02-17 11:24:00+05:30,36.81999969482422,33316.3515625,2731.5,1406.9000244140625,24581.25,90.75,12.904999732971191
2026-02-17 11:25:00+05:30,36.83000183105469,33325.30078125,2734.0,1406.5999755859375,24583.25,90.75,12.899999618530273
2026-02-17 11:26:00+05:30,36.869998931884766,33367.5,2737.0,1409.0,24587.0,90.71800231933594,12.904999732971191
2026-02-17 11:27:00+05:30,36.88999938964844,33381.6484375,2737.199951171875,1410.300048828125,24590.25,90.75499725341797,12.895000457763672
2026-02-17 11:28:00+05:30,36.91999816894531,33405.8515625,2738.800048828125,1412.300048828125,24580.25,90.76000213623047,12.90999984741211
2026-02-17 11:29:00+05:30,36.939998626708984,33439.6015625,2740.39990234375,1414.0,24582.75,90.75250244140625,12.907500267028809
2026-02-17 11:30:00+05:30,36.959999084472656,33445.6015625,2741.10009765625,1414.4000244140625,24593.0,90.75250244140625,12.892499923706055
2026-02-17 11:31:00+05:30,36.97999954223633,33482.44921875,2743.199951171875,1417.300048828125,24588.5,90.76499938964844,12.899999618530273
2026-02-17 11:32:00+05:30,37.040000915527344,33554.44921875,2752.0,1419.0,24601.0,90.76000213623047,12.890000343322754
2026-02-17 11:33:00+05:30,37.08000183105469,33603.8515625,2754.199951171875,1421.199951171875,24597.5,90.76000213623047,12.899999618530273
2026-02-17 11:34:00+05:30,37.06999969482422,33581.3984375,2753.60009765625,1419.4000244140625,24597.25,90.76000213623047,12.8774995803833
2026-02-17 11:35:00+05:30,37.04999923706055,33547.44921875,2748.300048828125,1420.0,24600.25,90.76249694824219,12.885000228881836
2026-02-17 11:36:00+05:30,37.04999923706055,33590.0,2752.199951171875,1423.199951171875,24598.75,90.76249694824219,12.880000114440918
2026-02-17 11:37:00+05:30,37.099998474121094,33613.3515625,2753.89990234375,1424.0,24601.5,90.76249694824219,12.854999542236328
2026-02-17 11:38:00+05:30,37.119998931884766,33622.6015625,2756.199951171875,1425.5999755859375,24609.25,90.76000213623047,12.845000267028809
2026-02-17 11:39:00+05:30,37.130001068115234,33621.94921875,2755.300048828125,1424.0999755859375,24620.0,90.76249694824219,12.84000015258789
2026-02-17 11:40:00+05:30,37.09000015258789,33581.69921875,2752.699951171875,1422.0,24628.75,90.76249694824219,12.829999923706055
2026-02-17 11:41:00+05:30,37.060001373291016,33548.3515625,2750.89990234375,1420.199951171875,24622.75,90.76499938964844,12.835000038146973
2026-02-17 11:42:00+05:30,37.02000045776367,33496.0,2746.0,1417.5,24624.25,90.76000213623047,12.854999542236328
2026-02-17 11:43:00+05:30,37.029998779296875,33523.94921875,2747.60009765625,1420.5,24626.0,90.76000213623047,12.850000381469727
2026-02-17 11:44:00+05:30,37.04999923706055,33560.25,2749.89990234375,1423.300048828125,24620.0,90.76249694824219,12.867500305175781
2026-02-17 11:45:00+05:30,37.06999969482422,33587.6015625,2752.89990234375,1424.199951171875,24619.5,90.76499938964844,12.845000267028809
2026-02-17 11:46:00+05:30,37.08000183105469,33576.8515625,2750.89990234375,1424.699951171875,24622.25,90.76750183105469,12.854999542236328
2026-02-17 11:47:00+05:30,37.09000015258789,33577.6015625,2752.199951171875,1424.300048828125,24622.25,90.76499938964844,12.869999885559082
2026-02-17 11:48:00+05:30,37.150001525878906,33613.75,2754.39990234375,1426.4000244140625,24622.75,90.76750183105469,12.854999542236328
2026-02-17 11:49:00+05:30,37.150001525878906,33637.05078125,2756.0,1427.0999755859375,24620.25,90.76499938964844,12.852499961853027
2026-02-17 11:50:00+05:30,37.150001525878906,33629.6015625,2754.300048828125,1426.4000244140625,24616.5,90.76499938964844,12.857500076293945
2026-02-17 11:51:00+05:30,37.150001525878906,33640.6015625,2755.300048828125,1426.5999755859375,24618.0,90.76499938964844,12.862500190734863
2026-02-17 11:52:00+05:30,37.15999984741211,33646.05078125,2756.5,1426.300048828125,24614.0,90.76000213623047,12.8774995803833
2026-02-17 11:53:00+05:30,37.150001525878906,33659.80078125,2756.5,1426.800048828125,24612.5,90.76499938964844,12.882499694824219
2026-02-17 11:54:00+05:30,37.18000030517578,33654.8984375,2756.5,1426.300048828125,24611.75,90.76750183105469,12.880000114440918
2026-02-17 11:55:00+05:30,37.16999816894531,33643.80078125,2755.39990234375,1425.199951171875,24610.75,90.76499938964844,12.875
2026-02-17 11:56:00+05:30,37.130001068115234,33620.6484375,2755.0,1424.199951171875,24614.0,90.76750183105469,12.862500190734863
2026-02-17 11:57:00+05:30,37.11000061035156,33592.3984375,2750.0,1423.199951171875,24612.75,90.76499938964844,12.845000267028809
2026-02-17 11:58:00+05:30,37.09000015258789,33578.94921875,2750.0,1422.300048828125,24612.25,90.76499938964844,12.835000038146973
2026-02-17 11:59:00+05:30,37.099998474121094,33598.55078125,2750.0,1422.9000244140625,24610.25,90.76750183105469,12.832500457763672
2026-02-17 12:00:00+05:30,37.099998474121094,33586.19921875,2748.800048828125,1423.0,24607.5,90.7750015258789,12.822500228881836
2026-02-17 12:01:00+05:30,37.11000061035156,33621.0,2751.89990234375,1424.4000244140625,24604.0,90.7699966430664,12.824999809265137
2026-02-17 12:02:00+05:30,37.13999938964844,33633.8984375,2752.60009765625,1424.699951171875,24607.0,90.77249908447266,12.822500228881836
2026-02-17 12:03:00+05:30,37.119998931884766,33619.19921875,2751.39990234375,1424.0,24612.0,90.7699966430664,12.762499809265137
2026-02-17 12:04:00+05:30,37.130001068115234,33615.8515625,2750.60009765625,1424.4000244140625,24604.75,90.76750183105469,12.8125
2026-02-17 12:05:00+05:30,37.130001068115234,33609.8984375,2751.0,1424.0,24609.75,90.73999786376953,12.807499885559082
2026-02-17 12:06:00+05:30,37.13999938964844,33617.8515625,2751.89990234375,1425.0,24613.5,90.7699966430664,12.797499656677246
2026-02-17 12:07:00+05:30,37.130001068115234,33606.80078125,2751.89990234375,1424.5,24613.25,90.75299835205078,12.789999961853027
2026-02-17 12:08:00+05:30,37.13999938964844,33609.44921875,2751.60009765625,1424.4000244140625,24612.25,90.76750183105469,12.8100004196167
2026-02-17 12:09:00+05:30,37.130001068115234,33592.5,2750.300048828125,1424.199951171875,24616.0,90.7699966430664,12.805000305175781
2026-02-17 12:10:00+05:30,37.13999938964844,33607.6484375,2750.5,1425.199951171875,24628.25,90.76750183105469,12.795000076293945
2026-02-17 12:11:00+05:30,37.119998931884766,33604.30078125,2750.800048828125,1424.9000244140625,24638.25,90.75,12.802499771118164
2026-02-17 12:12:00+05:30,37.130001068115234,33631.75,2752.0,1427.0999755859375,24633.0,90.73999786376953,12.8100004196167
2026-02-17 12:13:00+05:30,37.13999938964844,33616.1484375,2750.10009765625,1426.199951171875,24631.25,90.76499938964844,12.789999961853027
2026-02-17 12:14:00+05:30,37.119998931884766,33615.5,2750.800048828125,1426.300048828125,24629.25,90.76750183105469,12.802499771118164
2026-02-17 12:15:00+05:30,37.130001068115234,33627.3515625,2751.0,1427.699951171875,24628.25,90.73400115966797,12.770000457763672
2026-02-17 12:16:00+05:30,37.13999938964844,33634.1484375,2751.60009765625,1427.800048828125,24638.0,90.76499938964844,12.787500381469727
2026-02-17 12:17:00+05:30,37.150001525878906,33650.19921875,2752.60009765625,1429.4000244140625,24624.25,90.74299621582031,12.782500267028809
2026-02-17 12:18:00+05:30,37.16999816894531,33677.8984375,2754.10009765625,1429.4000244140625,24624.25,90.76499938964844,12.762499809265137
2026-02-17 12:19:00+05:30,37.18000030517578,33672.3515625,2755.199951171875,1429.0999755859375,24624.0,90.76249694824219,12.789999961853027
2026-02-17 12:20:00+05:30,37.20000076293945,33686.30078125,2756.0,1430.0,24623.5,90.76499938964844,12.77750015258789
2026-02-17 12:21:00+05:30,37.16999816894531,33668.6015625,2754.0,1429.0,24631.25,90.76750183105469,12.774999618530273
2026-02-17 12:22:00+05:30,37.18000030517578,33658.0,2753.10009765625,1428.199951171875,24631.25,90.73899841308594,12.762499809265137
2026-02-17 12:23:00+05:30,37.20000076293945,33694.69921875,2754.199951171875,1430.300048828125,24630.0,90.7699966430664,12.72249984741211
2026-02-17 12:24:00+05:30,37.189998626708984,33681.6015625,2753.60009765625,1429.5,24631.5,90.77249908447266,12.720000267028809
2026-02-17 12:25:00+05:30,37.20000076293945,33691.80078125,2755.5,1428.800048828125,24629.5,90.7699966430664,12.725000381469727
2026-02-17 12:26:00+05:30,37.189998626708984,33692.80078125,2755.0,1429.199951171875,24628.0,90.7699966430664,12.725000381469727
2026-02-17 12:27:00+05:30,37.20000076293945,33675.3515625,2753.0,1428.699951171875,24629.0,90.7699966430664,12.737500190734863
2026-02-17 12:28:00+05:30,37.16999816894531,33658.3515625,2750.10009765625,1428.4000244140625,24632.75,90.7699966430664,12.7475004196167
2026-02-17 12:29:00+05:30,37.13999938964844,33643.8515625,2749.89990234375,1427.699951171875,24627.25,90.73100280761719,12.760000228881836
2026-02-17 12:30:00+05:30,37.11000061035156,33607.55078125,2746.10009765625,1426.0,24620.5,90.76000213623047,12.770000457763672
2026-02-17 12:31:00+05:30,37.09000015258789,33605.6484375,2746.60009765625,1425.800048828125,24614.25,90.76750183105469,12.762499809265137
2026-02-17 12:32:00+05:30,37.09000015258789,33592.1015625,2745.800048828125,1426.0,24617.25,90.77249908447266,12.757499694824219
2026-02-17 12:33:00+05:30,37.08000183105469,33591.05078125,2745.699951171875,1425.5999755859375,24609.25,90.77249908447266,12.757499694824219
2026-02-17 12:34:00+05:30,37.06999969482422,33568.5,2744.10009765625,1424.4000244140625,24611.5,90.77249908447266,12.717499732971191
2026-02-17 12:35:00+05:30,37.040000915527344,33557.6015625,2744.0,1423.0999755859375,24608.0,90.74600219726562,12.757499694824219
2026-02-17 12:36:00+05:30,37.04999923706055,33567.05078125,2743.800048828125,1424.199951171875,24604.0,90.74800109863281,12.782500267028809
2026-02-17 12:37:00+05:30,37.0099983215332,33527.69921875,2741.10009765625,1421.4000244140625,24609.25,90.77749633789062,12.774999618530273
2026-02-17 12:38:00+05:30,37.0,33511.3984375,2740.0,1421.699951171875,24603.0,90.7750015258789,12.765000343322754
2026-02-17 12:39:00+05:30,37.02000045776367,33525.6015625,2741.300048828125,1422.0,24602.75,90.76000213623047,12.779999732971191
2026-02-17 12:40:00+05:30,37.029998779296875,33546.44921875,2742.89990234375,1422.9000244140625,24604.0,90.75499725341797,12.757499694824219
2026-02-17 12:41:00+05:30,37.029998779296875,33528.05078125,2741.300048828125,1421.5,24602.0,90.75250244140625,12.767499923706055
2026-02-17 12:42:00+05:30,37.0099983215332,33520.05078125,2740.10009765625,1421.5999755859375,24605.75,90.75499725341797,12.774999618530273
2026-02-17 12:43:00+05:30,37.02000045776367,33531.55078125,2741.10009765625,1422.300048828125,24608.75,90.75499725341797,12.772500038146973
2026-02-17 12:44:00+05:30,37.040000915527344,33540.6484375,2742.60009765625,1422.300048828125,24600.5,90.75,12.757499694824219
2026-02-17 12:45:00+05:30,37.060001373291016,33541.6015625,2741.800048828125,1423.0,24602.5,90.75749969482422,12.737500190734863
2026-02-17 12:46:00+05:30,37.04999923706055,33549.5,2743.0,1423.199951171875,24603.75,90.76000213623047,12.717499732971191
2026-02-17 12:47:00+05:30,37.060001373291016,33542.44921875,2742.699951171875,1423.0999755859375,24609.75,90.76499938964844,12.729999542236328
2026-02-17 12:48:00+05:30,37.04999923706055,33557.6484375,2744.0,1423.9000244140625,24607.5,90.7300033569336,12.692500114440918
2026-02-17 12:49:00+05:30,37.04999923706055,33556.80078125,2743.0,1424.300048828125,24605.75,90.7239990234375,12.699999809265137
2026-02-17 12:50:00+05:30,37.040000915527344,33545.3984375,2742.89990234375,1422.199951171875,24610.75,90.72599792480469,12.6899995803833
2026-02-17 12:51:00+05:30,37.040000915527344,33556.6484375,2746.0,1422.0,24605.5,90.7300033569336,12.72249984741211
2026-02-17 12:52:00+05:30,37.09000015258789,33583.1015625,2749.89990234375,1422.5,24605.25,90.76000213623047,12.682499885559082
2026-02-17 12:53:00+05:30,37.11000061035156,33599.0,2750.0,1423.0,24605.25,90.73300170898438,12.632499694824219
2026-02-17 12:54:00+05:30,37.08000183105469,33570.3984375,2748.0,1420.699951171875,24612.5,90.76000213623047,12.642499923706055
2026-02-17 12:55:00+05:30,37.06999969482422,33561.8984375,2748.300048828125,1420.9000244140625,24607.0,90.73200225830078,12.670000076293945
2026-02-17 12:56:00+05:30,37.06999969482422,33548.05078125,2748.0,1420.4000244140625,24603.0,90.7300033569336,12.680000305175781
2026-02-17 12:57:00+05:30,37.060001373291016,33534.0,2748.10009765625,1419.5,24599.5,90.76000213623047,12.697500228881836
2026-02-17 12:58:00+05:30,37.040000915527344,33547.6015625,2750.39990234375,1418.5999755859375,24590.25,90.73999786376953,12.6850004196167
2026-02-17 12:59:00+05:30,37.060001373291016,33540.19921875,2750.10009765625,1419.0,24591.5,90.75749969482422,12.734999656677246
2026-02-17 13:00:00+05:30,37.06999969482422,33540.30078125,2750.10009765625,1419.199951171875,24589.5,90.76249694824219,12.734999656677246
2026-02-17 13:01:00+05:30,37.06999969482422,33565.80078125,2754.0,1420.9000244140625,24590.5,90.73300170898438,12.734999656677246
2026-02-17 13:02:00+05:30,37.09000015258789,33572.44921875,2753.89990234375,1420.9000244140625,24597.0,90.76499938964844,12.699999809265137
2026-02-17 13:03:00+05:30,37.04999923706055,33554.5,2751.60009765625,1419.699951171875,24592.75,90.76249694824219,12.710000038146973
2026-02-17 13:04:00+05:30,37.029998779296875,33512.3984375,2750.5,1416.199951171875,24590.75,90.76499938964844,12.692500114440918
2026-02-17 13:05:00+05:30,37.0099983215332,33508.8984375,2750.0,1417.5999755859375,24594.0,90.76249694824219,12.6899995803833
2026-02-17 13:06:00+05:30,37.040000915527344,33541.25,2752.699951171875,1418.5999755859375,24600.0,90.76000213623047,12.702500343322754
2026-02-17 13:07:00+05:30,37.06999969482422,33567.0,2754.0,1420.0999755859375,24616.5,90.7249984741211,12.65250015258789
2026-02-17 13:08:00+05:30,37.09000015258789,33587.0,2755.199951171875,1421.699951171875,24621.25,90.75749969482422,12.682499885559082
2026-02-17 13:09:00+05:30,37.11000061035156,33602.25,2758.199951171875,1421.5999755859375,24630.0,90.76249694824219,12.632499694824219
2026-02-17 13:10:00+05:30,37.11000061035156,33590.1015625,2756.60009765625,1421.0999755859375,24633.25,90.76249694824219,12.662500381469727
2026-02-17 13:11:00+05:30,37.08000183105469,33547.3984375,2753.39990234375,1418.300048828125,24629.25,90.75749969482422,12.682499885559082
2026-02-17 13:12:00+05:30,37.09000015258789,33565.5,2753.89990234375,1419.5999755859375,24626.75,90.75749969482422,12.675000190734863
2026-02-17 13:13:00+05:30,37.060001373291016,33543.0,2751.0,1418.199951171875,24626.75,90.75749969482422,12.65999984741211
2026-02-17 13:14:00+05:30,37.060001373291016,33532.94921875,2751.89990234375,1417.5999755859375,24628.0,90.75749969482422,12.667499542236328
2026-02-17 13:15:00+05:30,37.029998779296875,33516.94921875,2750.0,1416.5,24625.0,90.75499725341797,12.699999809265137
2026-02-17 13:16:00+05:30,37.04999923706055,33523.6015625,2750.89990234375,1417.0,24636.75,90.75749969482422,12.692500114440918
2026-02-17 13:17:00+05:30,37.02000045776367,33500.1015625,2749.699951171875,1415.699951171875,24631.0,90.76000213623047,12.694999694824219
2026-02-17 13:18:00+05:30,37.0099983215332,33499.1015625,2750.300048828125,1415.199951171875,24625.75,90.76000213623047,12.667499542236328
2026-02-17 13:19:00+05:30,37.02000045776367,33485.25,2748.699951171875,1414.4000244140625,24629.0,90.76249694824219,12.675000190734863
2026-02-17 13:20:00+05:30,36.9900016784668,33463.5,2747.300048828125,1414.800048828125,24644.5,90.76499938964844,12.664999961853027
2026-02-17 13:21:00+05:30,37.0,33475.3984375,2746.199951171875,1415.800048828125,24640.75,90.76249694824219,12.664999961853027
2026-02-17 13:22:00+05:30,37.029998779296875,33514.94921875,2749.60009765625,1417.9000244140625,24644.25,90.76249694824219,12.677499771118164
2026-02-17 13:23:00+05:30,37.02000045776367,33481.3515625,2746.199951171875,1415.4000244140625,24648.75,90.76000213623047,12.670000076293945
2026-02-17 13:24:00+05:30,37.02000045776367,33486.3515625,2746.699951171875,1415.800048828125,24656.0,90.76249694824219,12.657500267028809
2026-02-17 13:25:00+05:30,37.0099983215332,33474.3515625,2745.5,1415.300048828125,24662.25,90.76000213623047,12.649999618530273
2026-02-17 13:26:00+05:30,36.97999954223633,33435.94921875,2741.800048828125,1412.300048828125,24659.75,90.76499938964844,12.649999618530273
2026-02-17 13:27:00+05:30,36.95000076293945,33422.69921875,2742.0,1411.4000244140625,24661.0,90.76249694824219,12.647500038146973
2026-02-17 13:28:00+05:30,36.95000076293945,33422.25,2740.699951171875,1411.9000244140625,24656.5,90.76000213623047,12.65250015258789
2026-02-17 13:29:00+05:30,36.95000076293945,33415.0,2740.10009765625,1411.0,24660.0,90.76249694824219,12.65250015258789
2026-02-17 13:30:00+05:30,36.959999084472656,33429.94921875,2743.60009765625,1411.699951171875,24685.0,90.76249694824219,12.637499809265137
2026-02-17 13:31:00+05:30,36.9900016784668,33453.75,2745.699951171875,1411.9000244140625,24703.0,90.76499938964844,12.59749984741211
2026-02-17 13:32:00+05:30,37.0099983215332,33472.1484375,2745.39990234375,1412.199951171875,24705.25,90.76499938964844,12.587499618530273
2026-02-17 13:33:00+05:30,37.0099983215332,33473.0,2747.10009765625,1412.4000244140625,24708.25,90.76499938964844,12.567500114440918
2026-02-17 13:34:00+05:30,36.970001220703125,33432.05078125,2742.0,1410.0,24703.25,90.76000213623047,12.577500343322754
2026-02-17 13:35:00+05:30,36.939998626708984,33416.19921875,2741.800048828125,1409.199951171875,24695.0,90.76249694824219,12.59000015258789
2026-02-17 13:36:00+05:30,36.939998626708984,33430.55078125,2742.199951171875,1411.5999755859375,24697.25,90.7229995727539,12.579999923706055
2026-02-17 13:37:00+05:30,36.95000076293945,33415.05078125,2741.300048828125,1410.300048828125,24698.5,90.75250244140625,12.587499618530273
2026-02-17 13:38:00+05:30,36.93000030517578,33392.30078125,2740.10009765625,1408.699951171875,24706.75,90.75,12.574999809265137
2026-02-17 13:39:00+05:30,36.91999816894531,33390.55078125,2740.199951171875,1409.0,24707.25,90.71399688720703,12.572500228881836
2026-02-17 13:40:00+05:30,36.91999816894531,33391.8515625,2740.300048828125,1409.4000244140625,24700.75,90.72000122070312,12.574999809265137
2026-02-17 13:41:00+05:30,36.939998626708984,33403.0,2741.10009765625,1410.0,24721.75,90.7249984741211,12.579999923706055
2026-02-17 13:42:00+05:30,36.939998626708984,33402.75,2741.199951171875,1409.4000244140625,24723.25,90.7300033569336,12.577500343322754
2026-02-17 13:43:00+05:30,36.91999816894531,33378.8984375,2741.0,1408.0999755859375,24708.5,90.73750305175781,12.577500343322754
2026-02-17 13:44:00+05:30,36.900001525878906,33369.69921875,2740.300048828125,1407.199951171875,24705.25,90.73999786376953,12.592499732971191
2026-02-17 13:45:00+05:30,36.86000061035156,33357.25,2738.699951171875,1406.5,24696.5,90.73750305175781,12.592499732971191
2026-02-17 13:46:00+05:30,36.88999938964844,33372.1015625,2739.89990234375,1408.0,24683.25,90.73999786376953,12.592499732971191
2026-02-17 13:47:00+05:30,36.84000015258789,33316.80078125,2736.699951171875,1405.0999755859375,24686.75,90.73999786376953,12.592499732971191
2026-02-17 13:48:00+05:30,36.849998474121094,33333.8515625,2736.60009765625,1406.199951171875,24688.25,90.73500061035156,12.587499618530273
2026-02-17 13:49:00+05:30,36.849998474121094,33324.19921875,2735.699951171875,1405.5999755859375,24686.25,90.73999786376953,12.612500190734863
2026-02-17 13:50:00+05:30,36.84000015258789,33322.19921875,2735.0,1405.4000244140625,24677.75,90.74250030517578,12.602499961853027
2026-02-17 13:51:00+05:30,36.83000183105469,33305.8984375,2735.39990234375,1404.4000244140625,24688.25,90.73999786376953,12.609999656677246
2026-02-17 13:52:00+05:30,36.86000061035156,33339.6484375,2737.699951171875,1405.9000244140625,24691.5,90.7040023803711,12.630000114440918
2026-02-17 13:53:00+05:30,36.869998931884766,33340.6015625,2737.39990234375,1405.800048828125,24698.25,90.73999786376953,12.632499694824219
2026-02-17 13:54:00+05:30,36.84000015258789,33317.25,2735.89990234375,1404.5,24685.75,90.72750091552734,12.632499694824219
2026-02-17 13:55:00+05:30,36.810001373291016,33289.05078125,2734.300048828125,1403.9000244140625,24689.0,90.71499633789062,12.637499809265137
2026-02-17 13:56:00+05:30,36.79999923706055,33285.30078125,2733.39990234375,1403.800048828125,24681.0,90.68800354003906,12.625
2026-02-17 13:57:00+05:30,36.75,33234.6484375,2730.0,1401.0999755859375,24682.0,90.7249984741211,12.585000038146973
2026-02-17 13:58:00+05:30,36.7599983215332,33243.6015625,2730.10009765625,1401.699951171875,24680.0,90.72750091552734,12.602499961853027
2026-02-17 13:59:00+05:30,36.7400016784668,33225.80078125,2730.800048828125,1401.300048828125,24686.5,90.73249816894531,12.637499809265137
2026-02-17 14:00:00+05:30,36.75,33258.75,2731.60009765625,1404.0,24689.75,90.72750091552734,12.614999771118164
2026-02-17 14:01:00+05:30,36.790000915527344,33281.94921875,2734.10009765625,1403.5999755859375,24685.0,90.72750091552734,12.617500305175781
2026-02-17 14:02:00+05:30,36.779998779296875,33267.69921875,2733.5,1403.4000244140625,24683.5,90.72000122070312,12.637499809265137
2026-02-17 14:03:00+05:30,36.79999923706055,33281.8515625,2734.699951171875,1404.4000244140625,24672.25,90.72000122070312,12.635000228881836
2026-02-17 14:04:00+05:30,36.79999923706055,33287.1484375,2734.0,1404.5999755859375,24662.75,90.72000122070312,12.649999618530273
2026-02-17 14:05:00+05:30,36.81999969482422,33297.5,2734.5,1404.9000244140625,24662.0,90.72000122070312,12.657500267028809
2026-02-17 14:06:00+05:30,36.779998779296875,33257.6015625,2732.699951171875,1403.0999755859375,24668.5,90.72000122070312,12.667499542236328
2026-02-17 14:07:00+05:30,36.779998779296875,33264.25,2732.89990234375,1403.4000244140625,24655.5,90.72000122070312,12.664999961853027
2026-02-17 14:08:00+05:30,36.790000915527344,33264.94921875,2732.0,1403.0,24657.25,90.70999908447266,12.654999732971191
2026-02-17 14:09:00+05:30,36.7599983215332,33242.30078125,2730.699951171875,1401.9000244140625,24650.75,90.71499633789062,12.635000228881836
2026-02-17 14:10:00+05:30,36.7400016784668,33228.3984375,2729.0,1401.0999755859375,24652.25,90.67900085449219,12.630000114440918
2026-02-17 14:11:00+05:30,36.720001220703125,33222.80078125,2729.0,1400.699951171875,24647.25,90.7125015258789,12.612500190734863
2026-02-17 14:12:00+05:30,36.709999084472656,33199.3984375,2726.10009765625,1399.0,24646.5,90.70500183105469,12.642499923706055
2026-02-17 14:13:00+05:30,36.68000030517578,33174.19921875,2725.199951171875,1398.300048828125,24638.25,90.7125015258789,12.692500114440918
2026-02-17 14:14:00+05:30,36.65999984741211,33157.3984375,2723.10009765625,1397.9000244140625,24642.25,90.67400360107422,12.707500457763672
2026-02-17 14:15:00+05:30,36.63999938964844,33150.6484375,2722.699951171875,1397.9000244140625,24640.25,90.7074966430664,12.712499618530273
2026-02-17 14:16:00+05:30,36.709999084472656,33208.30078125,2727.89990234375,1400.199951171875,24642.75,90.69999694824219,12.630000114440918
2026-02-17 14:17:00+05:30,36.68000030517578,33176.30078125,2725.300048828125,1398.5,24642.75,90.69499969482422,12.657500267028809
2026-02-17 14:18:00+05:30,36.66999816894531,33179.0,2726.699951171875,1398.5,24652.5,90.65899658203125,12.697500228881836
2026-02-17 14:19:00+05:30,36.68000030517578,33177.8515625,2726.5,1398.5999755859375,24648.75,90.69750213623047,12.702500343322754
2026-02-17 14:20:00+05:30,36.70000076293945,33196.8984375,2728.60009765625,1399.800048828125,24647.75,90.69750213623047,12.697500228881836
2026-02-17 14:21:00+05:30,36.72999954223633,33212.1015625,2728.0,1400.300048828125,24644.0,90.69999694824219,12.694999694824219
2026-02-17 14:22:00+05:30,36.70000076293945,33189.25,2726.5,1399.300048828125,24640.25,90.70500183105469,12.657500267028809
2026-02-17 14:23:00+05:30,36.65999984741211,33157.6015625,2724.89990234375,1398.0,24638.25,90.67400360107422,12.712499618530273
2026-02-17 14:24:00+05:30,36.65999984741211,33162.69921875,2725.10009765625,1398.800048828125,24638.0,90.69999694824219,12.702500343322754
2026-02-17 14:25:00+05:30,36.650001525878906,33141.44921875,2724.89990234375,1397.5,24627.0,90.70249938964844,12.707500457763672
2026-02-17 14:26:00+05:30,36.61000061035156,33130.44921875,2724.699951171875,1397.800048828125,24636.0,90.70500183105469,12.682499885559082
2026-02-17 14:27:00+05:30,36.58000183105469,33085.55078125,2720.800048828125,1395.0,24639.75,90.68499755859375,12.664999961853027
2026-02-17 14:28:00+05:30,36.540000915527344,33037.25,2715.60009765625,1391.4000244140625,24648.0,90.70500183105469,12.739999771118164
2026-02-17 14:29:00+05:30,36.52000045776367,33030.25,2716.0,1392.5,24639.5,90.71499633789062,12.765000343322754
2026-02-17 14:30:00+05:30,36.540000915527344,33056.80078125,2717.5,1393.800048828125,24670.75,90.68399810791016,12.760000228881836
2026-02-17 14:31:00+05:30,36.529998779296875,33028.6015625,2717.0,1391.4000244140625,24670.75,90.71749877929688,12.734999656677246
2026-02-17 14:32:00+05:30,36.540000915527344,33050.3515625,2720.0,1392.9000244140625,24665.0,90.7125015258789,12.739999771118164
2026-02-17 14:33:00+05:30,36.54999923706055,33055.5,2719.60009765625,1393.300048828125,24671.0,90.67900085449219,12.699999809265137
2026-02-17 14:34:00+05:30,36.540000915527344,33049.8984375,2717.199951171875,1393.300048828125,24676.75,90.70500183105469,12.675000190734863
2026-02-17 14:35:00+05:30,36.5099983215332,33032.8984375,2715.0,1391.5,24670.5,90.67500305175781,12.667499542236328
2026-02-17 14:36:00+05:30,36.52000045776367,33047.30078125,2716.60009765625,1391.9000244140625,24670.75,90.70249938964844,12.680000305175781
2026-02-17 14:37:00+05:30,36.5099983215332,33016.1484375,2714.300048828125,1389.199951171875,24670.25,90.70249938964844,12.6875
2026-02-17 14:38:00+05:30,36.5099983215332,33025.25,2716.5,1388.4000244140625,24666.0,90.69999694824219,12.654999732971191
2026-02-17 14:39:00+05:30,36.540000915527344,33041.8515625,2717.60009765625,1390.0,24661.0,90.7125015258789,12.640000343322754
2026-02-17 14:40:00+05:30,36.59000015258789,33100.80078125,2719.10009765625,1396.4000244140625,24656.75,90.70999908447266,12.640000343322754
2026-02-17 14:41:00+05:30,36.58000183105469,33087.6015625,2717.39990234375,1395.9000244140625,24639.25,90.70999908447266,12.645000457763672
2026-02-17 14:42:00+05:30,36.59000015258789,33111.8984375,2720.5,1396.800048828125,24649.25,90.70999908447266,12.664999961853027
2026-02-17 14:43:00+05:30,36.630001068115234,33127.94921875,2721.199951171875,1398.0,24653.75,90.68299865722656,12.647500038146973
2026-02-17 14:44:00+05:30,36.599998474121094,33099.94921875,2719.199951171875,1396.5999755859375,24645.5,90.67900085449219,12.645000457763672
2026-02-17 14:45:00+05:30,36.59000015258789,33092.44921875,2718.0,1396.199951171875,24649.25,90.7074966430664,12.670000076293945
2026-02-17 14:46:00+05:30,36.54999923706055,33069.6484375,2716.89990234375,1395.199951171875,24637.75,90.69000244140625,12.680000305175781
2026-02-17 14:47:00+05:30,36.560001373291016,33061.30078125,2716.39990234375,1394.9000244140625,24647.0,90.7074966430664,12.667499542236328
2026-02-17 14:48:00+05:30,36.540000915527344,33049.8515625,2715.300048828125,1393.9000244140625,24650.5,90.70500183105469,12.702500343322754
2026-02-17 14:49:00+05:30,36.52000045776367,33036.6484375,2714.10009765625,1393.0999755859375,24663.0,90.70999908447266,12.662500381469727
2026-02-17 14:50:00+05:30,36.52000045776367,33028.44921875,2714.0,1392.800048828125,24656.25,90.677001953125,12.6899995803833
2026-02-17 14:51:00+05:30,36.52000045776367,33034.44921875,2714.5,1392.0,24659.75,90.70500183105469,12.6850004196167
2026-02-17 14:52:00+05:30,36.52000045776367,33026.8984375,2714.800048828125,1391.5999755859375,24659.75,90.70500183105469,12.65250015258789
2026-02-17 14:53:00+05:30,36.5,33019.25,2713.5,1391.199951171875,24651.0,90.70249938964844,12.662500381469727
2026-02-17 14:54:00+05:30,36.540000915527344,33042.1015625,2716.39990234375,1392.4000244140625,24662.75,90.70999908447266,12.619999885559082
2026-02-17 14:55:00+05:30,36.52000045776367,33030.8515625,2716.10009765625,1391.5,24667.0,90.67500305175781,12.625
2026-02-17 14:56:00+05:30,36.470001220703125,32989.8515625,2712.699951171875,1389.0,24667.5,90.69999694824219,12.662500381469727
2026-02-17 14:57:00+05:30,36.5,33016.8984375,2713.10009765625,1390.800048828125,24668.5,90.69499969482422,12.702500343322754
2026-02-17 14:58:00+05:30,36.54999923706055,33061.80078125,2717.89990234375,1392.0,24666.5,90.7074966430664,12.672499656677246
2026-02-17 14:59:00+05:30,36.58000183105469,33089.8515625,2720.0,1393.0999755859375,24671.0,90.69000244140625,12.697500228881836
2026-02-17 15:00:00+05:30,36.619998931884766,33118.6015625,2722.10009765625,1394.5999755859375,24674.0,90.69499969482422,12.65250015258789
2026-02-17 15:01:00+05:30,36.619998931884766,33116.55078125,2722.199951171875,1393.5999755859375,24681.75,90.69249725341797,12.645000457763672
2026-02-17 15:02:00+05:30,36.61000061035156,33109.1484375,2722.39990234375,1392.800048828125,24672.75,90.66500091552734,12.6899995803833
2026-02-17 15:03:00+05:30,36.59000015258789,33098.3984375,2719.0,1392.5999755859375,24678.75,90.65599822998047,12.662500381469727
2026-02-17 15:04:00+05:30,36.54999923706055,33052.94921875,2716.0,1390.0,24673.5,90.68250274658203,12.617500305175781
2026-02-17 15:05:00+05:30,36.540000915527344,33051.69921875,2715.5,1390.300048828125,24688.25,90.68000030517578,12.71500015258789
2026-02-17 15:06:00+05:30,36.560001373291016,33087.8984375,2719.89990234375,1390.800048828125,24687.0,90.66000366210938,12.704999923706055
2026-02-17 15:07:00+05:30,36.59000015258789,33088.1484375,2719.5,1392.0999755859375,24685.75,90.65799713134766,12.699999809265137
2026-02-17 15:08:00+05:30,36.58000183105469,33084.94921875,2718.89990234375,1390.800048828125,24690.75,90.66999816894531,12.694999694824219
2026-02-17 15:09:00+05:30,36.599998474121094,33117.3515625,2720.10009765625,1392.800048828125,24685.25,90.6500015258789,12.65250015258789
2026-02-17 15:10:00+05:30,36.58000183105469,33074.5,2717.0,1390.5,24678.25,90.6624984741211,12.65250015258789
2026-02-17 15:11:00+05:30,36.560001373291016,33076.6484375,2716.199951171875,1390.699951171875,24682.75,90.62999725341797,12.675000190734863
2026-02-17 15:12:00+05:30,36.56999969482422,33077.75,2717.0,1391.0,24682.0,90.65499877929688,12.710000038146973
2026-02-17 15:13:00+05:30,36.58000183105469,33088.5,2717.10009765625,1391.699951171875,24684.75,90.6500015258789,12.710000038146973
2026-02-17 15:14:00+05:30,36.59000015258789,33090.8515625,2717.60009765625,1391.5,24682.5,90.62300109863281,12.682499885559082
2026-02-17 15:15:00+05:30,36.58000183105469,33085.05078125,2717.0,1390.699951171875,24679.75,90.6449966430664,12.657500267028809
2026-02-17 15:16:00+05:30,36.58000183105469,33088.19921875,2717.800048828125,1391.0,24687.0,90.62699890136719,12.647500038146973
2026-02-17 15:17:00+05:30,36.58000183105469,33081.3515625,2717.800048828125,1390.5,24687.5,90.66999816894531,12.637499809265137
2026-02-17 15:18:00+05:30,36.560001373291016,33066.25,2717.300048828125,1389.9000244140625,24674.25,90.6624984741211,12.664999961853027
2026-02-17 15:19:00+05:30,36.560001373291016,33057.0,2716.0,1389.5999755859375,24683.0,90.64700317382812,12.680000305175781
2026-02-17 15:20:00+05:30,36.56999969482422,33076.05078125,2717.60009765625,1391.0999755859375,24681.0,90.63899993896484,12.692500114440918
2026-02-17 15:21:00+05:30,36.58000183105469,33078.25,2716.699951171875,1391.300048828125,24685.5,90.69999694824219,12.6875
2026-02-17 15:22:00+05:30,36.56999969482422,33084.6015625,2717.60009765625,1391.5999755859375,24685.0,90.67250061035156,12.699999809265137
2026-02-17 15:23:00+05:30,36.54999923706055,33079.80078125,2717.5,1390.800048828125,24686.25,90.67250061035156,12.675000190734863
2026-02-17 15:24:00+05:30,36.58000183105469,33061.80078125,2716.800048828125,1391.4000244140625,24687.5,90.68499755859375,12.694999694824219
2026-02-17 15:25:00+05:30,36.56999969482422,33052.1484375,2713.89990234375,1391.4000244140625,24691.5,90.68499755859375,12.664999961853027
2026-02-17 15:26:00+05:30,36.560001373291016,33041.19921875,2713.300048828125,1390.800048828125,24694.5,90.68000030517578,12.662500381469727
2026-02-17 15:27:00+05:30,36.540000915527344,33046.75,2714.0,1391.199951171875,24688.25,90.69000244140625,12.657500267028809
2026-02-17 15:28:00+05:30,36.58000183105469,33047.44921875,2715.60009765625,1391.9000244140625,24686.5,90.6875,12.657500267028809
2026-02-17 15:29:00+05:30,36.59000015258789,33054.55078125,2719.800048828125,1391.199951171875,24686.75,90.63999938964844,12.670000076293945
2026-02-17 15:30:00+05:30,36.59000015258789,33054.55078125,2719.800048828125,1391.199951171875,24687.5,90.66000366210938,12.670000076293945
2026-02-18 09:00:00+05:30,36.59000015258789,33054.55078125,2719.800048828125,1391.199951171875,24746.5,90.66000366210938,12.670000076293945
2026-02-18 09:01:00+05:30,36.59000015258789,33054.55078125,2719.800048828125,1391.199951171875,24760.0,90.6500015258789,12.670000076293945
2026-02-18 09:02:00+05:30,36.59000015258789,33054.55078125,2719.800048828125,1391.199951171875,24762.75,90.66000366210938,12.670000076293945
2026-02-18 09:03:00+05:30,36.59000015258789,33054.55078125,2719.800048828125,1391.199951171875,24759.0,90.65499877929688,12.670000076293945
2026-02-18 09:04:00+05:30,36.59000015258789,33054.55078125,2719.800048828125,1391.199951171875,24762.25,90.63500213623047,12.670000076293945
2026-02-18 09:05:00+05:30,36.59000015258789,33054.55078125,2719.800048828125,1391.199951171875,24763.75,90.66000366210938,12.670000076293945
2026-02-18 09:06:00+05:30,36.59000015258789,33054.55078125,2719.800048828125,1391.199951171875,24764.5,90.6624984741211,12.670000076293945
2026-02-18 09:07:00+05:30,36.59000015258789,33054.55078125,2719.800048828125,1391.199951171875,24767.5,90.66000366210938,12.670000076293945
2026-02-18 09:08:00+05:30,36.59000015258789,33054.55078125,2719.800048828125,1391.199951171875,24763.5,90.6259994506836,12.670000076293945
2026-02-18 09:09:00+05:30,36.59000015258789,33054.55078125,2719.800048828125,1391.199951171875,24764.5,90.6624984741211,12.670000076293945
2026-02-18 09:10:00+05:30,36.59000015258789,33054.55078125,2719.800048828125,1391.199951171875,24763.75,90.65499877929688,12.670000076293945
2026-02-18 09:11:00+05:30,36.59000015258789,33054.55078125,2719.800048828125,1391.199951171875,24766.75,90.6500015258789,12.670000076293945
2026-02-18 09:12:00+05:30,36.59000015258789,33054.55078125,2719.800048828125,1391.199951171875,24765.5,90.64250183105469,12.670000076293945
2026-02-18 09:13:00+05:30,36.59000015258789,33054.55078125,2719.800048828125,1391.199951171875,24766.75,90.64250183105469,12.670000076293945
2026-02-18 09:14:00+05:30,36.59000015258789,33054.55078125,2719.800048828125,1391.199951171875,24765.5,90.62750244140625,12.670000076293945
2026-02-18 09:15:00+05:30,36.119998931884766,32679.650390625,2699.0,1366.9000244140625,24767.25,90.63749694824219,12.607500076293945
2026-02-18 09:16:00+05:30,36.2599983215332,32790.19921875,2706.800048828125,1373.199951171875,24768.25,90.63249969482422,12.609999656677246
2026-02-18 09:17:00+05:30,36.2599983215332,32816.3984375,2716.800048828125,1372.800048828125,24773.25,90.63249969482422,12.517499923706055
2026-02-18 09:18:00+05:30,36.33000183105469,32856.0,2717.800048828125,1375.800048828125,24774.75,90.62000274658203,12.522500038146973
2026-02-18 09:19:00+05:30,36.38999938964844,32902.25,2719.800048828125,1378.9000244140625,24776.0,90.63500213623047,12.517499923706055
2026-02-18 09:20:00+05:30,36.31999969482422,32838.75,2714.89990234375,1373.300048828125,24781.0,90.63749694824219,12.555000305175781
2026-02-18 09:21:00+05:30,36.2599983215332,32803.19921875,2710.5,1372.5999755859375,24783.75,90.63700103759766,12.5649995803833
2026-02-18 09:22:00+05:30,36.22999954223633,32757.599609375,2708.89990234375,1371.300048828125,24784.75,90.66000366210938,12.537500381469727
2026-02-18 09:23:00+05:30,36.2400016784668,32764.150390625,2710.0,1371.0,24788.75,90.63899993896484,12.550000190734863
2026-02-18 09:24:00+05:30,36.209999084472656,32739.05078125,2709.199951171875,1369.0,24788.0,90.6624984741211,12.542499542236328
2026-02-18 09:25:00+05:30,36.25,32785.1015625,2713.699951171875,1373.0,24788.75,90.6624984741211,12.5
2026-02-18 09:26:00+05:30,36.2400016784668,32786.1484375,2711.699951171875,1373.0999755859375,24797.75,90.66000366210938,12.532500267028809
2026-02-18 09:27:00+05:30,36.2599983215332,32794.30078125,2712.89990234375,1373.5,24794.5,90.6520004272461,12.475000381469727
2026-02-18 09:28:00+05:30,36.22999954223633,32757.5,2710.0,1372.0,24795.25,90.65299987792969,12.494999885559082
2026-02-18 09:29:00+05:30,36.22999954223633,32761.94921875,2712.60009765625,1371.0999755859375,24794.25,90.6675033569336,12.462499618530273
2026-02-18 09:30:00+05:30,36.150001525878906,32694.80078125,2706.39990234375,1367.5999755859375,24796.5,90.6675033569336,12.442500114440918
2026-02-18 09:31:00+05:30,36.060001373291016,32604.30078125,2700.0,1364.300048828125,24790.25,90.6675033569336,12.444999694824219
2026-02-18 09:32:00+05:30,36.060001373291016,32600.099609375,2700.5,1364.0999755859375,24790.25,90.66999816894531,12.399999618530273
2026-02-18 09:33:00+05:30,36.09000015258789,32635.150390625,2704.39990234375,1366.0,24787.25,90.66500091552734,12.390000343322754
2026-02-18 09:34:00+05:30,36.04999923706055,32618.400390625,2701.300048828125,1365.0,24792.0,90.66999816894531,12.382499694824219
2026-02-18 09:35:00+05:30,36.08000183105469,32641.25,2703.0,1366.0,24794.25,90.66999816894531,12.352499961853027
2026-02-18 09:36:00+05:30,36.11000061035156,32673.80078125,2706.10009765625,1366.9000244140625,24794.75,90.66500091552734,12.392499923706055
2026-02-18 09:37:00+05:30,36.13999938964844,32680.849609375,2707.699951171875,1367.699951171875,24806.75,90.6675033569336,12.335000038146973
2026-02-18 09:38:00+05:30,36.11000061035156,32652.25,2703.39990234375,1365.5999755859375,24809.5,90.66999816894531,12.329999923706055
2026-02-18 09:39:00+05:30,36.060001373291016,32605.44921875,2701.0,1363.4000244140625,24811.75,90.6675033569336,12.317500114440918
2026-02-18 09:40:00+05:30,36.060001373291016,32599.650390625,2701.10009765625,1363.300048828125,24808.25,90.6675033569336,12.332500457763672
2026-02-18 09:41:00+05:30,36.04999923706055,32597.900390625,2701.300048828125,1363.199951171875,24808.75,90.6675033569336,12.329999923706055
2026-02-18 09:42:00+05:30,36.0099983215332,32553.599609375,2695.60009765625,1361.9000244140625,24802.25,90.6675033569336,12.364999771118164
2026-02-18 09:43:00+05:30,35.93000030517578,32504.150390625,2688.800048828125,1361.0,24800.25,90.66999816894531,12.3100004196167
2026-02-18 09:44:00+05:30,35.95000076293945,32503.849609375,2690.699951171875,1358.300048828125,24802.75,90.67500305175781,12.362500190734863
2026-02-18 09:45:00+05:30,35.90999984741211,32473.44921875,2688.10009765625,1357.699951171875,24804.0,90.67500305175781,12.359999656677246
2026-02-18 09:46:00+05:30,35.93000030517578,32477.75,2687.800048828125,1358.5,24801.5,90.67500305175781,12.367500305175781
2026-02-18 09:47:00+05:30,35.869998931884766,32436.05078125,2685.60009765625,1357.9000244140625,24800.75,90.66999816894531,12.395000457763672
2026-02-18 09:48:00+05:30,35.93000030517578,32484.650390625,2688.300048828125,1360.4000244140625,24802.75,90.67749786376953,12.395000457763672
2026-02-18 09:49:00+05:30,35.88999938964844,32448.599609375,2684.800048828125,1360.0,24804.0,90.68000030517578,12.392499923706055
2026-02-18 09:50:00+05:30,35.900001525878906,32468.349609375,2687.5,1359.9000244140625,24809.25,90.68250274658203,12.362500190734863
2026-02-18 09:51:00+05:30,35.900001525878906,32468.19921875,2688.5,1359.5999755859375,24806.5,90.68499755859375,12.357500076293945
2026-02-18 09:52:00+05:30,35.900001525878906,32462.0,2688.699951171875,1359.0,24804.5,90.65299987792969,12.385000228881836
2026-02-18 09:53:00+05:30,35.88999938964844,32451.849609375,2686.199951171875,1359.4000244140625,24806.0,90.69000244140625,12.417499542236328
2026-02-18 09:54:00+05:30,35.849998474121094,32424.5,2685.0,1357.0,24807.25,90.69000244140625,12.430000305175781
2026-02-18 09:55:00+05:30,35.79999923706055,32360.849609375,2680.0,1353.5,24811.0,90.68000030517578,12.47249984741211
2026-02-18 09:56:00+05:30,35.77000045776367,32349.80078125,2677.89990234375,1353.5,24813.0,90.69249725341797,12.569999694824219
2026-02-18 09:57:00+05:30,35.70000076293945,32283.349609375,2671.0,1351.5999755859375,24814.0,90.69999694824219,12.595000267028809
2026-02-18 09:58:00+05:30,35.709999084472656,32288.5,2673.10009765625,1351.0999755859375,24816.75,90.70500183105469,12.569999694824219
2026-02-18 09:59:00+05:30,35.7400016784668,32318.44921875,2674.199951171875,1352.0,24813.5,90.69999694824219,12.569999694824219
2026-02-18 10:00:00+05:30,35.72999954223633,32299.25,2671.699951171875,1351.199951171875,24813.25,90.70249938964844,12.579999923706055
2026-02-18 10:01:00+05:30,35.72999954223633,32314.849609375,2669.800048828125,1351.5,24817.75,90.70249938964844,12.550000190734863
2026-02-18 10:02:00+05:30,35.68000030517578,32273.80078125,2666.60009765625,1350.0999755859375,24816.75,90.70999908447266,12.557499885559082
2026-02-18 10:03:00+05:30,35.66999816894531,32247.849609375,2664.39990234375,1349.4000244140625,24820.0,90.7125015258789,12.552499771118164
2026-02-18 10:04:00+05:30,35.68000030517578,32260.30078125,2664.0,1350.300048828125,24828.0,90.70999908447266,12.552499771118164
2026-02-18 10:05:00+05:30,35.689998626708984,32265.75,2668.89990234375,1350.199951171875,24825.75,90.70999908447266,12.53499984741211
2026-02-18 10:06:00+05:30,35.66999816894531,32251.900390625,2668.800048828125,1349.5999755859375,24830.5,90.68800354003906,12.542499542236328
2026-02-18 10:07:00+05:30,35.61000061035156,32198.650390625,2662.800048828125,1346.800048828125,24828.75,90.68800354003906,12.6225004196167
2026-02-18 10:08:00+05:30,35.599998474121094,32212.849609375,2661.5,1347.0999755859375,24828.0,90.7074966430664,12.585000038146973
2026-02-18 10:09:00+05:30,35.630001068115234,32218.30078125,2660.0,1347.699951171875,24831.5,90.68800354003906,12.595000267028809
2026-02-18 10:10:00+05:30,35.619998931884766,32227.349609375,2663.60009765625,1348.9000244140625,24831.5,90.67400360107422,12.630000114440918
2026-02-18 10:11:00+05:30,35.720001220703125,32321.69921875,2670.89990234375,1352.5999755859375,24828.5,90.6729965209961,12.604999542236328
2026-02-18 10:12:00+05:30,35.75,32323.55078125,2668.89990234375,1353.199951171875,24838.5,90.68000030517578,12.587499618530273
2026-02-18 10:13:00+05:30,35.75,32332.849609375,2671.699951171875,1353.0,24836.5,90.66999816894531,12.614999771118164
2026-02-18 10:14:00+05:30,35.7599983215332,32334.44921875,2671.300048828125,1353.0999755859375,24836.75,90.69499969482422,12.6225004196167
2026-02-18 10:15:00+05:30,35.77000045776367,32368.400390625,2673.800048828125,1355.5,24836.75,90.69499969482422,12.657500267028809
2026-02-18 10:16:00+05:30,35.7599983215332,32332.05078125,2671.300048828125,1353.4000244140625,24831.0,90.6875,12.670000076293945
2026-02-18 10:17:00+05:30,35.709999084472656,32303.349609375,2668.89990234375,1351.4000244140625,24829.0,90.68499755859375,12.710000038146973
2026-02-18 10:18:00+05:30,35.75,32338.75,2673.89990234375,1353.300048828125,24835.0,90.68250274658203,12.614999771118164
2026-02-18 10:19:00+05:30,35.7599983215332,32346.19921875,2673.5,1354.0,24835.0,90.6520004272461,12.59000015258789
2026-02-18 10:20:00+05:30,35.7400016784668,32314.80078125,2670.0,1352.300048828125,24833.75,90.66999816894531,12.582500457763672
2026-02-18 10:21:00+05:30,35.7400016784668,32311.0,2670.39990234375,1352.9000244140625,24831.0,90.67749786376953,12.585000038146973
2026-02-18 10:22:00+05:30,35.7400016784668,32311.849609375,2670.60009765625,1353.0999755859375,24831.0,90.67500305175781,12.595000267028809
2026-02-18 10:23:00+05:30,35.7400016784668,32321.75,2671.60009765625,1353.800048828125,24832.25,90.67749786376953,12.5649995803833
2026-02-18 10:24:00+05:30,35.75,32329.94921875,2671.39990234375,1354.300048828125,24828.5,90.67250061035156,12.557499885559082
2026-02-18 10:25:00+05:30,35.72999954223633,32311.849609375,2670.699951171875,1354.0999755859375,24830.5,90.67250061035156,12.574999809265137
2026-02-18 10:26:00+05:30,35.709999084472656,32284.349609375,2669.0,1352.9000244140625,24828.75,90.64900207519531,12.6225004196167
2026-02-18 10:27:00+05:30,35.709999084472656,32287.0,2667.10009765625,1353.300048828125,24831.25,90.6500015258789,12.642499923706055
2026-02-18 10:28:00+05:30,35.72999954223633,32303.849609375,2667.699951171875,1354.800048828125,24837.0,90.67500305175781,12.625
2026-02-18 10:29:00+05:30,35.75,32327.400390625,2670.699951171875,1355.300048828125,24837.0,90.67500305175781,12.614999771118164
2026-02-18 10:30:00+05:30,35.70000076293945,32296.75,2668.199951171875,1354.0,24837.0,90.67749786376953,12.619999885559082
2026-02-18 10:31:00+05:30,35.779998779296875,32370.5,2669.800048828125,1359.199951171875,24837.0,90.65599822998047,12.567500114440918
2026-02-18 10:32:00+05:30,35.79999923706055,32367.44921875,2670.5,1358.0,24837.0,90.65899658203125,12.520000457763672
2026-02-18 10:33:00+05:30,35.849998474121094,32409.5,2675.89990234375,1359.5,24837.0,90.66000366210938,12.470000267028809
2026-02-18 10:34:00+05:30,35.86000061035156,32423.44921875,2677.699951171875,1359.0,24837.0,90.6875,12.462499618530273
2026-02-18 10:35:00+05:30,35.91999816894531,32484.900390625,2685.89990234375,1360.5,24837.0,90.6875,12.47249984741211
2026-02-18 10:36:00+05:30,35.88999938964844,32454.400390625,2685.0,1358.9000244140625,24837.0,90.68250274658203,12.460000038146973
2026-02-18 10:37:00+05:30,35.880001068115234,32433.44921875,2685.0,1357.300048828125,24837.0,90.66999816894531,12.427499771118164
2026-02-18 10:38:00+05:30,35.84000015258789,32401.150390625,2682.199951171875,1356.4000244140625,24837.0,90.67749786376953,12.467499732971191
2026-02-18 10:39:00+05:30,35.810001373291016,32397.94921875,2682.5,1357.199951171875,24832.5,90.68000030517578,12.479999542236328
2026-02-18 10:40:00+05:30,35.790000915527344,32367.05078125,2678.89990234375,1355.699951171875,24826.25,90.68250274658203,12.4975004196167
2026-02-18 10:41:00+05:30,35.79999923706055,32384.05078125,2681.300048828125,1356.300048828125,24829.75,90.68250274658203,12.477499961853027
2026-02-18 10:42:00+05:30,35.84000015258789,32407.80078125,2683.199951171875,1358.4000244140625,24831.0,90.68000030517578,12.4375
2026-02-18 10:43:00+05:30,35.849998474121094,32400.94921875,2681.800048828125,1358.699951171875,24831.75,90.68250274658203,12.444999694824219
2026-02-18 10:44:00+05:30,35.81999969482422,32394.5,2680.199951171875,1359.0,24833.75,90.68250274658203,12.444999694824219
2026-02-18 10:45:00+05:30,35.849998474121094,32418.400390625,2683.0,1359.300048828125,24838.75,90.68000030517578,12.432499885559082
2026-02-18 10:46:00+05:30,35.86000061035156,32430.80078125,2682.89990234375,1359.9000244140625,24832.75,90.67749786376953,12.392499923706055
2026-02-18 10:47:00+05:30,35.849998474121094,32437.55078125,2683.800048828125,1360.9000244140625,24832.25,90.68499755859375,12.3725004196167
2026-02-18 10:48:00+05:30,35.86000061035156,32439.650390625,2686.0,1361.300048828125,24829.25,90.68000030517578,12.422499656677246
2026-02-18 10:49:00+05:30,35.86000061035156,32431.05078125,2685.0,1361.5,24836.5,90.67749786376953,12.40250015258789
2026-02-18 10:50:00+05:30,35.869998931884766,32446.94921875,2684.5,1363.0,24833.5,90.67250061035156,12.395000457763672
2026-02-18 10:51:00+05:30,35.880001068115234,32439.150390625,2684.699951171875,1361.5999755859375,24837.5,90.67500305175781,12.404999732971191
2026-02-18 10:52:00+05:30,35.88999938964844,32457.55078125,2685.800048828125,1362.800048828125,24834.0,90.67500305175781,12.40999984741211
2026-02-18 10:53:00+05:30,35.900001525878906,32465.650390625,2685.89990234375,1363.0,24835.0,90.67749786376953,12.425000190734863
2026-02-18 10:54:00+05:30,35.880001068115234,32461.349609375,2684.300048828125,1363.0999755859375,24836.25,90.66000366210938,12.432499885559082
2026-02-18 10:55:00+05:30,35.880001068115234,32460.150390625,2685.699951171875,1363.0,24835.0,90.6875,12.4350004196167
2026-02-18 10:56:00+05:30,35.88999938964844,32453.099609375,2684.10009765625,1362.800048828125,24835.5,90.6875,12.442500114440918
2026-02-18 10:57:00+05:30,35.900001525878906,32473.400390625,2686.800048828125,1364.4000244140625,24834.0,90.69249725341797,12.412500381469727
2026-02-18 10:58:00+05:30,35.90999984741211,32494.44921875,2688.0,1365.699951171875,24831.25,90.69249725341797,12.34000015258789
2026-02-18 10:59:00+05:30,35.90999984741211,32481.94921875,2687.10009765625,1365.199951171875,24830.75,90.69499969482422,12.337499618530273
2026-02-18 11:00:00+05:30,35.93000030517578,32494.19921875,2688.0,1365.9000244140625,24833.5,90.69499969482422,12.364999771118164
2026-02-18 11:01:00+05:30,35.91999816894531,32477.599609375,2685.10009765625,1365.0999755859375,24830.75,90.69249725341797,12.369999885559082
2026-02-18 11:02:00+05:30,35.90999984741211,32480.650390625,2687.800048828125,1365.0999755859375,24827.75,90.69000244140625,12.345000267028809
2026-02-18 11:03:00+05:30,35.88999938964844,32474.25,2686.0,1365.0999755859375,24831.0,90.69000244140625,12.3774995803833
2026-02-18 11:04:00+05:30,35.88999938964844,32484.650390625,2689.0,1365.300048828125,24831.75,90.6875,12.362500190734863
2026-02-18 11:05:00+05:30,35.88999938964844,32480.44921875,2687.5,1365.0,24831.5,90.66899871826172,12.352499961853027
2026-02-18 11:06:00+05:30,35.900001525878906,32473.150390625,2687.300048828125,1365.0,24835.5,90.69249725341797,12.357500076293945
2026-02-18 11:07:00+05:30,35.900001525878906,32467.25,2686.5,1364.800048828125,24835.75,90.66400146484375,12.350000381469727
2026-02-18 11:08:00+05:30,35.90999984741211,32471.75,2687.39990234375,1365.5999755859375,24836.5,90.66799926757812,12.342499732971191
2026-02-18 11:09:00+05:30,35.880001068115234,32451.5,2686.39990234375,1365.0999755859375,24842.75,90.68499755859375,12.335000038146973
2026-02-18 11:10:00+05:30,35.88999938964844,32458.150390625,2686.10009765625,1365.5,24841.25,90.68499755859375,12.342499732971191
2026-02-18 11:11:00+05:30,35.880001068115234,32450.5,2685.800048828125,1365.0999755859375,24832.5,90.68250274658203,12.354999542236328
2026-02-18 11:12:00+05:30,35.869998931884766,32433.94921875,2683.89990234375,1365.0999755859375,24831.25,90.68250274658203,12.404999732971191
2026-02-18 11:13:00+05:30,35.880001068115234,32441.75,2683.699951171875,1365.0,24830.75,90.68499755859375,12.452500343322754
2026-02-18 11:14:00+05:30,35.880001068115234,32460.30078125,2685.300048828125,1365.5999755859375,24830.25,90.68250274658203,12.432499885559082
2026-02-18 11:15:00+05:30,35.880001068115234,32447.25,2684.60009765625,1365.0,24831.25,90.66400146484375,12.457500457763672
2026-02-18 11:16:00+05:30,35.86000061035156,32439.400390625,2683.10009765625,1365.0,24830.25,90.69000244140625,12.505000114440918
2026-02-18 11:17:00+05:30,35.86000061035156,32443.75,2683.39990234375,1365.300048828125,24830.75,90.69000244140625,12.3725004196167
2026-02-18 11:18:00+05:30,35.869998931884766,32443.75,2682.10009765625,1365.0,24828.5,90.66500091552734,12.350000381469727
2026-02-18 11:19:00+05:30,35.880001068115234,32449.25,2683.0,1365.300048828125,24828.75,90.69750213623047,12.357500076293945
2026-02-18 11:20:00+05:30,35.880001068115234,32455.25,2683.800048828125,1365.199951171875,24828.75,90.69499969482422,12.350000381469727
2026-02-18 11:21:00+05:30,35.88999938964844,32452.400390625,2683.0,1365.0,24829.25,90.69499969482422,12.329999923706055
2026-02-18 11:22:00+05:30,35.88999938964844,32459.80078125,2684.5,1365.0999755859375,24827.5,90.69999694824219,12.317500114440918
2026-02-18 11:23:00+05:30,35.880001068115234,32452.55078125,2683.60009765625,1365.0999755859375,24826.25,90.6760025024414,12.34000015258789
2026-02-18 11:24:00+05:30,35.849998474121094,32444.650390625,2682.199951171875,1365.5999755859375,24824.0,90.69750213623047,12.352499961853027
2026-02-18 11:25:00+05:30,35.849998474121094,32440.5,2681.800048828125,1365.0,24821.75,90.69999694824219,12.3725004196167
2026-02-18 11:26:00+05:30,35.869998931884766,32444.900390625,2682.60009765625,1365.0,24827.25,90.69999694824219,12.369999885559082
2026-02-18 11:27:00+05:30,35.869998931884766,32434.75,2681.199951171875,1365.0,24823.0,90.70249938964844,12.359999656677246
2026-02-18 11:28:00+05:30,35.849998474121094,32430.150390625,2680.39990234375,1365.199951171875,24827.5,90.69999694824219,12.305000305175781
2026-02-18 11:29:00+05:30,35.869998931884766,32446.900390625,2679.89990234375,1365.5999755859375,24825.5,90.69999694824219,12.3125
2026-02-18 11:30:00+05:30,35.81999969482422,32415.150390625,2678.10009765625,1363.5999755859375,24825.25,90.70500183105469,12.359999656677246
2026-02-18 11:31:00+05:30,35.84000015258789,32410.599609375,2676.39990234375,1364.300048828125,24822.25,90.69999694824219,12.34749984741211
2026-02-18 11:32:00+05:30,35.83000183105469,32405.599609375,2674.89990234375,1363.0999755859375,24821.75,90.70500183105469,12.327500343322754
2026-02-18 11:33:00+05:30,35.849998474121094,32434.849609375,2677.800048828125,1364.5999755859375,24822.75,90.70249938964844,12.287500381469727
2026-02-18 11:34:00+05:30,35.939998626708984,32517.55078125,2681.800048828125,1371.0,24823.25,90.70249938964844,12.255000114440918
2026-02-18 11:35:00+05:30,35.91999816894531,32504.55078125,2681.60009765625,1370.0,24825.0,90.70249938964844,12.279999732971191
2026-02-18 11:36:00+05:30,35.880001068115234,32453.599609375,2678.0,1366.800048828125,24826.0,90.70500183105469,12.272500038146973
2026-02-18 11:37:00+05:30,35.869998931884766,32448.0,2677.699951171875,1366.0999755859375,24828.0,90.6729965209961,12.28499984741211
2026-02-18 11:38:00+05:30,35.869998931884766,32439.349609375,2677.0,1365.0,24826.25,90.69750213623047,12.265000343322754
2026-02-18 11:39:00+05:30,35.869998931884766,32434.400390625,2677.5,1365.300048828125,24820.75,90.67900085449219,12.267499923706055
2026-02-18 11:40:00+05:30,35.849998474121094,32425.650390625,2676.0,1365.0,24823.25,90.69999694824219,12.27750015258789
2026-02-18 11:41:00+05:30,35.79999923706055,32395.69921875,2675.39990234375,1363.300048828125,24817.25,90.69750213623047,12.345000267028809
2026-02-18 11:42:00+05:30,35.810001373291016,32380.75,2675.0,1360.800048828125,24812.0,90.69999694824219,12.3725004196167
2026-02-18 11:43:00+05:30,35.81999969482422,32396.099609375,2675.60009765625,1361.4000244140625,24812.75,90.67500305175781,12.380000114440918
2026-02-18 11:44:00+05:30,35.83000183105469,32407.19921875,2676.10009765625,1361.9000244140625,24817.75,90.69499969482422,12.385000228881836
2026-02-18 11:45:00+05:30,35.81999969482422,32404.25,2676.0,1362.0,24827.75,90.69249725341797,12.375
2026-02-18 11:46:00+05:30,35.83000183105469,32401.349609375,2674.60009765625,1361.800048828125,24825.25,90.69000244140625,12.3725004196167
2026-02-18 11:47:00+05:30,35.81999969482422,32384.44921875,2672.10009765625,1361.5,24827.0,90.69249725341797,12.3725004196167
2026-02-18 11:48:00+05:30,35.79999923706055,32379.349609375,2671.10009765625,1361.5999755859375,24822.5,90.69000244140625,12.364999771118164
2026-02-18 11:49:00+05:30,35.83000183105469,32403.849609375,2672.60009765625,1363.0,24820.0,90.66899871826172,12.352499961853027
2026-02-18 11:50:00+05:30,35.849998474121094,32424.0,2674.60009765625,1365.0,24825.25,90.68000030517578,12.350000381469727
2026-02-18 11:51:00+05:30,35.83000183105469,32398.19921875,2673.199951171875,1363.5,24830.75,90.6875,12.342499732971191
2026-02-18 11:52:00+05:30,35.79999923706055,32380.30078125,2671.699951171875,1362.9000244140625,24825.75,90.66999816894531,12.34000015258789
2026-02-18 11:53:00+05:30,35.810001373291016,32389.55078125,2672.199951171875,1363.5,24824.5,90.67500305175781,12.3149995803833
2026-02-18 11:54:00+05:30,35.810001373291016,32399.30078125,2673.5,1364.699951171875,24823.75,90.65599822998047,12.307499885559082
2026-02-18 11:55:00+05:30,35.849998474121094,32416.25,2674.800048828125,1366.199951171875,24822.25,90.6675033569336,12.3149995803833
2026-02-18 11:56:00+05:30,35.849998474121094,32432.19921875,2676.199951171875,1366.4000244140625,24821.0,90.6675033569336,12.307499885559082
2026-02-18 11:57:00+05:30,35.86000061035156,32424.25,2675.89990234375,1365.9000244140625,24827.0,90.66000366210938,12.3125
2026-02-18 11:58:00+05:30,35.88999938964844,32450.94921875,2676.699951171875,1368.5,24820.5,90.6624984741211,12.300000190734863
2026-02-18 11:59:00+05:30,35.90999984741211,32467.900390625,2677.5,1369.5,24824.75,90.65750122070312,12.274999618530273
2026-02-18 12:00:00+05:30,35.90999984741211,32476.19921875,2678.800048828125,1370.0,24824.5,90.65249633789062,12.267499923706055
2026-02-18 12:01:00+05:30,35.93000030517578,32493.05078125,2680.0,1370.300048828125,24819.0,90.6500015258789,12.242500305175781
2026-02-18 12:02:00+05:30,35.90999984741211,32464.30078125,2677.5,1369.300048828125,24812.75,90.6500015258789,12.237500190734863
2026-02-18 12:03:00+05:30,35.91999816894531,32485.19921875,2677.89990234375,1370.699951171875,24814.0,90.65750122070312,12.242500305175781
2026-02-18 12:04:00+05:30,35.91999816894531,32480.55078125,2677.5,1369.9000244140625,24818.75,90.65249633789062,12.239999771118164
2026-02-18 12:05:00+05:30,35.90999984741211,32474.0,2677.199951171875,1370.0999755859375,24818.5,90.64749908447266,12.232500076293945
2026-02-18 12:06:00+05:30,35.900001525878906,32481.30078125,2679.60009765625,1370.199951171875,24831.5,90.62000274658203,12.232500076293945
2026-02-18 12:07:00+05:30,35.95000076293945,32512.55078125,2680.199951171875,1372.199951171875,24835.5,90.6500015258789,12.232500076293945
2026-02-18 12:08:00+05:30,35.959999084472656,32535.900390625,2681.0,1373.0999755859375,24835.75,90.65499877929688,12.225000381469727
2026-02-18 12:09:00+05:30,35.97999954223633,32532.400390625,2683.5,1373.0,24831.25,90.65499877929688,12.244999885559082
2026-02-18 12:10:00+05:30,35.97999954223633,32537.80078125,2683.39990234375,1373.0999755859375,24833.25,90.65499877929688,12.257499694824219
2026-02-18 12:11:00+05:30,35.97999954223633,32559.69921875,2686.0,1374.800048828125,24833.25,90.65750122070312,12.255000114440918
2026-02-18 12:12:00+05:30,35.95000076293945,32523.80078125,2684.10009765625,1371.9000244140625,24835.5,90.65750122070312,12.27750015258789
2026-02-18 12:13:00+05:30,35.959999084472656,32517.80078125,2684.199951171875,1370.5999755859375,24837.75,90.65750122070312,12.27750015258789
2026-02-18 12:14:00+05:30,35.90999984741211,32492.30078125,2682.5,1369.199951171875,24839.5,90.66000366210938,12.282500267028809
2026-02-18 12:15:00+05:30,35.95000076293945,32510.69921875,2682.199951171875,1370.300048828125,24839.0,90.66000366210938,12.239999771118164
2026-02-18 12:16:00+05:30,35.959999084472656,32526.69921875,2681.5,1371.0,24832.0,90.66500091552734,12.267499923706055
2026-02-18 12:17:00+05:30,35.959999084472656,32513.5,2681.39990234375,1370.300048828125,24833.25,90.6675033569336,12.265000343322754
2026-02-18 12:18:00+05:30,35.970001220703125,32523.75,2682.300048828125,1370.5999755859375,24829.25,90.6624984741211,12.242500305175781
2026-02-18 12:19:00+05:30,35.939998626708984,32499.30078125,2680.300048828125,1369.199951171875,24833.75,90.6675033569336,12.265000343322754
2026-02-18 12:20:00+05:30,35.959999084472656,32510.69921875,2680.89990234375,1369.9000244140625,24843.0,90.6500015258789,12.260000228881836
2026-02-18 12:21:00+05:30,35.939998626708984,32502.0,2680.0,1369.0999755859375,24839.0,90.66500091552734,12.274999618530273
2026-02-18 12:22:00+05:30,35.95000076293945,32509.5,2682.699951171875,1369.199951171875,24839.25,90.66500091552734,12.295000076293945
2026-02-18 12:23:00+05:30,35.95000076293945,32508.5,2682.699951171875,1369.5999755859375,24843.75,90.66500091552734,12.292499542236328
2026-02-18 12:24:00+05:30,35.95000076293945,32504.75,2680.89990234375,1369.5999755859375,24840.5,90.65750122070312,12.289999961853027
2026-02-18 12:25:00+05:30,35.90999984741211,32467.099609375,2678.300048828125,1367.5,24837.5,90.65499877929688,12.25
2026-02-18 12:26:00+05:30,35.900001525878906,32460.650390625,2677.300048828125,1367.5,24834.5,90.63700103759766,12.272500038146973
2026-02-18 12:27:00+05:30,35.88999938964844,32461.849609375,2677.0,1367.699951171875,24828.75,90.62799835205078,12.27750015258789
2026-02-18 12:28:00+05:30,35.91999816894531,32502.25,2680.39990234375,1368.699951171875,24827.75,90.6240005493164,12.282500267028809
2026-02-18 12:29:00+05:30,35.90999984741211,32489.80078125,2683.0,1368.0999755859375,24823.5,90.6500015258789,12.267499923706055
2026-02-18 12:30:00+05:30,35.93000030517578,32507.80078125,2683.0,1369.4000244140625,24821.0,90.61000061035156,12.302499771118164
2026-02-18 12:31:00+05:30,35.970001220703125,32529.75,2687.60009765625,1369.4000244140625,24827.75,90.58300018310547,12.305000305175781
2026-02-18 12:32:00+05:30,35.970001220703125,32535.44921875,2689.699951171875,1369.5999755859375,24822.25,90.59750366210938,12.27750015258789
2026-02-18 12:33:00+05:30,35.970001220703125,32535.19921875,2688.699951171875,1369.199951171875,24821.75,90.59750366210938,12.302499771118164
2026-02-18 12:34:00+05:30,35.970001220703125,32541.25,2688.39990234375,1369.199951171875,24823.75,90.6050033569336,12.3100004196167
2026-02-18 12:35:00+05:30,35.97999954223633,32552.849609375,2690.89990234375,1369.5999755859375,24820.25,90.60250091552734,12.282500267028809
2026-02-18 12:36:00+05:30,35.9900016784668,32539.44921875,2689.699951171875,1369.300048828125,24812.25,90.58999633789062,12.307499885559082
2026-02-18 12:37:00+05:30,35.9900016784668,32557.44921875,2689.89990234375,1370.5,24815.5,90.60250091552734,12.287500381469727
2026-02-18 12:38:00+05:30,35.9900016784668,32564.30078125,2690.5,1371.0,24814.25,90.59500122070312,12.28499984741211
2026-02-18 12:39:00+05:30,36.0,32559.150390625,2691.300048828125,1371.0,24816.5,90.60250091552734,12.262499809265137
2026-02-18 12:40:00+05:30,36.0,32552.19921875,2692.5,1370.5,24816.0,90.5999984741211,12.302499771118164
2026-02-18 12:41:00+05:30,35.9900016784668,32551.75,2692.39990234375,1370.800048828125,24809.5,90.61000061035156,12.307499885559082
2026-02-18 12:42:00+05:30,36.0,32568.69921875,2693.5,1370.800048828125,24808.25,90.62750244140625,12.27750015258789
2026-02-18 12:43:00+05:30,36.0,32564.19921875,2693.0,1370.4000244140625,24811.0,90.62999725341797,12.319999694824219
2026-02-18 12:44:00+05:30,36.0,32560.75,2693.89990234375,1370.0,24812.0,90.63999938964844,12.3149995803833
2026-02-18 12:45:00+05:30,35.97999954223633,32551.400390625,2693.199951171875,1369.699951171875,24808.5,90.62750244140625,12.317500114440918
2026-02-18 12:46:00+05:30,36.0,32558.69921875,2693.5,1369.5,24814.25,90.62999725341797,12.307499885559082
2026-02-18 12:47:00+05:30,35.9900016784668,32553.0,2693.699951171875,1369.300048828125,24816.0,90.625,12.3125
2026-02-18 12:48:00+05:30,36.0,32546.150390625,2693.10009765625,1369.199951171875,24812.75,90.625,12.327500343322754
2026-02-18 12:49:00+05:30,35.970001220703125,32528.05078125,2691.10009765625,1368.300048828125,24813.0,90.62750244140625,12.292499542236328
2026-02-18 12:50:00+05:30,35.970001220703125,32531.650390625,2691.0,1368.5999755859375,24810.25,90.64250183105469,12.279999732971191
2026-02-18 12:51:00+05:30,35.970001220703125,32532.5,2692.0,1367.5999755859375,24806.0,90.63749694824219,12.274999618530273
2026-02-18 12:52:00+05:30,35.970001220703125,32537.19921875,2692.699951171875,1368.199951171875,24809.5,90.63500213623047,12.292499542236328
2026-02-18 12:53:00+05:30,35.97999954223633,32534.099609375,2692.5,1368.0999755859375,24809.5,90.63500213623047,12.28499984741211
2026-02-18 12:54:00+05:30,35.970001220703125,32521.30078125,2691.800048828125,1367.300048828125,24802.75,90.63500213623047,12.302499771118164
2026-02-18 12:55:00+05:30,35.95000076293945,32517.0,2691.800048828125,1367.699951171875,24807.25,90.63749694824219,12.300000190734863
2026-02-18 12:56:00+05:30,35.95000076293945,32516.150390625,2692.10009765625,1367.699951171875,24810.75,90.62200164794922,12.27750015258789
2026-02-18 12:57:00+05:30,35.970001220703125,32518.849609375,2691.800048828125,1367.800048828125,24809.5,90.62200164794922,12.260000228881836
2026-02-18 12:58:00+05:30,35.970001220703125,32527.400390625,2692.60009765625,1368.300048828125,24814.75,90.6449966430664,12.25
2026-02-18 12:59:00+05:30,35.970001220703125,32531.349609375,2692.60009765625,1368.0999755859375,24822.25,90.6500015258789,12.2475004196167
2026-02-18 13:00:00+05:30,35.970001220703125,32524.25,2692.0,1368.0,24828.75,90.65249633789062,12.239999771118164
2026-02-18 13:01:00+05:30,35.959999084472656,32525.5,2691.60009765625,1368.199951171875,24823.0,90.65249633789062,12.220000267028809
2026-02-18 13:02:00+05:30,35.93000030517578,32487.05078125,2688.5,1366.0999755859375,24827.25,90.6500015258789,12.260000228881836
2026-02-18 13:03:00+05:30,35.95000076293945,32507.599609375,2689.800048828125,1367.5,24826.0,90.625,12.289999961853027
2026-02-18 13:04:00+05:30,35.970001220703125,32533.30078125,2691.39990234375,1369.5,24826.5,90.6500015258789,12.237500190734863
2026-02-18 13:05:00+05:30,35.97999954223633,32545.849609375,2692.39990234375,1369.699951171875,24829.25,90.65249633789062,12.239999771118164
2026-02-18 13:06:00+05:30,35.9900016784668,32546.80078125,2692.300048828125,1370.199951171875,24827.75,90.6240005493164,12.242500305175781
2026-02-18 13:07:00+05:30,35.9900016784668,32543.94921875,2691.60009765625,1370.0,24830.75,90.6500015258789,12.2475004196167
2026-02-18 13:08:00+05:30,35.97999954223633,32535.75,2690.0,1369.5,24833.5,90.63700103759766,12.260000228881836
2026-02-18 13:09:00+05:30,35.970001220703125,32540.30078125,2691.5,1369.5999755859375,24834.5,90.66500091552734,12.282500267028809
2026-02-18 13:10:00+05:30,35.959999084472656,32519.400390625,2688.300048828125,1368.199951171875,24836.0,90.6510009765625,12.3149995803833
2026-02-18 13:11:00+05:30,35.959999084472656,32528.75,2689.10009765625,1369.199951171875,24831.25,90.6500015258789,12.305000305175781
2026-02-18 13:12:00+05:30,35.970001220703125,32542.94921875,2689.60009765625,1369.5,24835.75,90.67250061035156,12.297499656677246
2026-02-18 13:13:00+05:30,35.97999954223633,32537.19921875,2688.89990234375,1369.5,24836.0,90.67749786376953,12.28499984741211
2026-02-18 13:14:00+05:30,35.9900016784668,32545.69921875,2689.5,1369.9000244140625,24839.75,90.67250061035156,12.279999732971191
2026-02-18 13:15:00+05:30,36.0,32555.599609375,2691.0,1370.0,24836.5,90.67500305175781,12.289999961853027
2026-02-18 13:16:00+05:30,35.97999954223633,32543.30078125,2690.5,1369.0999755859375,24839.0,90.65799713134766,12.262499809265137
2026-02-18 13:17:00+05:30,35.97999954223633,32539.400390625,2690.0,1369.4000244140625,24839.75,90.66500091552734,12.279999732971191
2026-02-18 13:18:00+05:30,35.97999954223633,32536.44921875,2688.89990234375,1369.5,24830.25,90.66500091552734,12.267499923706055
2026-02-18 13:19:00+05:30,35.97999954223633,32555.05078125,2690.89990234375,1370.4000244140625,24829.75,90.6449966430664,12.25
2026-02-18 13:20:00+05:30,36.0,32571.400390625,2690.89990234375,1372.0,24830.25,90.65750122070312,12.25
2026-02-18 13:21:00+05:30,36.0,32563.69921875,2691.0,1372.0999755859375,24830.5,90.62799835205078,12.267499923706055
2026-02-18 13:22:00+05:30,36.02000045776367,32571.400390625,2692.0,1372.199951171875,24828.25,90.63999938964844,12.27750015258789
2026-02-18 13:23:00+05:30,36.02000045776367,32585.150390625,2693.300048828125,1373.199951171875,24833.0,90.64749908447266,12.255000114440918
2026-02-18 13:24:00+05:30,36.02000045776367,32576.05078125,2691.89990234375,1372.800048828125,24833.0,90.6500015258789,12.28499984741211
2026-02-18 13:25:00+05:30,36.0,32549.900390625,2690.699951171875,1370.5,24832.25,90.64250183105469,12.3149995803833
2026-02-18 13:26:00+05:30,35.9900016784668,32542.150390625,2689.5,1370.699951171875,24832.25,90.63749694824219,12.305000305175781
2026-02-18 13:27:00+05:30,35.970001220703125,32528.400390625,2687.199951171875,1369.699951171875,24834.25,90.62000274658203,12.295000076293945
2026-02-18 13:28:00+05:30,35.939998626708984,32510.25,2685.60009765625,1368.0,24831.25,90.65499877929688,12.287500381469727
2026-02-18 13:29:00+05:30,35.959999084472656,32526.150390625,2686.60009765625,1368.800048828125,24834.75,90.65249633789062,12.274999618530273
2026-02-18 13:30:00+05:30,35.95000076293945,32519.25,2686.0,1368.800048828125,24850.0,90.6500015258789,12.289999961853027
2026-02-18 13:31:00+05:30,35.970001220703125,32531.599609375,2687.699951171875,1369.0,24847.75,90.64749908447266,12.257499694824219
2026-02-18 13:32:00+05:30,35.959999084472656,32529.650390625,2687.39990234375,1369.300048828125,24844.75,90.6449966430664,12.267499923706055
2026-02-18 13:33:00+05:30,35.970001220703125,32527.650390625,2687.0,1368.9000244140625,24854.25,90.64749908447266,12.267499923706055
2026-02-18 13:34:00+05:30,35.959999084472656,32534.400390625,2687.10009765625,1369.800048828125,24863.0,90.64749908447266,12.267499923706055
2026-02-18 13:35:00+05:30,35.959999084472656,32530.900390625,2687.5,1369.300048828125,24864.0,90.63749694824219,12.257499694824219
2026-02-18 13:36:00+05:30,35.95000076293945,32515.900390625,2686.199951171875,1368.0,24857.5,90.64250183105469,12.3149995803833
2026-02-18 13:37:00+05:30,35.95000076293945,32507.599609375,2686.199951171875,1368.0,24861.25,90.6500015258789,12.305000305175781
2026-02-18 13:38:00+05:30,35.959999084472656,32523.599609375,2687.0,1368.0999755859375,24868.25,90.6500015258789,12.327500343322754
2026-02-18 13:39:00+05:30,35.959999084472656,32516.599609375,2686.300048828125,1368.0,24872.75,90.6500015258789,12.367500305175781
2026-02-18 13:40:00+05:30,35.959999084472656,32517.44921875,2686.0,1368.4000244140625,24877.25,90.64749908447266,12.332500457763672
2026-02-18 13:41:00+05:30,35.959999084472656,32504.349609375,2685.60009765625,1368.0999755859375,24871.0,90.65249633789062,12.34000015258789
2026-02-18 13:42:00+05:30,35.939998626708984,32502.349609375,2684.199951171875,1367.699951171875,24856.0,90.62999725341797,12.352499961853027
2026-02-18 13:43:00+05:30,35.95000076293945,32504.55078125,2685.300048828125,1367.5,24862.5,90.65499877929688,12.352499961853027
2026-02-18 13:44:00+05:30,35.939998626708984,32514.94921875,2684.89990234375,1368.5999755859375,24865.5,90.65499877929688,12.354999542236328
2026-02-18 13:45:00+05:30,35.95000076293945,32538.599609375,2687.0,1369.4000244140625,24876.75,90.66000366210938,12.295000076293945
2026-02-18 13:46:00+05:30,35.97999954223633,32543.19921875,2687.89990234375,1369.5,24903.25,90.6500015258789,12.302499771118164
2026-02-18 13:47:00+05:30,35.959999084472656,32536.05078125,2686.10009765625,1369.9000244140625,24906.75,90.65750122070312,12.292499542236328
2026-02-18 13:48:00+05:30,35.9900016784668,32555.30078125,2688.10009765625,1370.5,24898.75,90.65249633789062,12.287500381469727
2026-02-18 13:49:00+05:30,35.97999954223633,32546.099609375,2688.0,1370.0,24896.5,90.6500015258789,12.3100004196167
2026-02-18 13:50:00+05:30,35.9900016784668,32553.25,2689.10009765625,1370.4000244140625,24897.25,90.65499877929688,12.302499771118164
2026-02-18 13:51:00+05:30,35.9900016784668,32566.30078125,2690.0,1371.300048828125,24887.0,90.65499877929688,12.317500114440918
2026-02-18 13:52:00+05:30,35.970001220703125,32528.44921875,2687.0,1369.9000244140625,24898.0,90.65249633789062,12.34749984741211
2026-02-18 13:53:00+05:30,35.93000030517578,32499.099609375,2684.39990234375,1368.300048828125,24904.5,90.63200378417969,12.357500076293945
2026-02-18 13:54:00+05:30,35.93000030517578,32486.94921875,2683.199951171875,1367.5999755859375,24909.75,90.65499877929688,12.337499618530273
2026-02-18 13:55:00+05:30,35.93000030517578,32484.349609375,2684.0,1367.0999755859375,24909.25,90.6259994506836,12.337499618530273
2026-02-18 13:56:00+05:30,35.91999816894531,32493.44921875,2685.0,1367.199951171875,24901.75,90.63999938964844,12.3125
2026-02-18 13:57:00+05:30,35.93000030517578,32507.80078125,2686.699951171875,1368.300048828125,24893.0,90.6500015258789,12.319999694824219
2026-02-18 13:58:00+05:30,35.939998626708984,32509.69921875,2686.60009765625,1368.300048828125,24893.0,90.63999938964844,12.319999694824219
2026-02-18 13:59:00+05:30,35.95000076293945,32516.5,2687.199951171875,1368.5,24895.5,90.66500091552734,12.324999809265137
2026-02-18 14:00:00+05:30,35.95000076293945,32521.0,2686.5,1368.800048828125,24896.0,90.63500213623047,12.34000015258789
2026-02-18 14:01:00+05:30,35.959999084472656,32514.900390625,2686.199951171875,1369.199951171875,24892.5,90.66000366210938,12.329999923706055
2026-02-18 14:02:00+05:30,35.95000076293945,32521.69921875,2686.0,1369.300048828125,24896.25,90.66000366210938,12.3125
2026-02-18 14:03:00+05:30,35.959999084472656,32521.94921875,2685.0,1369.0999755859375,24900.0,90.6449966430664,12.329999923706055
2026-02-18 14:04:00+05:30,35.959999084472656,32524.55078125,2685.0,1369.5,24902.0,90.66999816894531,12.3100004196167
2026-02-18 14:05:00+05:30,35.970001220703125,32533.349609375,2685.199951171875,1369.699951171875,24900.75,90.6624984741211,12.260000228881836
2026-02-18 14:06:00+05:30,35.97999954223633,32538.349609375,2685.39990234375,1370.300048828125,24915.25,90.66999816894531,12.270000457763672
2026-02-18 14:07:00+05:30,35.9900016784668,32546.80078125,2686.89990234375,1370.4000244140625,24906.0,90.66500091552734,12.262499809265137
2026-02-18 14:08:00+05:30,35.9900016784668,32548.25,2686.699951171875,1370.5,24904.75,90.66999816894531,12.265000343322754
2026-02-18 14:09:00+05:30,35.9900016784668,32556.650390625,2686.89990234375,1370.5,24905.25,90.66000366210938,12.267499923706055
2026-02-18 14:10:00+05:30,36.0,32577.55078125,2689.300048828125,1371.4000244140625,24905.75,90.6624984741211,12.27750015258789
2026-02-18 14:11:00+05:30,36.029998779296875,32600.80078125,2691.10009765625,1372.4000244140625,24913.25,90.6675033569336,12.260000228881836
2026-02-18 14:12:00+05:30,36.040000915527344,32614.75,2692.199951171875,1372.800048828125,24902.75,90.66999816894531,12.255000114440918
2026-02-18 14:13:00+05:30,36.040000915527344,32623.69921875,2693.300048828125,1374.199951171875,24902.0,90.66999816894531,12.255000114440918
2026-02-18 14:14:00+05:30,36.04999923706055,32609.5,2692.10009765625,1373.5999755859375,24896.0,90.66999816894531,12.2475004196167
2026-02-18 14:15:00+05:30,36.060001373291016,32616.75,2692.5,1374.0,24906.25,90.68000030517578,12.265000343322754
2026-02-18 14:16:00+05:30,36.040000915527344,32606.75,2691.300048828125,1373.5999755859375,24896.5,90.67749786376953,12.270000457763672
2026-02-18 14:17:00+05:30,36.04999923706055,32607.44921875,2691.0,1374.0,24893.25,90.66000366210938,12.274999618530273
2026-02-18 14:18:00+05:30,36.04999923706055,32626.80078125,2692.5,1374.5999755859375,24895.0,90.67749786376953,12.297499656677246
2026-02-18 14:19:00+05:30,36.06999969482422,32627.349609375,2692.89990234375,1375.0,24893.0,90.67749786376953,12.292499542236328
2026-02-18 14:20:00+05:30,36.06999969482422,32625.80078125,2693.5,1374.199951171875,24892.75,90.64700317382812,12.359999656677246
2026-02-18 14:21:00+05:30,36.06999969482422,32627.30078125,2693.699951171875,1374.199951171875,24891.75,90.6675033569336,12.342499732971191
2026-02-18 14:22:00+05:30,36.08000183105469,32622.5,2693.699951171875,1374.0999755859375,24891.75,90.6675033569336,12.362500190734863
2026-02-18 14:23:00+05:30,36.08000183105469,32635.0,2694.300048828125,1374.800048828125,24896.25,90.6675033569336,12.357500076293945
2026-02-18 14:24:00+05:30,36.08000183105469,32644.05078125,2695.0,1375.0,24893.5,90.66500091552734,12.362500190734863
2026-02-18 14:25:00+05:30,36.06999969482422,32623.19921875,2693.60009765625,1374.0999755859375,24899.0,90.6624984741211,12.354999542236328
2026-02-18 14:26:00+05:30,36.060001373291016,32631.05078125,2693.300048828125,1374.0,24904.25,90.63400268554688,12.345000267028809
2026-02-18 14:27:00+05:30,36.060001373291016,32629.25,2693.0,1373.699951171875,24899.0,90.63500213623047,12.357500076293945
2026-02-18 14:28:00+05:30,36.06999969482422,32617.55078125,2692.60009765625,1373.9000244140625,24905.5,90.66000366210938,12.337499618530273
2026-02-18 14:29:00+05:30,36.060001373291016,32615.80078125,2692.800048828125,1373.5999755859375,24903.5,90.65750122070312,12.354999542236328
2026-02-18 14:30:00+05:30,36.04999923706055,32617.900390625,2693.0,1373.699951171875,24906.75,90.6500015258789,12.342499732971191
2026-02-18 14:31:00+05:30,36.04999923706055,32609.150390625,2692.89990234375,1373.5,24913.25,90.63500213623047,12.329999923706055
2026-02-18 14:32:00+05:30,36.060001373291016,32620.650390625,2693.199951171875,1373.5,24910.25,90.66000366210938,12.350000381469727
2026-02-18 14:33:00+05:30,36.09000015258789,32637.150390625,2694.0,1374.0999755859375,24903.75,90.6624984741211,12.357500076293945
2026-02-18 14:34:00+05:30,36.06999969482422,32622.80078125,2693.199951171875,1373.199951171875,24907.75,90.6449966430664,12.357500076293945
2026-02-18 14:35:00+05:30,36.09000015258789,32641.80078125,2694.300048828125,1374.800048828125,24909.75,90.66500091552734,12.362500190734863
2026-02-18 14:36:00+05:30,36.09000015258789,32646.650390625,2695.10009765625,1375.0,24905.5,90.64900207519531,12.359999656677246
2026-02-18 14:37:00+05:30,36.09000015258789,32644.44921875,2694.39990234375,1374.699951171875,24900.5,90.66999816894531,12.3725004196167
2026-02-18 14:38:00+05:30,36.08000183105469,32631.94921875,2693.0,1374.5,24905.25,90.67250061035156,12.369999885559082
2026-02-18 14:39:00+05:30,36.08000183105469,32618.69921875,2690.699951171875,1374.0999755859375,24911.5,90.63999938964844,12.369999885559082
2026-02-18 14:40:00+05:30,36.060001373291016,32609.099609375,2688.699951171875,1374.0,24912.25,90.66000366210938,12.369999885559082
2026-02-18 14:41:00+05:30,36.060001373291016,32616.44921875,2690.89990234375,1373.699951171875,24913.0,90.65750122070312,12.367500305175781
2026-02-18 14:42:00+05:30,36.04999923706055,32601.900390625,2689.10009765625,1373.199951171875,24924.75,90.66000366210938,12.359999656677246
2026-02-18 14:43:00+05:30,36.029998779296875,32587.5,2688.39990234375,1372.9000244140625,24921.0,90.65750122070312,12.367500305175781
2026-02-18 14:44:00+05:30,36.04999923706055,32596.400390625,2688.0,1373.0999755859375,24914.75,90.65750122070312,12.380000114440918
2026-02-18 14:45:00+05:30,36.0099983215332,32570.0,2687.39990234375,1370.4000244140625,24919.75,90.63099670410156,12.3774995803833
2026-02-18 14:46:00+05:30,36.02000045776367,32576.25,2687.89990234375,1370.4000244140625,24910.25,90.63200378417969,12.397500038146973
2026-02-18 14:47:00+05:30,36.02000045776367,32573.150390625,2688.0,1370.4000244140625,24908.75,90.63500213623047,12.399999618530273
2026-02-18 14:48:00+05:30,36.029998779296875,32578.650390625,2688.0,1370.5,24908.5,90.65499877929688,12.385000228881836
2026-02-18 14:49:00+05:30,36.0,32581.25,2687.800048828125,1370.300048828125,24910.5,90.65249633789062,12.40250015258789
2026-02-18 14:50:00+05:30,36.029998779296875,32590.400390625,2688.5,1371.199951171875,24910.75,90.65750122070312,12.380000114440918
2026-02-18 14:51:00+05:30,36.04999923706055,32617.400390625,2690.89990234375,1373.199951171875,24911.0,90.66000366210938,12.367500305175781
2026-02-18 14:52:00+05:30,36.06999969482422,32620.69921875,2691.0,1373.199951171875,24910.5,90.66999816894531,12.350000381469727
2026-02-18 14:53:00+05:30,36.04999923706055,32617.400390625,2690.199951171875,1372.800048828125,24910.5,90.67250061035156,12.369999885559082
2026-02-18 14:54:00+05:30,36.06999969482422,32624.349609375,2690.800048828125,1372.800048828125,24915.5,90.67250061035156,12.364999771118164
2026-02-18 14:55:00+05:30,36.06999969482422,32626.19921875,2690.5,1373.0,24919.5,90.67500305175781,12.34749984741211
2026-02-18 14:56:00+05:30,36.06999969482422,32644.849609375,2691.699951171875,1373.5999755859375,24913.75,90.64399719238281,12.332500457763672
2026-02-18 14:57:00+05:30,36.08000183105469,32628.849609375,2691.0,1372.800048828125,24917.25,90.67250061035156,12.342499732971191
2026-02-18 14:58:00+05:30,36.04999923706055,32612.400390625,2689.5,1371.9000244140625,24921.75,90.67250061035156,12.34749984741211
2026-02-18 14:59:00+05:30,36.04999923706055,32603.75,2689.60009765625,1371.0,24919.75,90.66999816894531,12.359999656677246
2026-02-18 15:00:00+05:30,36.09000015258789,32659.150390625,2693.300048828125,1373.199951171875,24923.25,90.6500015258789,12.352499961853027
2026-02-18 15:01:00+05:30,36.11000061035156,32684.19921875,2695.60009765625,1374.199951171875,24927.75,90.67250061035156,12.337499618530273
2026-02-18 15:02:00+05:30,36.119998931884766,32672.900390625,2694.89990234375,1374.0,24930.5,90.67500305175781,12.279999732971191
2026-02-18 15:03:00+05:30,36.119998931884766,32676.80078125,2696.0,1373.5,24929.25,90.67500305175781,12.265000343322754
2026-02-18 15:04:00+05:30,36.130001068115234,32676.599609375,2697.300048828125,1373.5999755859375,24933.0,90.66999816894531,12.265000343322754
2026-02-18 15:05:00+05:30,36.130001068115234,32670.099609375,2695.10009765625,1374.199951171875,24930.5,90.67250061035156,12.2475004196167
2026-02-18 15:06:00+05:30,36.130001068115234,32672.0,2695.60009765625,1373.9000244140625,24934.5,90.64900207519531,12.265000343322754
2026-02-18 15:07:00+05:30,36.130001068115234,32684.94921875,2695.89990234375,1374.9000244140625,24935.5,90.67250061035156,12.164999961853027
2026-02-18 15:08:00+05:30,36.119998931884766,32665.599609375,2694.300048828125,1373.800048828125,24934.25,90.67500305175781,12.154999732971191
2026-02-18 15:09:00+05:30,36.119998931884766,32684.650390625,2696.699951171875,1374.0999755859375,24939.0,90.66999816894531,12.15250015258789
2026-02-18 15:10:00+05:30,36.11000061035156,32681.25,2695.199951171875,1374.800048828125,24935.0,90.66999816894531,12.1850004196167
2026-02-18 15:11:00+05:30,36.11000061035156,32682.599609375,2694.300048828125,1375.0999755859375,24938.75,90.65599822998047,12.170000076293945
2026-02-18 15:12:00+05:30,36.119998931884766,32689.900390625,2696.0,1375.0999755859375,24938.25,90.68000030517578,12.135000228881836
2026-02-18 15:13:00+05:30,36.11000061035156,32685.150390625,2695.60009765625,1374.5,24935.25,90.67749786376953,12.162500381469727
2026-02-18 15:14:00+05:30,36.11000061035156,32669.0,2695.0,1373.800048828125,24936.25,90.68000030517578,12.15999984741211
2026-02-18 15:15:00+05:30,36.11000061035156,32668.5,2694.5,1374.0,24934.25,90.67250061035156,12.1875
2026-02-18 15:16:00+05:30,36.119998931884766,32681.19921875,2694.5,1374.0,24930.5,90.66999816894531,12.167499542236328
2026-02-18 15:17:00+05:30,36.11000061035156,32678.099609375,2695.60009765625,1373.5999755859375,24930.0,90.66999816894531,12.164999961853027
2026-02-18 15:18:00+05:30,36.119998931884766,32667.400390625,2694.60009765625,1373.199951171875,24928.75,90.64900207519531,12.225000381469727
2026-02-18 15:19:00+05:30,36.08000183105469,32642.849609375,2692.300048828125,1372.4000244140625,24923.0,90.66999816894531,12.202500343322754
2026-02-18 15:20:00+05:30,36.08000183105469,32656.75,2695.199951171875,1372.800048828125,24923.25,90.6500015258789,12.22249984741211
2026-02-18 15:21:00+05:30,36.099998474121094,32673.0,2696.300048828125,1373.699951171875,24927.5,90.67250061035156,12.227499961853027
2026-02-18 15:22:00+05:30,36.11000061035156,32671.5,2696.0,1373.5,24925.0,90.67500305175781,12.229999542236328
2026-02-18 15:23:00+05:30,36.099998474121094,32660.19921875,2694.89990234375,1373.0999755859375,24919.5,90.68000030517578,12.234999656677246
2026-02-18 15:24:00+05:30,36.09000015258789,32653.69921875,2695.800048828125,1373.0,24920.5,90.68000030517578,12.239999771118164
2026-02-18 15:25:00+05:30,36.08000183105469,32638.349609375,2693.300048828125,1371.9000244140625,24921.0,90.67500305175781,12.239999771118164
2026-02-18 15:26:00+05:30,36.08000183105469,32641.05078125,2693.10009765625,1372.0,24914.25,90.66999816894531,12.257499694824219
2026-02-18 15:27:00+05:30,36.06999969482422,32637.099609375,2693.800048828125,1372.0,24909.75,90.65699768066406,12.242500305175781
2026-02-18 15:28:00+05:30,36.06999969482422,32631.900390625,2694.0,1371.9000244140625,24907.5,90.67500305175781,12.244999885559082
2026-02-18 15:29:00+05:30,36.099998474121094,32619.650390625,2694.89990234375,1372.0,24909.0,90.68000030517578,12.272500038146973
2026-02-18 15:30:00+05:30,36.099998474121094,32619.650390625,2694.89990234375,1372.0,24915.25,90.64800262451172,12.272500038146973
2026-02-19 09:00:00+05:30,36.099998474121094,32619.650390625,2694.89990234375,1372.0,24997.25,90.85600280761719,12.272500038146973
2026-02-19 09:01:00+05:30,36.099998474121094,32619.650390625,2694.89990234375,1372.0,24995.0,90.85600280761719,12.272500038146973
2026-02-19 09:02:00+05:30,36.099998474121094,32619.650390625,2694.89990234375,1372.0,24988.25,90.85600280761719,12.272500038146973
2026-02-19 09:03:00+05:30,36.099998474121094,32619.650390625,2694.89990234375,1372.0,24989.25,90.85600280761719,12.272500038146973
2026-02-19 09:04:00+05:30,36.099998474121094,32619.650390625,2694.89990234375,1372.0,24989.75,90.85600280761719,12.272500038146973
2026-02-19 09:05:00+05:30,36.099998474121094,32619.650390625,2694.89990234375,1372.0,24989.5,90.85600280761719,12.272500038146973
2026-02-19 09:06:00+05:30,36.099998474121094,32619.650390625,2694.89990234375,1372.0,24985.75,90.85600280761719,12.272500038146973
2026-02-19 09:07:00+05:30,36.099998474121094,32619.650390625,2694.89990234375,1372.0,24986.75,90.85600280761719,12.272500038146973
2026-02-19 09:08:00+05:30,36.099998474121094,32619.650390625,2694.89990234375,1372.0,24981.75,90.85600280761719,12.272500038146973
2026-02-19 09:09:00+05:30,36.099998474121094,32619.650390625,2694.89990234375,1372.0,24976.0,90.85600280761719,12.272500038146973
2026-02-19 09:10:00+05:30,36.099998474121094,32619.650390625,2694.89990234375,1372.0,24977.25,90.85600280761719,12.272500038146973
2026-02-19 09:11:00+05:30,36.099998474121094,32619.650390625,2694.89990234375,1372.0,24972.5,90.85600280761719,12.272500038146973
2026-02-19 09:12:00+05:30,36.099998474121094,32619.650390625,2694.89990234375,1372.0,24974.25,90.85600280761719,12.272500038146973
2026-02-19 09:13:00+05:30,36.099998474121094,32619.650390625,2694.89990234375,1372.0,24971.25,90.85600280761719,12.272500038146973
2026-02-19 09:14:00+05:30,36.099998474121094,32619.650390625,2694.89990234375,1372.0,24978.25,90.85600280761719,12.272500038146973
2026-02-19 09:15:00+05:30,36.630001068115234,33129.8515625,2728.699951171875,1394.199951171875,24974.5,90.85600280761719,12.130000114440918
2026-02-19 09:16:00+05:30,36.52000045776367,33053.94921875,2728.5,1390.300048828125,24974.5,90.92900085449219,12.104999542236328
2026-02-19 09:17:00+05:30,36.5099983215332,33085.69921875,2728.10009765625,1394.5999755859375,24971.25,90.93900299072266,12.039999961853027
2026-02-19 09:18:00+05:30,36.529998779296875,33080.94921875,2727.699951171875,1394.9000244140625,24973.0,90.93900299072266,12.03499984741211
2026-02-19 09:19:00+05:30,36.5099983215332,33060.6015625,2723.0,1393.0,24971.5,90.93399810791016,12.052499771118164
2026-02-19 09:20:00+05:30,36.560001373291016,33141.1015625,2733.0,1397.5,24968.5,90.93499755859375,12.020000457763672
2026-02-19 09:21:00+05:30,36.52000045776367,33090.1015625,2726.39990234375,1393.699951171875,24968.75,90.93800354003906,12.0024995803833
2026-02-19 09:22:00+05:30,36.5099983215332,33074.30078125,2725.5,1392.199951171875,24970.75,90.93399810791016,12.037500381469727
2026-02-19 09:23:00+05:30,36.4900016784668,33050.3984375,2725.0,1391.5,24969.0,90.93699645996094,12.024999618530273
2026-02-19 09:24:00+05:30,36.45000076293945,33013.0,2723.10009765625,1388.4000244140625,24973.0,90.94400024414062,12.085000038146973
2026-02-19 09:25:00+05:30,36.439998626708984,32990.44921875,2721.10009765625,1387.699951171875,24975.5,90.94599914550781,12.107500076293945
2026-02-19 09:26:00+05:30,36.439998626708984,33003.55078125,2723.0,1388.9000244140625,24983.0,90.96800231933594,12.125
2026-02-19 09:27:00+05:30,36.41999816894531,32989.5,2722.0,1387.9000244140625,24986.5,90.97699737548828,12.104999542236328
2026-02-19 09:28:00+05:30,36.41999816894531,32979.6484375,2721.800048828125,1387.0999755859375,24984.5,90.9749984741211,12.15999984741211
2026-02-19 09:29:00+05:30,36.43000030517578,32978.80078125,2721.0,1387.300048828125,24984.0,90.97100067138672,12.117500305175781
2026-02-19 09:30:00+05:30,36.400001525878906,32937.8984375,2718.800048828125,1386.0,24991.75,91.01000213623047,12.194999694824219
2026-02-19 09:31:00+05:30,36.38999938964844,32938.3515625,2719.300048828125,1386.4000244140625,24989.75,90.99199676513672,12.1850004196167
2026-02-19 09:32:00+05:30,36.369998931884766,32942.05078125,2718.39990234375,1387.300048828125,24991.25,91.01499938964844,12.177499771118164
2026-02-19 09:33:00+05:30,36.349998474121094,32908.19921875,2717.300048828125,1385.5,24986.25,91.04499816894531,12.167499542236328
2026-02-19 09:34:00+05:30,36.34000015258789,32884.3984375,2715.89990234375,1385.199951171875,24988.25,91.0530014038086,12.170000076293945
2026-02-19 09:35:00+05:30,36.369998931884766,32905.19921875,2718.0,1386.199951171875,24986.75,91.04399871826172,12.140000343322754
2026-02-19 09:36:00+05:30,36.369998931884766,32920.6015625,2721.0,1385.4000244140625,24987.5,91.04399871826172,12.162500381469727
2026-02-19 09:37:00+05:30,36.34000015258789,32874.8515625,2717.89990234375,1384.4000244140625,24985.5,91.04399871826172,12.192500114440918
2026-02-19 09:38:00+05:30,36.31999969482422,32860.44921875,2716.5,1382.699951171875,24983.0,91.04399871826172,12.229999542236328
2026-02-19 09:39:00+05:30,36.34000015258789,32881.3984375,2719.800048828125,1384.5999755859375,24985.25,91.04399871826172,12.172499656677246
2026-02-19 09:40:00+05:30,36.33000183105469,32878.8984375,2718.10009765625,1385.4000244140625,24988.25,91.0469970703125,12.1875
2026-02-19 09:41:00+05:30,36.349998474121094,32901.75,2719.199951171875,1387.4000244140625,24986.25,91.10199737548828,12.194999694824219
2026-02-19 09:42:00+05:30,36.34000015258789,32875.75,2718.60009765625,1386.300048828125,24984.25,91.10700225830078,12.192500114440918
2026-02-19 09:43:00+05:30,36.34000015258789,32869.8984375,2718.10009765625,1385.9000244140625,24986.75,91.11799621582031,12.1899995803833
2026-02-19 09:44:00+05:30,36.34000015258789,32884.8984375,2718.800048828125,1387.300048828125,24988.75,91.10600280761719,12.207500457763672
2026-02-19 09:45:00+05:30,36.36000061035156,32911.25,2722.0,1388.800048828125,24987.5,91.11599731445312,12.210000038146973
2026-02-19 09:46:00+05:30,36.380001068115234,32921.19921875,2723.0,1388.0999755859375,24986.75,91.11799621582031,12.192500114440918
2026-02-19 09:47:00+05:30,36.40999984741211,32953.6015625,2726.10009765625,1390.0,24990.25,91.11100006103516,12.164999961853027
2026-02-19 09:48:00+05:30,36.45000076293945,32992.25,2729.5,1391.300048828125,24988.25,91.1050033569336,12.15250015258789
2026-02-19 09:49:00+05:30,36.5,33010.30078125,2731.60009765625,1392.0,24990.0,91.10199737548828,12.119999885559082
2026-02-19 09:50:00+05:30,36.470001220703125,32989.0,2730.0,1391.0,24991.0,91.11399841308594,12.125
2026-02-19 09:51:00+05:30,36.459999084472656,32984.05078125,2728.800048828125,1392.0,24992.0,91.13500213623047,12.147500038146973
2026-02-19 09:52:00+05:30,36.439998626708984,32958.94921875,2728.60009765625,1391.800048828125,24985.5,91.16300201416016,12.192500114440918
2026-02-19 09:53:00+05:30,36.400001525878906,32919.1015625,2724.10009765625,1390.0,24984.25,91.16999816894531,12.212499618530273
2026-02-19 09:54:00+05:30,36.38999938964844,32929.1015625,2724.0,1391.5,24978.0,91.18000030517578,12.229999542236328
2026-02-19 09:55:00+05:30,36.40999984741211,32933.8515625,2723.199951171875,1392.0999755859375,24978.5,91.1760025024414,12.177499771118164
2026-02-19 09:56:00+05:30,36.38999938964844,32924.94921875,2723.300048828125,1392.0,24980.25,91.18399810791016,12.180000305175781
2026-02-19 09:57:00+05:30,36.38999938964844,32909.5,2721.300048828125,1392.0999755859375,24979.0,91.14900207519531,12.172499656677246
2026-02-19 09:58:00+05:30,36.380001068115234,32906.19921875,2722.800048828125,1391.300048828125,24976.5,91.1500015258789,12.197500228881836
2026-02-19 09:59:00+05:30,36.38999938964844,32927.6484375,2724.60009765625,1392.4000244140625,24973.5,91.11699676513672,12.220000267028809
2026-02-19 10:00:00+05:30,36.45000076293945,32969.8515625,2730.89990234375,1393.699951171875,24976.5,91.12999725341797,12.232500076293945
2026-02-19 10:01:00+05:30,36.439998626708984,32966.3515625,2732.699951171875,1393.5999755859375,24973.5,91.1240005493164,12.25
2026-02-19 10:02:00+05:30,36.439998626708984,32973.1484375,2732.60009765625,1394.300048828125,24974.25,91.1240005493164,12.227499961853027
2026-02-19 10:03:00+05:30,36.47999954223633,33011.5,2738.10009765625,1395.800048828125,24974.25,91.10900115966797,12.157500267028809
2026-02-19 10:04:00+05:30,36.5,33026.8515625,2737.10009765625,1397.0,24975.25,91.10399627685547,12.175000190734863
2026-02-19 10:05:00+05:30,36.52000045776367,33061.69921875,2742.39990234375,1398.699951171875,24972.25,91.1050033569336,12.137499809265137
2026-02-19 10:06:00+05:30,36.54999923706055,33080.94921875,2744.300048828125,1398.4000244140625,24974.75,91.10199737548828,12.135000228881836
2026-02-19 10:07:00+05:30,36.5,33082.69921875,2741.5,1399.0,24978.0,91.09300231933594,12.182499885559082
2026-02-19 10:08:00+05:30,36.5,33125.25,2745.89990234375,1399.800048828125,24981.5,91.09500122070312,12.154999732971191
2026-02-19 10:09:00+05:30,36.5,33105.1015625,2745.0,1399.699951171875,24979.5,91.0770034790039,12.177499771118164
2026-02-19 10:10:00+05:30,36.5,33104.75,2747.10009765625,1398.800048828125,24976.5,91.0719985961914,12.199999809265137
2026-02-19 10:11:00+05:30,36.4900016784668,33094.6484375,2745.699951171875,1397.5999755859375,24978.25,91.0459976196289,12.297499656677246
2026-02-19 10:12:00+05:30,36.4900016784668,33087.69921875,2744.0,1398.0,24975.0,91.0459976196289,12.342499732971191
2026-02-19 10:13:00+05:30,36.439998626708984,33042.55078125,2740.5,1396.300048828125,24972.0,91.06700134277344,12.359999656677246
2026-02-19 10:14:00+05:30,36.45000076293945,33046.0,2741.39990234375,1396.199951171875,24973.0,91.08499908447266,12.354999542236328
2026-02-19 10:15:00+05:30,36.43000030517578,33025.80078125,2740.0,1394.199951171875,24970.5,91.08100128173828,12.385000228881836
2026-02-19 10:16:00+05:30,36.43000030517578,33022.69921875,2740.5,1395.0,24970.25,91.08499908447266,12.359999656677246
2026-02-19 10:17:00+05:30,36.38999938964844,32973.55078125,2735.39990234375,1391.5999755859375,24963.25,91.06999969482422,12.317500114440918
2026-02-19 10:18:00+05:30,36.380001068115234,32981.69921875,2737.0,1394.0999755859375,24961.0,91.08599853515625,12.292499542236328
2026-02-19 10:19:00+05:30,36.369998931884766,32971.44921875,2735.5,1393.800048828125,24963.75,91.0790023803711,12.282500267028809
2026-02-19 10:20:00+05:30,36.36000061035156,32944.69921875,2733.199951171875,1392.699951171875,24957.0,91.08100128173828,12.3149995803833
2026-02-19 10:21:00+05:30,36.29999923706055,32919.55078125,2732.89990234375,1390.9000244140625,24955.75,91.08100128173828,12.342499732971191
2026-02-19 10:22:00+05:30,36.33000183105469,32941.30078125,2734.39990234375,1392.199951171875,24959.5,91.07599639892578,12.332500457763672
2026-02-19 10:23:00+05:30,36.36000061035156,32951.0,2735.199951171875,1392.699951171875,24961.0,91.072998046875,12.329999923706055
2026-02-19 10:24:00+05:30,36.34000015258789,32935.6484375,2732.5,1392.0,24962.0,91.07499694824219,12.317500114440918
2026-02-19 10:25:00+05:30,36.29999923706055,32883.6484375,2727.89990234375,1390.4000244140625,24962.5,91.07499694824219,12.335000038146973
2026-02-19 10:26:00+05:30,36.27000045776367,32884.19921875,2727.0,1389.5999755859375,24960.0,91.06099700927734,12.479999542236328
2026-02-19 10:27:00+05:30,36.2400016784668,32853.8984375,2726.10009765625,1388.0999755859375,24962.75,91.0780029296875,12.567500114440918
2026-02-19 10:28:00+05:30,36.25,32876.80078125,2726.89990234375,1389.0999755859375,24956.0,91.08200073242188,12.5024995803833
2026-02-19 10:29:00+05:30,36.27000045776367,32869.0,2727.0,1389.0,24956.0,91.03600311279297,12.442500114440918
2026-02-19 10:30:00+05:30,36.22999954223633,32833.3984375,2724.0,1388.300048828125,24956.0,91.02899932861328,12.487500190734863
2026-02-19 10:31:00+05:30,36.27000045776367,32876.3515625,2728.199951171875,1390.0,24956.0,91.0469970703125,12.47249984741211
2026-02-19 10:32:00+05:30,36.27000045776367,32871.05078125,2726.0,1389.9000244140625,24956.0,91.04399871826172,12.4375
2026-02-19 10:33:00+05:30,36.279998779296875,32874.5,2726.5,1389.9000244140625,24956.0,91.02899932861328,12.477499961853027
2026-02-19 10:34:00+05:30,36.279998779296875,32868.3515625,2726.89990234375,1389.5,24956.0,91.02200317382812,12.522500038146973
2026-02-19 10:35:00+05:30,36.279998779296875,32866.94921875,2727.199951171875,1389.4000244140625,24956.0,91.05000305175781,12.579999923706055
2026-02-19 10:36:00+05:30,36.2599983215332,32854.75,2726.0,1388.9000244140625,24956.0,91.05400085449219,12.577500343322754
2026-02-19 10:37:00+05:30,36.2599983215332,32841.1484375,2723.5,1388.800048828125,24956.0,91.05400085449219,12.6875
2026-02-19 10:38:00+05:30,36.22999954223633,32847.3984375,2723.199951171875,1389.199951171875,24956.0,91.052001953125,12.765000343322754
2026-02-19 10:39:00+05:30,36.2599983215332,32846.3984375,2723.0,1389.300048828125,24946.75,91.0510025024414,12.78499984741211
2026-02-19 10:40:00+05:30,36.2599983215332,32833.30078125,2722.10009765625,1389.5,24945.25,91.06099700927734,12.795000076293945
2026-02-19 10:41:00+05:30,36.290000915527344,32872.44921875,2725.0,1392.199951171875,24956.25,91.05899810791016,12.667499542236328
2026-02-19 10:42:00+05:30,36.310001373291016,32882.44921875,2726.60009765625,1392.800048828125,24955.75,91.05500030517578,12.75
2026-02-19 10:43:00+05:30,36.2400016784668,32887.3984375,2726.199951171875,1394.199951171875,24954.5,91.04900360107422,12.630000114440918
2026-02-19 10:44:00+05:30,36.27000045776367,32898.05078125,2725.800048828125,1395.0,24956.5,91.05000305175781,12.632499694824219
2026-02-19 10:45:00+05:30,36.27000045776367,32890.69921875,2725.800048828125,1395.0,24955.75,91.05000305175781,12.704999923706055
2026-02-19 10:46:00+05:30,36.279998779296875,32888.6015625,2724.800048828125,1395.4000244140625,24961.0,91.03299713134766,12.682499885559082
2026-02-19 10:47:00+05:30,36.25,32868.55078125,2722.89990234375,1393.300048828125,24960.5,91.03199768066406,12.729999542236328
2026-02-19 10:48:00+05:30,36.22999954223633,32851.3984375,2722.0,1392.199951171875,24963.5,91.03299713134766,12.702500343322754
2026-02-19 10:49:00+05:30,36.27000045776367,32890.44921875,2723.39990234375,1395.0,24966.0,91.0459976196289,12.657500267028809
2026-02-19 10:50:00+05:30,36.2599983215332,32878.69921875,2722.60009765625,1395.0,24963.25,91.04499816894531,12.699999809265137
2026-02-19 10:51:00+05:30,36.27000045776367,32879.19921875,2723.39990234375,1395.0,24958.75,91.08499908447266,12.682499885559082
2026-02-19 10:52:00+05:30,36.25,32886.0,2723.10009765625,1395.0,24955.25,91.07599639892578,12.635000228881836
2026-02-19 10:53:00+05:30,36.2400016784668,32880.94921875,2721.89990234375,1395.4000244140625,24960.25,91.0790023803711,12.632499694824219
2026-02-19 10:54:00+05:30,36.27000045776367,32889.55078125,2722.699951171875,1395.699951171875,24963.25,91.0790023803711,12.625
2026-02-19 10:55:00+05:30,36.290000915527344,32899.6484375,2723.699951171875,1396.5,24962.25,91.06700134277344,12.640000343322754
2026-02-19 10:56:00+05:30,36.290000915527344,32898.80078125,2724.300048828125,1396.199951171875,24959.25,91.05799865722656,12.667499542236328
2026-02-19 10:57:00+05:30,36.290000915527344,32909.1484375,2723.800048828125,1396.0999755859375,24963.25,91.05999755859375,12.6274995803833
2026-02-19 10:58:00+05:30,36.29999923706055,32916.1484375,2726.0,1396.199951171875,24968.75,91.05699920654297,12.614999771118164
2026-02-19 10:59:00+05:30,36.290000915527344,32891.75,2724.199951171875,1395.5999755859375,24973.5,91.04199981689453,12.59749984741211
2026-02-19 11:00:00+05:30,36.279998779296875,32889.1015625,2723.60009765625,1395.0999755859375,24980.75,91.04299926757812,12.609999656677246
2026-02-19 11:01:00+05:30,36.31999969482422,32921.05078125,2725.5,1398.800048828125,24978.0,91.0469970703125,12.59000015258789
2026-02-19 11:02:00+05:30,36.310001373291016,32913.55078125,2726.10009765625,1398.0,24978.0,91.06199645996094,12.614999771118164
2026-02-19 11:03:00+05:30,36.349998474121094,32960.1015625,2729.800048828125,1400.0,24982.25,91.05699920654297,12.619999885559082
2026-02-19 11:04:00+05:30,36.380001068115234,32984.3984375,2730.60009765625,1401.4000244140625,24982.5,91.05699920654297,12.582500457763672
2026-02-19 11:05:00+05:30,36.36000061035156,32959.75,2728.5,1400.0,24986.0,91.05699920654297,12.585000038146973
2026-02-19 11:06:00+05:30,36.36000061035156,32961.1015625,2727.39990234375,1400.0,24984.25,91.07499694824219,12.587499618530273
2026-02-19 11:07:00+05:30,36.369998931884766,32974.3984375,2728.0,1400.800048828125,24981.75,91.0719985961914,12.577500343322754
2026-02-19 11:08:00+05:30,36.36000061035156,32959.75,2727.39990234375,1400.199951171875,24985.0,91.0719985961914,12.604999542236328
2026-02-19 11:09:00+05:30,36.31999969482422,32916.05078125,2724.89990234375,1397.800048828125,24982.0,91.06500244140625,12.602499961853027
2026-02-19 11:10:00+05:30,36.31999969482422,32918.6484375,2725.39990234375,1397.0,24983.25,91.06800079345703,12.592499732971191
2026-02-19 11:11:00+05:30,36.29999923706055,32896.5,2724.5,1395.199951171875,24982.75,91.06999969482422,12.579999923706055
2026-02-19 11:12:00+05:30,36.279998779296875,32880.75,2723.0,1394.5,24984.75,91.06900024414062,12.592499732971191
2026-02-19 11:13:00+05:30,36.27000045776367,32860.5,2721.0,1392.9000244140625,24982.0,91.06500244140625,12.617500305175781
2026-02-19 11:14:00+05:30,36.2400016784668,32843.80078125,2719.5,1392.0,24983.25,91.06800079345703,12.6225004196167
2026-02-19 11:15:00+05:30,36.2400016784668,32853.05078125,2720.60009765625,1393.0,24990.75,91.0479965209961,12.637499809265137
2026-02-19 11:16:00+05:30,36.2400016784668,32831.8984375,2718.10009765625,1392.199951171875,24993.25,91.052001953125,12.65250015258789
2026-02-19 11:17:00+05:30,36.2599983215332,32854.05078125,2720.10009765625,1393.5999755859375,24995.25,91.052001953125,12.649999618530273
2026-02-19 11:18:00+05:30,36.2400016784668,32826.5,2716.699951171875,1392.0,25001.5,91.0530014038086,12.6875
2026-02-19 11:19:00+05:30,36.22999954223633,32819.6015625,2716.10009765625,1391.699951171875,24993.75,91.05500030517578,12.702500343322754
2026-02-19 11:20:00+05:30,36.209999084472656,32821.3515625,2716.60009765625,1391.5,24996.0,91.05500030517578,12.65250015258789
2026-02-19 11:21:00+05:30,36.220001220703125,32814.3984375,2717.0,1391.0,24995.0,91.05699920654297,12.704999923706055
2026-02-19 11:22:00+05:30,36.209999084472656,32805.6484375,2716.0,1390.800048828125,24993.75,91.05699920654297,12.710000038146973
2026-02-19 11:23:00+05:30,36.20000076293945,32785.8984375,2715.10009765625,1389.0999755859375,24996.0,91.05599975585938,12.729999542236328
2026-02-19 11:24:00+05:30,36.18000030517578,32774.5,2713.800048828125,1389.0999755859375,24994.75,91.05400085449219,12.704999923706055
2026-02-19 11:25:00+05:30,36.18000030517578,32787.05078125,2714.89990234375,1389.5999755859375,24997.75,91.04399871826172,12.712499618530273
2026-02-19 11:26:00+05:30,36.220001220703125,32801.25,2716.10009765625,1390.0999755859375,24997.0,91.05000305175781,12.692500114440918
2026-02-19 11:27:00+05:30,36.20000076293945,32783.25,2715.0,1389.4000244140625,24996.75,91.0739974975586,12.727499961853027
2026-02-19 11:28:00+05:30,36.25,32818.6015625,2717.300048828125,1392.199951171875,24995.75,91.06199645996094,12.729999542236328
2026-02-19 11:29:00+05:30,36.2400016784668,32818.44921875,2717.39990234375,1392.0,24996.5,91.06300354003906,12.704999923706055
2026-02-19 11:30:00+05:30,36.220001220703125,32816.94921875,2716.699951171875,1392.0,24995.25,91.06300354003906,12.704999923706055
2026-02-19 11:31:00+05:30,36.22999954223633,32820.55078125,2717.10009765625,1392.5,25000.25,91.06700134277344,12.734999656677246
2026-02-19 11:32:00+05:30,36.25,32826.8984375,2717.0,1392.0,24998.5,91.08200073242188,12.734999656677246
2026-02-19 11:33:00+05:30,36.2599983215332,32820.05078125,2717.0,1392.0,24998.25,91.07499694824219,12.742500305175781
2026-02-19 11:34:00+05:30,36.25,32812.80078125,2715.699951171875,1392.199951171875,24999.75,91.07499694824219,12.707500457763672
2026-02-19 11:35:00+05:30,36.2400016784668,32811.8515625,2714.800048828125,1392.0999755859375,25002.25,91.07599639892578,12.710000038146973
2026-02-19 11:36:00+05:30,36.209999084472656,32775.05078125,2711.5,1390.5,24997.0,91.06500244140625,12.819999694824219
2026-02-19 11:37:00+05:30,36.209999084472656,32772.5,2712.800048828125,1390.199951171875,24997.0,91.05500030517578,12.787500381469727
2026-02-19 11:38:00+05:30,36.209999084472656,32777.30078125,2711.199951171875,1390.9000244140625,24991.0,91.05699920654297,12.77750015258789
2026-02-19 11:39:00+05:30,36.220001220703125,32800.1015625,2713.699951171875,1392.5999755859375,24994.25,91.06500244140625,12.725000381469727
2026-02-19 11:40:00+05:30,36.22999954223633,32792.30078125,2713.5,1391.800048828125,24992.25,91.06999969482422,12.707500457763672
2026-02-19 11:41:00+05:30,36.209999084472656,32772.44921875,2711.5,1390.4000244140625,24994.75,91.0719985961914,12.760000228881836
2026-02-19 11:42:00+05:30,36.20000076293945,32749.25,2710.60009765625,1389.199951171875,25000.0,91.06199645996094,12.829999923706055
2026-02-19 11:43:00+05:30,36.209999084472656,32761.80078125,2711.699951171875,1389.5,24999.0,91.05799865722656,12.800000190734863
2026-02-19 11:44:00+05:30,36.18000030517578,32761.94921875,2711.60009765625,1389.199951171875,24995.25,91.06999969482422,12.84749984741211
2026-02-19 11:45:00+05:30,36.189998626708984,32748.849609375,2711.10009765625,1388.4000244140625,24999.0,91.06700134277344,12.867500305175781
2026-02-19 11:46:00+05:30,36.20000076293945,32748.30078125,2710.300048828125,1388.4000244140625,24996.25,91.06999969482422,12.895000457763672
2026-02-19 11:47:00+05:30,36.20000076293945,32747.349609375,2710.39990234375,1387.800048828125,24992.25,91.05999755859375,12.899999618530273
2026-02-19 11:48:00+05:30,36.20000076293945,32766.75,2710.10009765625,1389.0,24992.75,91.05599975585938,12.90999984741211
2026-02-19 11:49:00+05:30,36.20000076293945,32751.400390625,2710.5,1388.5999755859375,24997.0,91.05899810791016,12.875
2026-02-19 11:50:00+05:30,36.189998626708984,32745.099609375,2710.39990234375,1388.199951171875,24996.0,91.05799865722656,12.885000228881836
2026-02-19 11:51:00+05:30,36.18000030517578,32730.05078125,2710.0,1387.4000244140625,24994.5,91.05599975585938,12.887499809265137
2026-02-19 11:52:00+05:30,36.16999816894531,32722.69921875,2708.800048828125,1387.4000244140625,24995.0,91.01899719238281,12.897500038146973
2026-02-19 11:53:00+05:30,36.16999816894531,32726.5,2709.39990234375,1387.800048828125,24994.25,91.0260009765625,12.90250015258789
2026-02-19 11:54:00+05:30,36.16999816894531,32721.650390625,2708.800048828125,1387.5,24993.75,91.02400207519531,12.887499809265137
2026-02-19 11:55:00+05:30,36.16999816894531,32728.0,2709.0,1388.0,24996.0,91.00499725341797,12.875
2026-02-19 11:56:00+05:30,36.15999984741211,32703.349609375,2706.699951171875,1387.9000244140625,24995.0,91.00499725341797,12.904999732971191
2026-02-19 11:57:00+05:30,36.15999984741211,32719.80078125,2708.5,1387.9000244140625,24995.25,91.00599670410156,12.930000305175781
2026-02-19 11:58:00+05:30,36.16999816894531,32722.349609375,2707.39990234375,1388.0,24996.5,91.00299835205078,12.917499542236328
2026-02-19 11:59:00+05:30,36.16999816894531,32731.05078125,2709.199951171875,1388.5,24998.75,91.00499725341797,12.90250015258789
2026-02-19 12:00:00+05:30,36.16999816894531,32716.5,2708.5,1388.4000244140625,25006.25,91.00399780273438,12.949999809265137
2026-02-19 12:01:00+05:30,36.13999938964844,32689.400390625,2706.800048828125,1386.199951171875,25008.75,91.00499725341797,13.045000076293945
2026-02-19 12:02:00+05:30,36.16999816894531,32716.0,2708.199951171875,1387.5999755859375,25007.75,90.9990005493164,13.017499923706055
2026-02-19 12:03:00+05:30,36.150001525878906,32701.25,2707.800048828125,1386.9000244140625,25008.75,90.99099731445312,13.015000343322754
2026-02-19 12:04:00+05:30,36.15999984741211,32706.69921875,2707.0,1387.0999755859375,25007.0,90.99500274658203,13.012499809265137
2026-02-19 12:05:00+05:30,36.150001525878906,32694.05078125,2706.60009765625,1386.0999755859375,25007.0,90.99400329589844,13.012499809265137
2026-02-19 12:06:00+05:30,36.150001525878906,32702.55078125,2706.5,1386.5999755859375,25004.25,91.0,12.982500076293945
2026-02-19 12:07:00+05:30,36.150001525878906,32697.80078125,2706.0,1386.699951171875,25000.25,90.98899841308594,13.005000114440918
2026-02-19 12:08:00+05:30,36.13999938964844,32711.25,2707.699951171875,1387.9000244140625,25002.0,91.0009994506836,13.020000457763672
2026-02-19 12:09:00+05:30,36.13999938964844,32680.5,2705.39990234375,1387.0,25002.0,91.00299835205078,13.117500305175781
2026-02-19 12:10:00+05:30,36.119998931884766,32665.44921875,2703.60009765625,1386.0,25005.75,91.00800323486328,13.175000190734863
2026-02-19 12:11:00+05:30,36.11000061035156,32654.099609375,2703.0,1385.0999755859375,25005.5,91.01100158691406,13.207500457763672
2026-02-19 12:12:00+05:30,36.06999969482422,32626.5,2700.0,1383.199951171875,25011.5,91.01200103759766,13.295000076293945
2026-02-19 12:13:00+05:30,36.060001373291016,32611.94921875,2700.0,1382.199951171875,25006.75,91.00800323486328,13.369999885559082
2026-02-19 12:14:00+05:30,36.06999969482422,32621.05078125,2701.699951171875,1381.800048828125,25003.5,91.00800323486328,13.352499961853027
2026-02-19 12:15:00+05:30,36.04999923706055,32615.0,2699.800048828125,1382.0999755859375,24997.5,91.01100158691406,13.3774995803833
2026-02-19 12:16:00+05:30,36.04999923706055,32615.849609375,2701.300048828125,1382.0999755859375,24998.0,91.00599670410156,13.390000343322754
2026-02-19 12:17:00+05:30,36.029998779296875,32587.0,2699.39990234375,1380.5999755859375,25001.0,90.99500274658203,13.357500076293945
2026-02-19 12:18:00+05:30,36.060001373291016,32624.55078125,2701.0,1383.0,25002.25,90.97799682617188,13.220000267028809
2026-02-19 12:19:00+05:30,36.09000015258789,32631.30078125,2702.60009765625,1383.199951171875,25002.0,90.98799896240234,13.180000305175781
2026-02-19 12:20:00+05:30,36.09000015258789,32637.400390625,2703.39990234375,1383.5,25003.25,90.98899841308594,13.082500457763672
2026-02-19 12:21:00+05:30,36.119998931884766,32668.599609375,2706.199951171875,1385.199951171875,25006.5,90.98899841308594,13.092499732971191
2026-02-19 12:22:00+05:30,36.11000061035156,32676.5,2706.0,1384.699951171875,25009.75,91.00900268554688,13.162500381469727
2026-02-19 12:23:00+05:30,36.130001068115234,32684.30078125,2705.699951171875,1387.300048828125,25009.25,91.00900268554688,13.182499885559082
2026-02-19 12:24:00+05:30,36.150001525878906,32691.900390625,2706.300048828125,1387.4000244140625,25010.5,91.00900268554688,13.170000076293945
2026-02-19 12:25:00+05:30,36.150001525878906,32698.75,2706.699951171875,1387.0999755859375,25009.5,91.0,13.119999885559082
2026-02-19 12:26:00+05:30,36.119998931884766,32659.30078125,2703.39990234375,1385.0,25011.25,91.0,13.145000457763672
2026-02-19 12:27:00+05:30,36.119998931884766,32667.25,2704.89990234375,1385.9000244140625,25013.0,91.0009994506836,13.145000457763672
2026-02-19 12:28:00+05:30,36.13999938964844,32696.69921875,2706.0,1386.800048828125,25015.75,91.0,13.09749984741211
2026-02-19 12:29:00+05:30,36.13999938964844,32680.75,2703.39990234375,1386.199951171875,25018.5,91.00399780273438,13.067500114440918
2026-02-19 12:30:00+05:30,36.13999938964844,32688.80078125,2704.300048828125,1386.5999755859375,25023.5,91.01200103759766,13.09000015258789
2026-02-19 12:31:00+05:30,36.13999938964844,32690.599609375,2706.0,1386.0,25020.25,91.0199966430664,13.072500228881836
2026-02-19 12:32:00+05:30,36.119998931884766,32666.19921875,2704.699951171875,1385.199951171875,25014.5,91.01899719238281,13.112500190734863
2026-02-19 12:33:00+05:30,36.11000061035156,32659.650390625,2703.0,1384.199951171875,25018.5,91.01000213623047,13.112500190734863
2026-02-19 12:34:00+05:30,36.099998474121094,32663.94921875,2704.10009765625,1385.199951171875,25013.5,91.00900268554688,13.09000015258789
2026-02-19 12:35:00+05:30,36.099998474121094,32662.44921875,2705.0,1385.0,25008.75,91.00800323486328,13.119999885559082
2026-02-19 12:36:00+05:30,36.08000183105469,32637.900390625,2703.300048828125,1384.199951171875,25011.5,91.01699829101562,13.125
2026-02-19 12:37:00+05:30,36.08000183105469,32630.30078125,2702.699951171875,1383.699951171875,25012.75,91.01899719238281,13.1274995803833
2026-02-19 12:38:00+05:30,36.06999969482422,32622.44921875,2702.300048828125,1383.0999755859375,25012.5,91.01399993896484,13.167499542236328
2026-02-19 12:39:00+05:30,36.06999969482422,32616.099609375,2700.0,1382.9000244140625,25016.75,90.99700164794922,13.229999542236328
2026-02-19 12:40:00+05:30,36.060001373291016,32622.19921875,2700.5,1383.199951171875,25021.5,90.99099731445312,13.237500190734863
2026-02-19 12:41:00+05:30,36.029998779296875,32589.94921875,2698.800048828125,1381.5999755859375,25020.75,90.99700164794922,13.279999732971191
2026-02-19 12:42:00+05:30,36.029998779296875,32582.55078125,2698.10009765625,1381.0,25021.0,91.01200103759766,13.307499885559082
2026-02-19 12:43:00+05:30,36.02000045776367,32575.150390625,2697.5,1380.199951171875,25025.75,91.00800323486328,13.342499732971191
2026-02-19 12:44:00+05:30,36.029998779296875,32598.80078125,2698.699951171875,1382.300048828125,25026.0,91.01100158691406,13.354999542236328
2026-02-19 12:45:00+05:30,36.040000915527344,32593.94921875,2699.39990234375,1382.5,25022.0,91.02200317382812,13.357500076293945
2026-02-19 12:46:00+05:30,36.029998779296875,32591.19921875,2698.800048828125,1381.9000244140625,25022.25,91.01200103759766,13.342499732971191
2026-02-19 12:47:00+05:30,36.02000045776367,32576.30078125,2697.0,1380.800048828125,25025.25,91.01000213623047,13.367500305175781
2026-02-19 12:48:00+05:30,36.02000045776367,32574.80078125,2696.5,1380.4000244140625,25023.5,91.00599670410156,13.359999656677246
2026-02-19 12:49:00+05:30,36.029998779296875,32576.44921875,2698.10009765625,1380.199951171875,25023.0,91.00199890136719,13.307499885559082
2026-02-19 12:50:00+05:30,36.0,32575.55078125,2697.800048828125,1380.800048828125,25027.75,91.00199890136719,13.305000305175781
2026-02-19 12:51:00+05:30,36.040000915527344,32596.599609375,2699.0,1382.5,25032.25,91.00399780273438,13.287500381469727
2026-02-19 12:52:00+05:30,36.040000915527344,32609.400390625,2699.300048828125,1383.0,25033.25,90.9990005493164,13.260000228881836
2026-02-19 12:53:00+05:30,36.060001373291016,32608.5,2699.5,1383.300048828125,25032.5,91.00299835205078,13.2475004196167
2026-02-19 12:54:00+05:30,36.040000915527344,32589.80078125,2697.10009765625,1382.300048828125,25037.5,90.9990005493164,13.28499984741211
2026-02-19 12:55:00+05:30,36.040000915527344,32600.69921875,2698.89990234375,1383.0999755859375,25037.25,90.99500274658203,13.2524995803833
2026-02-19 12:56:00+05:30,36.040000915527344,32590.099609375,2697.5,1382.5,25040.75,91.00499725341797,13.270000457763672
2026-02-19 12:57:00+05:30,36.04999923706055,32602.44921875,2698.5,1383.5,25041.5,91.00499725341797,13.287500381469727
2026-02-19 12:58:00+05:30,36.04999923706055,32604.44921875,2698.699951171875,1383.5999755859375,25042.25,91.00399780273438,13.287500381469727
2026-02-19 12:59:00+05:30,36.060001373291016,32616.150390625,2699.5,1384.5,25041.25,91.0,13.255000114440918
2026-02-19 13:00:00+05:30,36.04999923706055,32605.400390625,2698.0,1383.5999755859375,25039.25,91.00499725341797,13.300000190734863
2026-02-19 13:01:00+05:30,36.06999969482422,32621.69921875,2700.0,1384.0,25036.5,91.00800323486328,13.300000190734863
2026-02-19 13:02:00+05:30,36.060001373291016,32608.19921875,2699.0,1383.800048828125,25037.0,91.00900268554688,13.28499984741211
2026-02-19 13:03:00+05:30,36.06999969482422,32617.5,2700.0,1384.800048828125,25037.75,91.00900268554688,13.287500381469727
2026-02-19 13:04:00+05:30,36.06999969482422,32628.25,2701.10009765625,1385.0999755859375,25040.0,91.01000213623047,13.257499694824219
2026-02-19 13:05:00+05:30,36.09000015258789,32645.05078125,2702.699951171875,1386.0,25041.0,91.00499725341797,13.229999542236328
2026-02-19 13:06:00+05:30,36.09000015258789,32637.44921875,2702.300048828125,1386.0,25042.0,90.9990005493164,13.21500015258789
2026-02-19 13:07:00+05:30,36.11000061035156,32664.400390625,2703.0,1387.4000244140625,25044.75,90.99700164794922,13.167499542236328
2026-02-19 13:08:00+05:30,36.130001068115234,32672.400390625,2705.10009765625,1387.0,25041.75,90.99500274658203,13.154999732971191
2026-02-19 13:09:00+05:30,36.119998931884766,32670.19921875,2703.800048828125,1386.0999755859375,25038.75,90.99500274658203,13.107500076293945
2026-02-19 13:10:00+05:30,36.119998931884766,32664.05078125,2702.699951171875,1385.699951171875,25029.75,90.99500274658203,13.117500305175781
2026-02-19 13:11:00+05:30,36.099998474121094,32646.099609375,2702.300048828125,1385.0999755859375,25024.25,91.0009994506836,13.109999656677246
2026-02-19 13:12:00+05:30,36.08000183105469,32630.05078125,2699.199951171875,1384.300048828125,25030.0,91.00599670410156,13.140000343322754
2026-02-19 13:13:00+05:30,36.08000183105469,32632.5,2700.0,1384.0,25032.25,91.00700378417969,13.15999984741211
2026-02-19 13:14:00+05:30,36.06999969482422,32617.94921875,2699.60009765625,1382.5,25031.0,91.00800323486328,13.177499771118164
2026-02-19 13:15:00+05:30,36.040000915527344,32584.599609375,2698.0,1381.0999755859375,25035.75,91.00499725341797,13.220000267028809
2026-02-19 13:16:00+05:30,36.029998779296875,32588.94921875,2697.60009765625,1381.4000244140625,25035.75,91.01000213623047,13.25
2026-02-19 13:17:00+05:30,36.04999923706055,32604.75,2698.800048828125,1382.9000244140625,25034.25,91.01499938964844,13.237500190734863
2026-02-19 13:18:00+05:30,36.04999923706055,32612.849609375,2701.0,1382.699951171875,25033.25,91.00900268554688,13.229999542236328
2026-02-19 13:19:00+05:30,36.04999923706055,32609.44921875,2700.60009765625,1382.5999755859375,25034.75,91.01300048828125,13.27750015258789
2026-02-19 13:20:00+05:30,36.04999923706055,32602.900390625,2701.199951171875,1382.5,25036.25,91.01000213623047,13.234999656677246
2026-02-19 13:21:00+05:30,36.08000183105469,32634.349609375,2703.199951171875,1384.199951171875,25028.0,91.00800323486328,13.229999542236328
2026-02-19 13:22:00+05:30,36.09000015258789,32640.19921875,2703.5,1384.800048828125,25028.25,91.00900268554688,13.170000076293945
2026-02-19 13:23:00+05:30,36.08000183105469,32637.599609375,2704.0,1384.699951171875,25029.0,91.01300048828125,13.130000114440918
2026-02-19 13:24:00+05:30,36.09000015258789,32644.30078125,2704.10009765625,1385.300048828125,25027.75,91.01300048828125,13.092499732971191
2026-02-19 13:25:00+05:30,36.099998474121094,32647.0,2705.10009765625,1385.199951171875,25028.5,91.00499725341797,13.100000381469727
2026-02-19 13:26:00+05:30,36.04999923706055,32608.150390625,2701.199951171875,1383.5,25024.25,91.00499725341797,13.140000343322754
2026-02-19 13:27:00+05:30,36.04999923706055,32607.69921875,2701.300048828125,1383.0,25019.5,91.00399780273438,13.147500038146973
2026-02-19 13:28:00+05:30,36.04999923706055,32622.55078125,2703.0,1384.0999755859375,25021.5,91.01599884033203,13.125
2026-02-19 13:29:00+05:30,36.06999969482422,32623.5,2703.10009765625,1384.0999755859375,25020.75,91.03399658203125,13.1274995803833
2026-02-19 13:30:00+05:30,36.04999923706055,32602.44921875,2700.60009765625,1383.199951171875,25023.25,91.03900146484375,13.137499809265137
2026-02-19 13:31:00+05:30,36.029998779296875,32588.55078125,2700.0,1382.4000244140625,25022.25,91.0270004272461,13.180000305175781
2026-02-19 13:32:00+05:30,36.029998779296875,32589.400390625,2698.800048828125,1383.0,25015.75,91.02300262451172,13.204999923706055
2026-02-19 13:33:00+05:30,36.02000045776367,32580.05078125,2697.0,1382.300048828125,25015.5,91.02100372314453,13.229999542236328
2026-02-19 13:34:00+05:30,36.060001373291016,32630.25,2699.699951171875,1385.5,25022.0,91.0479965209961,13.207500457763672
2026-02-19 13:35:00+05:30,36.040000915527344,32622.25,2701.0,1385.0999755859375,25018.25,91.04499816894531,13.227499961853027
2026-02-19 13:36:00+05:30,36.04999923706055,32621.400390625,2699.60009765625,1385.0,25022.0,91.0459976196289,13.210000038146973
2026-02-19 13:37:00+05:30,36.06999969482422,32636.349609375,2701.0,1386.5,25025.5,91.04499816894531,13.114999771118164
2026-02-19 13:38:00+05:30,36.040000915527344,32624.69921875,2700.0,1386.0,25026.75,91.04299926757812,13.132499694824219
2026-02-19 13:39:00+05:30,36.06999969482422,32624.599609375,2700.10009765625,1386.0,25037.0,91.0270004272461,13.132499694824219
2026-02-19 13:40:00+05:30,36.08000183105469,32630.19921875,2700.10009765625,1386.0,25041.5,91.02400207519531,13.107500076293945
2026-02-19 13:41:00+05:30,36.08000183105469,32632.69921875,2700.39990234375,1385.699951171875,25031.25,91.02799987792969,13.102499961853027
2026-02-19 13:42:00+05:30,36.06999969482422,32613.80078125,2699.0,1385.300048828125,25023.0,91.0250015258789,13.1225004196167
2026-02-19 13:43:00+05:30,36.06999969482422,32619.30078125,2698.699951171875,1385.4000244140625,25031.75,91.0270004272461,13.100000381469727
2026-02-19 13:44:00+05:30,36.06999969482422,32624.349609375,2699.199951171875,1385.5999755859375,25032.0,91.0260009765625,13.087499618530273
2026-02-19 13:45:00+05:30,36.06999969482422,32617.0,2699.39990234375,1385.5999755859375,25034.25,91.01000213623047,13.095000267028809
2026-02-19 13:46:00+05:30,36.060001373291016,32616.349609375,2698.0,1385.699951171875,25038.75,90.98300170898438,13.072500228881836
2026-02-19 13:47:00+05:30,36.04999923706055,32604.900390625,2698.0,1385.0,25038.75,90.9739990234375,13.072500228881836
2026-02-19 13:48:00+05:30,36.040000915527344,32598.599609375,2697.199951171875,1385.300048828125,25039.25,90.9739990234375,13.057499885559082
2026-02-19 13:49:00+05:30,36.040000915527344,32595.400390625,2697.10009765625,1385.0,25042.5,90.97699737548828,13.100000381469727
2026-02-19 13:50:00+05:30,36.040000915527344,32597.30078125,2697.199951171875,1385.199951171875,25046.25,90.97699737548828,13.125
2026-02-19 13:51:00+05:30,36.04999923706055,32602.30078125,2697.10009765625,1385.300048828125,25051.25,90.97899627685547,13.132499694824219
2026-02-19 13:52:00+05:30,36.02000045776367,32586.599609375,2696.800048828125,1384.0,25048.0,90.97200012207031,13.164999961853027
2026-02-19 13:53:00+05:30,36.02000045776367,32580.75,2695.699951171875,1383.5999755859375,25044.0,90.9800033569336,13.177499771118164
2026-02-19 13:54:00+05:30,36.04999923706055,32601.80078125,2697.60009765625,1384.699951171875,25043.75,90.98300170898438,13.157500267028809
2026-02-19 13:55:00+05:30,36.040000915527344,32589.55078125,2696.5,1384.699951171875,25046.0,90.97000122070312,13.157500267028809
2026-02-19 13:56:00+05:30,36.0099983215332,32567.94921875,2695.0,1383.0,25038.75,90.96199798583984,13.175000190734863
2026-02-19 13:57:00+05:30,36.0099983215332,32568.099609375,2695.10009765625,1382.4000244140625,25036.5,90.95899963378906,13.1899995803833
2026-02-19 13:58:00+05:30,36.0099983215332,32565.849609375,2695.0,1382.199951171875,25034.5,90.96800231933594,13.202500343322754
2026-02-19 13:59:00+05:30,36.0,32563.849609375,2695.39990234375,1382.300048828125,25039.25,90.9739990234375,13.202500343322754
2026-02-19 14:00:00+05:30,36.02000045776367,32573.0,2695.300048828125,1382.5,25044.5,90.9800033569336,13.1850004196167
2026-02-19 14:01:00+05:30,36.0099983215332,32555.650390625,2694.699951171875,1382.199951171875,25046.75,90.98200225830078,13.172499656677246
2026-02-19 14:02:00+05:30,35.9900016784668,32557.900390625,2694.300048828125,1382.300048828125,25036.25,90.97899627685547,13.22249984741211
2026-02-19 14:03:00+05:30,35.9900016784668,32555.099609375,2693.0,1381.199951171875,25031.5,90.9800033569336,13.225000381469727
2026-02-19 14:04:00+05:30,36.0,32555.599609375,2692.39990234375,1381.699951171875,25026.25,90.96199798583984,13.239999771118164
2026-02-19 14:05:00+05:30,35.9900016784668,32540.69921875,2692.0,1380.9000244140625,25022.5,90.95099639892578,13.242500305175781
2026-02-19 14:06:00+05:30,36.0,32578.849609375,2694.699951171875,1382.5999755859375,25024.75,90.96800231933594,13.272500038146973
2026-02-19 14:07:00+05:30,36.02000045776367,32585.69921875,2694.699951171875,1382.9000244140625,25024.25,90.97100067138672,13.234999656677246
2026-02-19 14:08:00+05:30,36.02000045776367,32577.150390625,2695.300048828125,1382.699951171875,25023.5,90.96600341796875,13.2475004196167
2026-02-19 14:09:00+05:30,36.029998779296875,32593.0,2696.0,1383.800048828125,25019.75,90.96600341796875,13.207500457763672
2026-02-19 14:10:00+05:30,36.060001373291016,32609.05078125,2698.0,1384.5,25017.75,90.96900177001953,13.177499771118164
2026-02-19 14:11:00+05:30,36.060001373291016,32609.5,2698.60009765625,1384.4000244140625,25016.0,90.96700286865234,13.202500343322754
2026-02-19 14:12:00+05:30,36.040000915527344,32593.5,2697.699951171875,1384.0,25009.0,90.97100067138672,13.217499732971191
2026-02-19 14:13:00+05:30,36.060001373291016,32611.55078125,2699.60009765625,1384.699951171875,25009.0,90.97200012207031,13.164999961853027
2026-02-19 14:14:00+05:30,36.060001373291016,32613.099609375,2700.0,1384.5999755859375,25010.25,90.97000122070312,13.125
2026-02-19 14:15:00+05:30,36.08000183105469,32627.55078125,2700.89990234375,1385.300048828125,25001.75,90.96800231933594,13.087499618530273
2026-02-19 14:16:00+05:30,36.08000183105469,32646.5,2702.39990234375,1385.5,24996.25,90.9540023803711,13.057499885559082
2026-02-19 14:17:00+05:30,36.08000183105469,32634.849609375,2702.199951171875,1385.699951171875,24996.25,90.96499633789062,13.0625
2026-02-19 14:18:00+05:30,36.08000183105469,32620.599609375,2701.0,1385.0,24999.0,90.96800231933594,13.092499732971191
2026-02-19 14:19:00+05:30,36.09000015258789,32633.05078125,2703.300048828125,1385.699951171875,24988.0,90.98100280761719,13.104999542236328
2026-02-19 14:20:00+05:30,36.119998931884766,32675.099609375,2704.300048828125,1387.800048828125,24984.75,90.98300170898438,13.09749984741211
2026-02-19 14:21:00+05:30,36.099998474121094,32650.05078125,2704.39990234375,1386.9000244140625,24959.75,90.98300170898438,13.085000038146973
2026-02-19 14:22:00+05:30,36.06999969482422,32641.900390625,2703.39990234375,1385.4000244140625,24953.0,90.99400329589844,13.107500076293945
2026-02-19 14:23:00+05:30,36.08000183105469,32634.80078125,2702.0,1385.0,24955.25,90.99500274658203,13.125
2026-02-19 14:24:00+05:30,36.099998474121094,32640.44921875,2703.300048828125,1385.5,24970.0,90.99700164794922,13.1225004196167
2026-02-19 14:25:00+05:30,36.06999969482422,32627.900390625,2701.39990234375,1385.199951171875,24962.0,91.00399780273438,13.15250015258789
2026-02-19 14:26:00+05:30,36.060001373291016,32616.400390625,2700.300048828125,1384.800048828125,24961.25,91.01100158691406,13.170000076293945
2026-02-19 14:27:00+05:30,36.040000915527344,32591.400390625,2699.5,1383.699951171875,24954.25,91.00199890136719,13.225000381469727
2026-02-19 14:28:00+05:30,36.040000915527344,32587.55078125,2699.10009765625,1384.300048828125,24949.75,91.00700378417969,13.212499618530273
2026-02-19 14:29:00+05:30,35.9900016784668,32563.650390625,2697.5,1382.9000244140625,24954.25,91.00800323486328,13.242500305175781
2026-02-19 14:30:00+05:30,36.040000915527344,32598.25,2700.0,1384.0999755859375,24962.0,90.9990005493164,13.227499961853027
2026-02-19 14:31:00+05:30,36.040000915527344,32597.849609375,2701.300048828125,1384.199951171875,24966.75,90.99800109863281,13.202500343322754
2026-02-19 14:32:00+05:30,36.04999923706055,32606.849609375,2701.800048828125,1384.300048828125,24967.0,90.99800109863281,13.182499885559082
2026-02-19 14:33:00+05:30,36.04999923706055,32606.75,2701.699951171875,1384.199951171875,24963.5,90.9990005493164,13.202500343322754
2026-02-19 14:34:00+05:30,36.04999923706055,32603.849609375,2700.300048828125,1384.300048828125,24944.0,91.01100158691406,13.182499885559082
2026-02-19 14:35:00+05:30,36.04999923706055,32623.80078125,2701.89990234375,1385.5,24950.25,91.01499938964844,13.22249984741211
2026-02-19 14:36:00+05:30,36.06999969482422,32632.19921875,2702.0,1386.0,24958.0,91.01399993896484,13.197500228881836
2026-02-19 14:37:00+05:30,36.060001373291016,32610.44921875,2701.800048828125,1384.4000244140625,24960.25,91.02300262451172,13.22249984741211
2026-02-19 14:38:00+05:30,36.060001373291016,32613.150390625,2701.300048828125,1384.4000244140625,24957.25,91.02300262451172,13.229999542236328
2026-02-19 14:39:00+05:30,36.06999969482422,32620.5,2702.0,1384.5,24965.5,91.02200317382812,13.194999694824219
2026-02-19 14:40:00+05:30,36.060001373291016,32605.25,2700.5,1383.9000244140625,24963.0,91.01699829101562,13.239999771118164
2026-02-19 14:41:00+05:30,36.029998779296875,32585.0,2699.199951171875,1383.199951171875,24964.25,91.0199966430664,13.274999618530273
2026-02-19 14:42:00+05:30,36.029998779296875,32579.75,2699.0,1382.800048828125,24962.0,91.02100372314453,13.295000076293945
2026-02-19 14:43:00+05:30,35.97999954223633,32553.55078125,2696.199951171875,1381.0,24965.0,91.02400207519531,13.332500457763672
2026-02-19 14:44:00+05:30,35.959999084472656,32524.25,2695.10009765625,1380.0999755859375,24968.0,91.0270004272461,13.345000267028809
2026-02-19 14:45:00+05:30,35.959999084472656,32521.650390625,2695.0,1379.5999755859375,24955.5,91.03900146484375,13.337499618530273
2026-02-19 14:46:00+05:30,35.95000076293945,32512.94921875,2694.300048828125,1378.300048828125,24947.25,91.04399871826172,13.369999885559082
2026-02-19 14:47:00+05:30,35.90999984741211,32475.599609375,2692.800048828125,1377.199951171875,24950.25,91.04900360107422,13.34749984741211
2026-02-19 14:48:00+05:30,35.880001068115234,32458.94921875,2691.39990234375,1375.9000244140625,24950.75,91.05400085449219,13.390000343322754
2026-02-19 14:49:00+05:30,35.959999084472656,32519.69921875,2694.60009765625,1378.800048828125,24948.0,91.08699798583984,13.380000114440918
2026-02-19 14:50:00+05:30,35.939998626708984,32510.30078125,2694.0,1377.800048828125,24951.5,91.11699676513672,13.3149995803833
2026-02-19 14:51:00+05:30,35.959999084472656,32527.0,2695.89990234375,1378.5999755859375,24957.0,91.1050033569336,13.3149995803833
2026-02-19 14:52:00+05:30,35.970001220703125,32531.849609375,2694.39990234375,1378.300048828125,24965.75,91.0719985961914,13.317500114440918
2026-02-19 14:53:00+05:30,35.93000030517578,32492.0,2691.800048828125,1375.800048828125,24970.25,91.06999969482422,13.305000305175781
2026-02-19 14:54:00+05:30,35.939998626708984,32500.900390625,2690.5,1377.0,24967.25,91.06900024414062,13.287500381469727
2026-02-19 14:55:00+05:30,35.93000030517578,32500.650390625,2691.39990234375,1377.4000244140625,24957.75,91.06800079345703,13.337499618530273
2026-02-19 14:56:00+05:30,35.93000030517578,32492.80078125,2689.5,1377.0999755859375,24944.5,91.07099914550781,13.297499656677246
2026-02-19 14:57:00+05:30,35.93000030517578,32520.150390625,2691.699951171875,1378.5,24934.75,91.0719985961914,13.167499542236328
2026-02-19 14:58:00+05:30,35.93000030517578,32497.349609375,2689.60009765625,1377.9000244140625,24940.0,91.09600067138672,13.1850004196167
2026-02-19 14:59:00+05:30,35.91999816894531,32483.650390625,2687.89990234375,1377.0999755859375,24933.75,91.0979995727539,13.1875
2026-02-19 15:00:00+05:30,35.869998931884766,32437.75,2685.300048828125,1375.0999755859375,24939.5,91.10600280761719,13.257499694824219
2026-02-19 15:01:00+05:30,35.81999969482422,32379.44921875,2679.10009765625,1372.4000244140625,24944.0,91.08200073242188,13.329999923706055
2026-02-19 15:02:00+05:30,35.810001373291016,32410.900390625,2681.5,1375.0,24932.5,91.0770034790039,13.34749984741211
2026-02-19 15:03:00+05:30,35.869998931884766,32440.80078125,2685.10009765625,1376.300048828125,24938.25,91.06900024414062,13.3125
2026-02-19 15:04:00+05:30,35.869998931884766,32438.25,2683.5,1376.5,24938.75,91.06999969482422,13.307499885559082
2026-02-19 15:05:00+05:30,35.869998931884766,32437.80078125,2683.300048828125,1376.699951171875,24936.0,91.0770034790039,13.34000015258789
2026-02-19 15:06:00+05:30,35.81999969482422,32395.75,2680.800048828125,1373.699951171875,24910.5,91.0780029296875,13.342499732971191
2026-02-19 15:07:00+05:30,35.779998779296875,32357.900390625,2677.60009765625,1371.9000244140625,24911.0,91.0999984741211,13.382499694824219
2026-02-19 15:08:00+05:30,35.7599983215332,32337.650390625,2677.10009765625,1370.699951171875,24910.75,91.0989990234375,13.399999618530273
2026-02-19 15:09:00+05:30,35.79999923706055,32394.150390625,2681.800048828125,1373.9000244140625,24908.25,91.11199951171875,13.329999923706055
2026-02-19 15:10:00+05:30,35.81999969482422,32406.5,2684.0,1375.800048828125,24909.25,91.11100006103516,13.357500076293945
2026-02-19 15:11:00+05:30,35.83000183105469,32403.849609375,2684.199951171875,1376.0999755859375,24912.75,91.12699890136719,13.392499923706055
2026-02-19 15:12:00+05:30,35.779998779296875,32367.69921875,2679.89990234375,1373.199951171875,24905.0,91.12999725341797,13.359999656677246
2026-02-19 15:13:00+05:30,35.75,32332.94921875,2677.800048828125,1370.0999755859375,24898.5,91.12899780273438,13.457500457763672
2026-02-19 15:14:00+05:30,35.720001220703125,32299.75,2676.0,1368.5,24898.25,91.12799835205078,13.522500038146973
2026-02-19 15:15:00+05:30,35.709999084472656,32313.69921875,2675.39990234375,1368.9000244140625,24891.0,91.13500213623047,13.454999923706055
2026-02-19 15:16:00+05:30,35.689998626708984,32287.05078125,2674.800048828125,1367.0999755859375,24871.0,91.13600158691406,13.444999694824219
2026-02-19 15:17:00+05:30,35.689998626708984,32284.849609375,2673.699951171875,1367.5999755859375,24862.0,91.10900115966797,13.507499694824219
2026-02-19 15:18:00+05:30,35.689998626708984,32279.849609375,2674.699951171875,1367.199951171875,24861.25,91.10399627685547,13.542499542236328
2026-02-19 15:19:00+05:30,35.630001068115234,32250.05078125,2672.5,1365.199951171875,24856.5,91.10299682617188,13.587499618530273
2026-02-19 15:20:00+05:30,35.63999938964844,32230.400390625,2672.0,1364.0,24866.25,91.10299682617188,13.600000381469727
2026-02-19 15:21:00+05:30,35.630001068115234,32230.400390625,2671.699951171875,1365.699951171875,24864.0,91.10600280761719,13.512499809265137
2026-02-19 15:22:00+05:30,35.630001068115234,32223.150390625,2671.699951171875,1364.0,24884.0,91.10600280761719,13.577500343322754
2026-02-19 15:23:00+05:30,35.619998931884766,32217.400390625,2671.5,1364.5999755859375,24886.75,91.11900329589844,13.630000114440918
2026-02-19 15:24:00+05:30,35.630001068115234,32223.900390625,2671.10009765625,1365.199951171875,24891.75,91.12100219726562,13.604999542236328
2026-02-19 15:25:00+05:30,35.599998474121094,32223.400390625,2670.0,1366.0,24892.0,91.11900329589844,13.577500343322754
2026-02-19 15:26:00+05:30,35.619998931884766,32210.30078125,2671.10009765625,1365.0,24894.0,91.14099884033203,13.635000228881836
2026-02-19 15:27:00+05:30,35.619998931884766,32223.75,2671.300048828125,1365.699951171875,24889.5,91.13700103759766,13.642499923706055
2026-02-19 15:28:00+05:30,35.630001068115234,32221.69921875,2671.0,1365.699951171875,24891.25,91.13999938964844,13.65250015258789
2026-02-19 15:29:00+05:30,35.79999923706055,32267.150390625,2675.0,1366.5,24894.25,91.14800262451172,13.65999984741211
2026-02-19 15:30:00+05:30,35.79999923706055,32267.150390625,2675.0,1366.5,24886.25,91.15699768066406,13.65999984741211
2026-02-20 09:00:00+05:30,35.79999923706055,32267.150390625,2675.0,1366.5,24900.0,90.91999816894531,13.65999984741211
2026-02-20 09:01:00+05:30,35.79999923706055,32267.150390625,2675.0,1366.5,24901.25,90.93499755859375,13.65999984741211
2026-02-20 09:02:00+05:30,35.79999923706055,32267.150390625,2675.0,1366.5,24905.25,90.94000244140625,13.65999984741211
2026-02-20 09:03:00+05:30,35.79999923706055,32267.150390625,2675.0,1366.5,24903.25,90.95249938964844,13.65999984741211
2026-02-20 09:04:00+05:30,35.79999923706055,32267.150390625,2675.0,1366.5,24903.75,90.94249725341797,13.65999984741211
2026-02-20 09:05:00+05:30,35.79999923706055,32267.150390625,2675.0,1366.5,24903.75,90.94750213623047,13.65999984741211
2026-02-20 09:06:00+05:30,35.79999923706055,32267.150390625,2675.0,1366.5,24902.0,90.94499969482422,13.65999984741211
2026-02-20 09:07:00+05:30,35.79999923706055,32267.150390625,2675.0,1366.5,24900.5,90.94249725341797,13.65999984741211
2026-02-20 09:08:00+05:30,35.79999923706055,32267.150390625,2675.0,1366.5,24902.0,90.93800354003906,13.65999984741211
2026-02-20 09:09:00+05:30,35.79999923706055,32267.150390625,2675.0,1366.5,24899.0,90.947998046875,13.65999984741211
2026-02-20 09:10:00+05:30,35.79999923706055,32267.150390625,2675.0,1366.5,24891.75,90.94999694824219,13.65999984741211
2026-02-20 09:11:00+05:30,35.79999923706055,32267.150390625,2675.0,1366.5,24898.0,90.95999908447266,13.65999984741211
2026-02-20 09:12:00+05:30,35.79999923706055,32267.150390625,2675.0,1366.5,24895.0,90.9520034790039,13.65999984741211
2026-02-20 09:13:00+05:30,35.79999923706055,32267.150390625,2675.0,1366.5,24895.25,90.95500183105469,13.65999984741211
2026-02-20 09:14:00+05:30,35.79999923706055,32267.150390625,2675.0,1366.5,24890.5,90.94999694824219,13.65999984741211
2026-02-20 09:15:00+05:30,35.33000183105469,31947.900390625,2665.10009765625,1345.0,24891.5,90.94750213623047,14.100000381469727
2026-02-20 09:16:00+05:30,35.380001068115234,32020.0,2670.0,1347.9000244140625,24893.5,90.9520034790039,14.172499656677246
2026-02-20 09:17:00+05:30,35.29999923706055,31912.400390625,2666.300048828125,1343.4000244140625,24894.5,90.94750213623047,14.297499656677246
2026-02-20 09:18:00+05:30,35.2400016784668,31888.75,2661.5,1343.199951171875,24896.5,90.94750213623047,14.46500015258789
2026-02-20 09:19:00+05:30,35.34000015258789,31955.650390625,2670.199951171875,1346.5,24901.25,90.94000244140625,14.237500190734863
2026-02-20 09:20:00+05:30,35.36000061035156,31959.19921875,2671.699951171875,1346.9000244140625,24900.5,90.94000244140625,14.270000457763672
2026-02-20 09:21:00+05:30,35.369998931884766,31986.05078125,2675.60009765625,1348.0,24896.0,90.94999694824219,14.22249984741211
2026-02-20 09:22:00+05:30,35.349998474121094,31950.55078125,2672.699951171875,1346.800048828125,24897.75,90.94750213623047,14.21500015258789
2026-02-20 09:23:00+05:30,35.33000183105469,31950.349609375,2672.0,1345.9000244140625,24898.0,90.94499969482422,14.244999885559082
2026-02-20 09:24:00+05:30,35.189998626708984,31821.150390625,2664.0,1339.4000244140625,24895.5,90.94499969482422,14.367500305175781
2026-02-20 09:25:00+05:30,35.20000076293945,31828.30078125,2665.39990234375,1340.199951171875,24893.75,90.94499969482422,14.387499809265137
2026-02-20 09:26:00+05:30,35.209999084472656,31840.5,2665.800048828125,1340.9000244140625,24892.75,90.94249725341797,14.40999984741211
2026-02-20 09:27:00+05:30,35.189998626708984,31823.349609375,2661.699951171875,1340.199951171875,24891.75,90.94000244140625,14.395000457763672
2026-02-20 09:28:00+05:30,35.209999084472656,31834.75,2666.89990234375,1341.0,24889.0,90.94499969482422,14.40999984741211
2026-02-20 09:29:00+05:30,35.20000076293945,31838.349609375,2667.5,1343.0,24891.0,90.94000244140625,14.6274995803833
2026-02-20 09:30:00+05:30,35.29999923706055,31944.849609375,2678.699951171875,1346.0,24893.75,90.95249938964844,14.507499694824219
2026-02-20 09:31:00+05:30,35.310001373291016,31926.80078125,2677.89990234375,1346.699951171875,24886.25,90.95500183105469,14.522500038146973
2026-02-20 09:32:00+05:30,35.380001068115234,31998.900390625,2683.0,1348.800048828125,24891.5,90.95500183105469,14.460000038146973
2026-02-20 09:33:00+05:30,35.45000076293945,32046.849609375,2687.0,1350.4000244140625,24892.0,90.9574966430664,14.322500228881836
2026-02-20 09:34:00+05:30,35.45000076293945,32059.80078125,2687.199951171875,1352.300048828125,24891.0,90.9625015258789,14.257499694824219
2026-02-20 09:35:00+05:30,35.459999084472656,32067.30078125,2687.199951171875,1354.5,24894.0,90.9574966430664,14.204999923706055
2026-02-20 09:36:00+05:30,35.45000076293945,32054.44921875,2687.5,1352.9000244140625,24901.0,90.93499755859375,14.22249984741211
2026-02-20 09:37:00+05:30,35.43000030517578,32042.849609375,2687.60009765625,1351.699951171875,24903.75,90.9625015258789,14.292499542236328
2026-02-20 09:38:00+05:30,35.38999938964844,31997.69921875,2683.5,1350.0999755859375,24907.0,90.9625015258789,14.337499618530273
2026-02-20 09:39:00+05:30,35.400001525878906,32055.349609375,2687.0,1351.5999755859375,24908.75,90.95500183105469,14.337499618530273
2026-02-20 09:40:00+05:30,35.34000015258789,32003.05078125,2682.89990234375,1349.0,24907.5,90.9574966430664,14.329999923706055
2026-02-20 09:41:00+05:30,35.36000061035156,31994.900390625,2682.0,1348.5,24907.5,90.9574966430664,14.364999771118164
2026-02-20 09:42:00+05:30,35.40999984741211,32042.150390625,2685.300048828125,1351.4000244140625,24910.25,90.947998046875,14.300000190734863
2026-02-20 09:43:00+05:30,35.41999816894531,32048.05078125,2684.199951171875,1351.800048828125,24910.25,90.9625015258789,14.282500267028809
2026-02-20 09:44:00+05:30,35.41999816894531,32046.44921875,2681.699951171875,1351.4000244140625,24912.0,90.95999908447266,14.279999732971191
2026-02-20 09:45:00+05:30,35.439998626708984,32052.69921875,2683.800048828125,1352.4000244140625,24908.5,90.95999908447266,14.270000457763672
2026-02-20 09:46:00+05:30,35.43000030517578,32044.25,2681.300048828125,1351.800048828125,24907.0,90.95999908447266,14.229999542236328
2026-02-20 09:47:00+05:30,35.470001220703125,32076.94921875,2683.0,1352.0,24905.5,90.9625015258789,14.225000381469727
2026-02-20 09:48:00+05:30,35.5099983215332,32100.25,2686.0,1352.5999755859375,24902.75,90.95999908447266,14.182499885559082
2026-02-20 09:49:00+05:30,35.4900016784668,32100.25,2687.5,1351.9000244140625,24898.25,90.95999908447266,14.164999961853027
2026-02-20 09:50:00+05:30,35.540000915527344,32135.150390625,2689.0,1353.4000244140625,24894.5,90.9625015258789,14.182499885559082
2026-02-20 09:51:00+05:30,35.529998779296875,32132.400390625,2691.699951171875,1353.199951171875,24896.5,90.95999908447266,14.1899995803833
2026-02-20 09:52:00+05:30,35.47999954223633,32087.55078125,2686.0,1352.0,24895.5,90.9520034790039,14.164999961853027
2026-02-20 09:53:00+05:30,35.459999084472656,32064.150390625,2687.0,1351.300048828125,24898.0,90.9469985961914,14.197500228881836
2026-02-20 09:54:00+05:30,35.439998626708984,32049.94921875,2682.0,1351.5999755859375,24898.5,90.9574966430664,14.229999542236328
2026-02-20 09:55:00+05:30,35.45000076293945,32051.19921875,2680.199951171875,1351.9000244140625,24898.5,90.94750213623047,14.21500015258789
2026-02-20 09:56:00+05:30,35.45000076293945,32060.5,2681.0,1352.199951171875,24902.0,90.94999694824219,14.175000190734863
2026-02-20 09:57:00+05:30,35.459999084472656,32064.150390625,2681.699951171875,1352.4000244140625,24902.0,90.95249938964844,14.202500343322754
2026-02-20 09:58:00+05:30,35.45000076293945,32062.30078125,2682.0,1352.199951171875,24903.25,90.95249938964844,14.162500381469727
2026-02-20 09:59:00+05:30,35.47999954223633,32096.900390625,2685.0,1354.300048828125,24903.5,90.94750213623047,14.180000305175781
2026-02-20 10:00:00+05:30,35.459999084472656,32072.099609375,2682.800048828125,1353.300048828125,24898.0,90.94499969482422,14.172499656677246
2026-02-20 10:01:00+05:30,35.45000076293945,32060.69921875,2679.199951171875,1352.5,24901.25,90.94499969482422,14.172499656677246
2026-02-20 10:02:00+05:30,35.45000076293945,32052.55078125,2680.39990234375,1352.5,24902.0,90.94999694824219,14.1875
2026-02-20 10:03:00+05:30,35.41999816894531,32022.94921875,2677.89990234375,1351.5999755859375,24901.0,90.94999694824219,14.22249984741211
2026-02-20 10:04:00+05:30,35.400001525878906,32016.349609375,2674.89990234375,1352.5999755859375,24900.0,90.94999694824219,14.237500190734863
2026-02-20 10:05:00+05:30,35.41999816894531,32037.44921875,2676.0,1353.699951171875,24896.75,90.9574966430664,14.234999656677246
2026-02-20 10:06:00+05:30,35.439998626708984,32050.599609375,2678.199951171875,1354.4000244140625,24896.25,90.95999908447266,14.212499618530273
2026-02-20 10:07:00+05:30,35.45000076293945,32050.849609375,2679.89990234375,1354.199951171875,24895.75,90.95999908447266,14.257499694824219
2026-02-20 10:08:00+05:30,35.41999816894531,32018.69921875,2676.0,1352.699951171875,24896.5,90.9520034790039,14.414999961853027
2026-02-20 10:09:00+05:30,35.400001525878906,32030.30078125,2677.199951171875,1353.800048828125,24894.0,90.96700286865234,14.460000038146973
2026-02-20 10:10:00+05:30,35.41999816894531,32050.599609375,2681.0,1354.199951171875,24896.25,90.9625015258789,14.430000305175781
2026-02-20 10:11:00+05:30,35.459999084472656,32099.94921875,2683.699951171875,1355.9000244140625,24900.75,90.94200134277344,14.345000267028809
2026-02-20 10:12:00+05:30,35.47999954223633,32088.30078125,2682.0,1355.300048828125,24900.0,90.96749877929688,14.337499618530273
2026-02-20 10:13:00+05:30,35.4900016784668,32084.900390625,2682.0,1355.300048828125,24901.75,90.97000122070312,14.40250015258789
2026-02-20 10:14:00+05:30,35.4900016784668,32096.80078125,2682.39990234375,1355.199951171875,24902.0,90.94999694824219,14.427499771118164
2026-02-20 10:15:00+05:30,35.5099983215332,32133.150390625,2684.5,1356.300048828125,24902.5,90.97250366210938,14.4350004196167
2026-02-20 10:16:00+05:30,35.59000015258789,32203.25,2687.10009765625,1360.5999755859375,24900.25,90.96299743652344,14.265000343322754
2026-02-20 10:17:00+05:30,35.59000015258789,32217.94921875,2689.699951171875,1360.5999755859375,24903.5,90.96800231933594,14.2524995803833
2026-02-20 10:18:00+05:30,35.650001525878906,32238.849609375,2691.0,1361.5,24904.75,90.97000122070312,14.164999961853027
2026-02-20 10:19:00+05:30,35.599998474121094,32227.5,2693.0,1359.5999755859375,24900.75,90.97250366210938,14.079999923706055
2026-02-20 10:20:00+05:30,35.619998931884766,32214.400390625,2694.0,1359.199951171875,24898.0,90.96499633789062,14.100000381469727
2026-02-20 10:21:00+05:30,35.59000015258789,32208.94921875,2694.89990234375,1359.300048828125,24899.25,90.97000122070312,14.119999885559082
2026-02-20 10:22:00+05:30,35.599998474121094,32210.099609375,2694.5,1359.300048828125,24900.0,90.96749877929688,14.095000267028809
2026-02-20 10:23:00+05:30,35.63999938964844,32236.25,2695.699951171875,1361.4000244140625,24899.75,90.94000244140625,14.1274995803833
2026-02-20 10:24:00+05:30,35.650001525878906,32253.05078125,2698.0,1361.9000244140625,24899.0,90.96749877929688,14.132499694824219
2026-02-20 10:25:00+05:30,35.689998626708984,32282.099609375,2698.800048828125,1364.4000244140625,24900.75,90.94999694824219,14.1274995803833
2026-02-20 10:26:00+05:30,35.68000030517578,32282.25,2698.0,1364.5999755859375,24901.25,90.93499755859375,14.157500267028809
2026-02-20 10:27:00+05:30,35.68000030517578,32258.44921875,2695.89990234375,1363.5,24897.75,90.95999908447266,14.167499542236328
2026-02-20 10:28:00+05:30,35.63999938964844,32245.150390625,2695.199951171875,1361.5999755859375,24898.5,90.96499633789062,14.1850004196167
2026-02-20 10:29:00+05:30,35.63999938964844,32230.30078125,2694.39990234375,1360.199951171875,24898.5,90.96499633789062,14.182499885559082
2026-02-20 10:30:00+05:30,35.68000030517578,32271.099609375,2697.0,1361.9000244140625,24898.5,90.97250366210938,14.1850004196167
2026-02-20 10:31:00+05:30,35.689998626708984,32273.0,2697.199951171875,1361.5,24898.5,90.96749877929688,14.1875
2026-02-20 10:32:00+05:30,35.70000076293945,32293.0,2696.699951171875,1361.9000244140625,24898.5,90.96749877929688,14.202500343322754
2026-02-20 10:33:00+05:30,35.70000076293945,32307.05078125,2697.699951171875,1362.300048828125,24898.5,90.96749877929688,14.2475004196167
2026-02-20 10:34:00+05:30,35.709999084472656,32287.80078125,2697.39990234375,1361.699951171875,24898.5,90.97000122070312,14.292499542236328
2026-02-20 10:35:00+05:30,35.70000076293945,32282.44921875,2697.39990234375,1361.699951171875,24898.5,90.97000122070312,14.292499542236328
2026-02-20 10:36:00+05:30,35.70000076293945,32283.599609375,2698.800048828125,1360.9000244140625,24898.5,90.97000122070312,14.265000343322754
2026-02-20 10:37:00+05:30,35.70000076293945,32282.650390625,2699.0,1360.800048828125,24898.5,90.94999694824219,14.242500305175781
2026-02-20 10:38:00+05:30,35.68000030517578,32270.94921875,2698.300048828125,1360.699951171875,24898.5,90.95500183105469,14.212499618530273
2026-02-20 10:39:00+05:30,35.66999816894531,32279.349609375,2697.5,1361.0,24914.0,90.94999694824219,14.305000305175781
2026-02-20 10:40:00+05:30,35.720001220703125,32323.349609375,2702.0,1362.699951171875,24914.0,90.947998046875,14.262499809265137
2026-02-20 10:41:00+05:30,35.70000076293945,32292.650390625,2699.60009765625,1361.300048828125,24913.75,90.96499633789062,14.324999809265137
2026-02-20 10:42:00+05:30,35.70000076293945,32288.69921875,2698.699951171875,1361.300048828125,24911.25,90.96499633789062,14.279999732971191
2026-02-20 10:43:00+05:30,35.70000076293945,32275.150390625,2698.60009765625,1360.800048828125,24909.5,90.9625015258789,14.350000381469727
2026-02-20 10:44:00+05:30,35.70000076293945,32285.44921875,2698.800048828125,1361.5999755859375,24907.5,90.96749877929688,14.387499809265137
2026-02-20 10:45:00+05:30,35.70000076293945,32298.349609375,2699.39990234375,1362.0,24907.75,90.96749877929688,14.387499809265137
2026-02-20 10:46:00+05:30,35.709999084472656,32295.05078125,2699.5,1361.699951171875,24907.0,90.96749877929688,14.382499694824219
2026-02-20 10:47:00+05:30,35.709999084472656,32291.30078125,2699.39990234375,1360.800048828125,24906.75,90.97000122070312,14.327500343322754
2026-02-20 10:48:00+05:30,35.72999954223633,32312.19921875,2701.0,1361.199951171875,24905.75,90.96749877929688,14.307499885559082
2026-02-20 10:49:00+05:30,35.709999084472656,32300.0,2699.800048828125,1361.0,24908.0,90.96499633789062,14.352499961853027
2026-02-20 10:50:00+05:30,35.689998626708984,32273.44921875,2698.300048828125,1359.5,24915.0,90.96749877929688,14.345000267028809
2026-02-20 10:51:00+05:30,35.70000076293945,32284.0,2698.0,1360.0,24916.5,90.96499633789062,14.350000381469727
2026-02-20 10:52:00+05:30,35.709999084472656,32310.69921875,2698.699951171875,1361.199951171875,24922.25,90.96499633789062,14.3125
2026-02-20 10:53:00+05:30,35.7400016784668,32322.75,2701.0,1361.4000244140625,24919.0,90.96499633789062,14.3149995803833
2026-02-20 10:54:00+05:30,35.72999954223633,32316.599609375,2700.39990234375,1361.5999755859375,24922.5,90.95999908447266,14.28499984741211
2026-02-20 10:55:00+05:30,35.7400016784668,32324.849609375,2701.800048828125,1362.5,24924.0,90.9625015258789,14.287500381469727
2026-02-20 10:56:00+05:30,35.7400016784668,32319.55078125,2701.60009765625,1362.199951171875,24925.0,90.95999908447266,14.327500343322754
2026-02-20 10:57:00+05:30,35.72999954223633,32303.94921875,2700.39990234375,1362.0,24924.0,90.9625015258789,14.322500228881836
2026-02-20 10:58:00+05:30,35.70000076293945,32290.599609375,2699.10009765625,1361.699951171875,24924.5,90.95999908447266,14.3725004196167
2026-02-20 10:59:00+05:30,35.70000076293945,32291.849609375,2699.0,1361.9000244140625,24925.25,90.94000244140625,14.345000267028809
2026-02-20 11:00:00+05:30,35.70000076293945,32289.80078125,2699.0,1361.0,24929.75,90.95500183105469,14.324999809265137
2026-02-20 11:01:00+05:30,35.66999816894531,32257.0,2696.199951171875,1359.800048828125,24933.0,90.95500183105469,14.362500190734863
2026-02-20 11:02:00+05:30,35.650001525878906,32245.44921875,2696.89990234375,1359.0,24934.0,90.95999908447266,14.417499542236328
2026-02-20 11:03:00+05:30,35.650001525878906,32234.80078125,2696.199951171875,1358.800048828125,24938.5,90.9625015258789,14.427499771118164
2026-02-20 11:04:00+05:30,35.650001525878906,32243.5,2697.39990234375,1359.0,24941.5,90.96499633789062,14.392499923706055
2026-02-20 11:05:00+05:30,35.63999938964844,32240.80078125,2696.60009765625,1358.800048828125,24940.75,90.96749877929688,14.367500305175781
2026-02-20 11:06:00+05:30,35.619998931884766,32224.80078125,2695.39990234375,1358.0999755859375,24937.25,90.95999908447266,14.414999961853027
2026-02-20 11:07:00+05:30,35.630001068115234,32217.150390625,2696.300048828125,1358.0999755859375,24937.0,90.9625015258789,14.407500267028809
2026-02-20 11:08:00+05:30,35.599998474121094,32220.150390625,2696.0,1358.4000244140625,24937.0,90.95999908447266,14.442500114440918
2026-02-20 11:09:00+05:30,35.619998931884766,32217.150390625,2696.10009765625,1358.0999755859375,24933.75,90.93800354003906,14.457500457763672
2026-02-20 11:10:00+05:30,35.619998931884766,32223.5,2697.10009765625,1358.0999755859375,24931.25,90.95500183105469,14.452500343322754
2026-02-20 11:11:00+05:30,35.650001525878906,32242.94921875,2700.800048828125,1358.0,24927.5,90.9574966430664,14.40250015258789
2026-02-20 11:12:00+05:30,35.650001525878906,32249.75,2701.10009765625,1358.0,24929.25,90.95500183105469,14.359999656677246
2026-02-20 11:13:00+05:30,35.630001068115234,32220.75,2698.800048828125,1356.5999755859375,24931.0,90.94999694824219,14.40999984741211
2026-02-20 11:14:00+05:30,35.630001068115234,32214.55078125,2697.10009765625,1357.0,24936.5,90.94999694824219,14.442500114440918
2026-02-20 11:15:00+05:30,35.650001525878906,32242.44921875,2699.5,1358.4000244140625,24936.25,90.95249938964844,14.397500038146973
2026-02-20 11:16:00+05:30,35.650001525878906,32236.0,2699.199951171875,1357.5,24935.0,90.95249938964844,14.385000228881836
2026-02-20 11:17:00+05:30,35.61000061035156,32216.599609375,2698.699951171875,1356.199951171875,24938.5,90.94999694824219,14.427499771118164
2026-02-20 11:18:00+05:30,35.619998931884766,32212.19921875,2698.0,1356.0999755859375,24938.5,90.95249938964844,14.375
2026-02-20 11:19:00+05:30,35.619998931884766,32214.25,2697.800048828125,1356.0999755859375,24938.75,90.93250274658203,14.375
2026-02-20 11:20:00+05:30,35.619998931884766,32196.400390625,2696.39990234375,1356.0999755859375,24941.0,90.93499755859375,14.395000457763672
2026-02-20 11:21:00+05:30,35.619998931884766,32200.349609375,2695.5,1357.199951171875,24941.25,90.94750213623047,14.40999984741211
2026-02-20 11:22:00+05:30,35.599998474121094,32204.44921875,2696.300048828125,1356.800048828125,24943.0,90.94750213623047,14.460000038146973
2026-02-20 11:23:00+05:30,35.619998931884766,32204.400390625,2696.0,1356.5999755859375,24942.25,90.9375,14.422499656677246
2026-02-20 11:24:00+05:30,35.61000061035156,32213.400390625,2696.89990234375,1357.0,24940.0,90.92500305175781,14.460000038146973
2026-02-20 11:25:00+05:30,35.619998931884766,32217.80078125,2696.89990234375,1357.0999755859375,24944.0,90.91500091552734,14.4399995803833
2026-02-20 11:26:00+05:30,35.63999938964844,32225.44921875,2697.199951171875,1357.9000244140625,24945.0,90.91999816894531,14.427499771118164
2026-02-20 11:27:00+05:30,35.63999938964844,32224.150390625,2697.800048828125,1358.0999755859375,24941.75,90.91999816894531,14.40250015258789
2026-02-20 11:28:00+05:30,35.650001525878906,32238.69921875,2697.199951171875,1358.9000244140625,24942.75,90.93000030517578,14.369999885559082
2026-02-20 11:29:00+05:30,35.63999938964844,32228.400390625,2694.39990234375,1358.4000244140625,24943.0,90.94000244140625,14.397500038146973
2026-02-20 11:30:00+05:30,35.65999984741211,32249.55078125,2694.199951171875,1360.199951171875,24943.0,90.91699981689453,14.392499923706055
2026-02-20 11:31:00+05:30,35.65999984741211,32243.150390625,2693.800048828125,1360.4000244140625,24944.5,90.94999694824219,14.387499809265137
2026-02-20 11:32:00+05:30,35.630001068115234,32220.25,2692.39990234375,1359.5,24944.75,90.95249938964844,14.395000457763672
2026-02-20 11:33:00+05:30,35.650001525878906,32232.19921875,2693.0,1360.199951171875,24944.25,90.94999694824219,14.3725004196167
2026-02-20 11:34:00+05:30,35.650001525878906,32232.349609375,2692.800048828125,1360.5,24943.5,90.9574966430664,14.375
2026-02-20 11:35:00+05:30,35.650001525878906,32229.099609375,2692.800048828125,1360.300048828125,24943.25,90.94999694824219,14.342499732971191
2026-02-20 11:36:00+05:30,35.63999938964844,32233.25,2692.60009765625,1360.5,24942.75,90.95249938964844,14.369999885559082
2026-02-20 11:37:00+05:30,35.650001525878906,32245.349609375,2693.5,1360.9000244140625,24944.25,90.94999694824219,14.367500305175781
2026-02-20 11:38:00+05:30,35.65999984741211,32244.19921875,2693.199951171875,1361.699951171875,24944.0,90.94750213623047,14.367500305175781
2026-02-20 11:39:00+05:30,35.65999984741211,32242.5,2694.300048828125,1361.800048828125,24946.5,90.94750213623047,14.375
2026-02-20 11:40:00+05:30,35.65999984741211,32236.150390625,2694.10009765625,1361.5,24946.5,90.94499969482422,14.345000267028809
2026-02-20 11:41:00+05:30,35.630001068115234,32206.400390625,2692.0,1360.199951171875,24948.0,90.94000244140625,14.357500076293945
2026-02-20 11:42:00+05:30,35.599998474121094,32189.44921875,2692.0,1359.0999755859375,24946.75,90.93499755859375,14.364999771118164
2026-02-20 11:43:00+05:30,35.59000015258789,32185.5,2691.800048828125,1358.699951171875,24948.25,90.91999816894531,14.404999732971191
2026-02-20 11:44:00+05:30,35.61000061035156,32203.30078125,2691.800048828125,1359.9000244140625,24953.25,90.93000030517578,14.3774995803833
2026-02-20 11:45:00+05:30,35.630001068115234,32220.30078125,2693.5,1360.9000244140625,24954.75,90.91200256347656,14.317500114440918
2026-02-20 11:46:00+05:30,35.619998931884766,32223.05078125,2692.89990234375,1360.9000244140625,24951.5,90.93250274658203,14.255000114440918
2026-02-20 11:47:00+05:30,35.599998474121094,32189.400390625,2690.0,1359.5,24951.25,90.94000244140625,14.350000381469727
2026-02-20 11:48:00+05:30,35.560001373291016,32156.69921875,2687.300048828125,1357.800048828125,24951.25,90.94000244140625,14.354999542236328
2026-02-20 11:49:00+05:30,35.56999969482422,32160.75,2687.60009765625,1358.0,24950.25,90.93250274658203,14.359999656677246
2026-02-20 11:50:00+05:30,35.54999923706055,32141.400390625,2685.39990234375,1357.199951171875,24946.75,90.92749786376953,14.367500305175781
2026-02-20 11:51:00+05:30,35.54999923706055,32143.599609375,2685.60009765625,1357.0,24947.25,90.92749786376953,14.345000267028809
2026-02-20 11:52:00+05:30,35.540000915527344,32131.69921875,2684.10009765625,1356.9000244140625,24947.5,90.93000030517578,14.397500038146973
2026-02-20 11:53:00+05:30,35.540000915527344,32131.80078125,2685.0,1356.699951171875,24944.75,90.92749786376953,14.337499618530273
2026-02-20 11:54:00+05:30,35.540000915527344,32136.150390625,2685.10009765625,1357.5,24948.0,90.93000030517578,14.335000038146973
2026-02-20 11:55:00+05:30,35.540000915527344,32139.349609375,2685.5,1358.0999755859375,24949.0,90.93000030517578,14.364999771118164
2026-02-20 11:56:00+05:30,35.54999923706055,32143.400390625,2686.300048828125,1358.300048828125,24946.0,90.93250274658203,14.362500190734863
2026-02-20 11:57:00+05:30,35.56999969482422,32167.5,2688.10009765625,1359.199951171875,24946.5,90.93000030517578,14.300000190734863
2026-02-20 11:58:00+05:30,35.560001373291016,32166.80078125,2688.0,1359.0999755859375,24948.0,90.93499755859375,14.300000190734863
2026-02-20 11:59:00+05:30,35.560001373291016,32159.94921875,2687.5,1358.699951171875,24945.25,90.94000244140625,14.337499618530273
2026-02-20 12:00:00+05:30,35.54999923706055,32146.599609375,2685.89990234375,1358.199951171875,24942.0,90.93499755859375,14.332500457763672
2026-02-20 12:01:00+05:30,35.529998779296875,32127.650390625,2684.60009765625,1357.300048828125,24942.25,90.93499755859375,14.317500114440918
2026-02-20 12:02:00+05:30,35.5099983215332,32111.44921875,2683.300048828125,1357.0,24937.0,90.9375,14.345000267028809
2026-02-20 12:03:00+05:30,35.5,32108.05078125,2684.300048828125,1356.4000244140625,24939.5,90.94499969482422,14.34749984741211
2026-02-20 12:04:00+05:30,35.5,32112.599609375,2683.800048828125,1355.699951171875,24936.0,90.94499969482422,14.3774995803833
2026-02-20 12:05:00+05:30,35.5099983215332,32106.19921875,2683.60009765625,1355.5999755859375,24933.25,90.927001953125,14.399999618530273
2026-02-20 12:06:00+05:30,35.5,32114.94921875,2684.699951171875,1355.800048828125,24939.5,90.93000030517578,14.3774995803833
2026-02-20 12:07:00+05:30,35.529998779296875,32124.349609375,2685.0,1356.0,24944.5,90.95500183105469,14.392499923706055
2026-02-20 12:08:00+05:30,35.529998779296875,32122.69921875,2684.5,1356.4000244140625,24940.5,90.94100189208984,14.354999542236328
2026-02-20 12:09:00+05:30,35.52000045776367,32129.75,2684.89990234375,1356.5999755859375,24937.25,90.95249938964844,14.369999885559082
2026-02-20 12:10:00+05:30,35.52000045776367,32133.0,2684.5,1356.4000244140625,24936.25,90.95500183105469,14.335000038146973
2026-02-20 12:11:00+05:30,35.540000915527344,32137.099609375,2686.0,1356.5,24937.5,90.95999908447266,14.322500228881836
2026-02-20 12:12:00+05:30,35.540000915527344,32136.69921875,2686.0,1356.5999755859375,24937.5,90.93000030517578,14.3125
2026-02-20 12:13:00+05:30,35.54999923706055,32142.75,2686.5,1356.800048828125,24936.0,90.95500183105469,14.3149995803833
2026-02-20 12:14:00+05:30,35.560001373291016,32155.900390625,2688.199951171875,1357.5,24937.0,90.95249938964844,14.335000038146973
2026-02-20 12:15:00+05:30,35.56999969482422,32161.19921875,2686.800048828125,1357.5,24934.25,90.93800354003906,14.337499618530273
2026-02-20 12:16:00+05:30,35.56999969482422,32172.900390625,2687.699951171875,1358.4000244140625,24937.75,90.94999694824219,14.295000076293945
2026-02-20 12:17:00+05:30,35.58000183105469,32169.650390625,2687.5,1358.0999755859375,24937.5,90.95500183105469,14.175000190734863
2026-02-20 12:18:00+05:30,35.599998474121094,32202.400390625,2688.199951171875,1359.9000244140625,24938.5,90.9574966430664,14.192500114440918
2026-02-20 12:19:00+05:30,35.59000015258789,32179.55078125,2687.0,1359.4000244140625,24935.0,90.95500183105469,14.202500343322754
2026-02-20 12:20:00+05:30,35.59000015258789,32181.150390625,2687.5,1359.0999755859375,24932.75,90.94999694824219,14.197500228881836
2026-02-20 12:21:00+05:30,35.59000015258789,32179.0,2687.60009765625,1359.0999755859375,24931.75,90.95999908447266,14.177499771118164
2026-02-20 12:22:00+05:30,35.59000015258789,32178.94921875,2687.0,1359.4000244140625,24934.25,90.95999908447266,14.202500343322754
2026-02-20 12:23:00+05:30,35.59000015258789,32189.900390625,2687.39990234375,1360.0,24937.25,90.9625015258789,14.142499923706055
2026-02-20 12:24:00+05:30,35.56999969482422,32177.75,2686.699951171875,1359.5,24940.5,90.95999908447266,14.1875
2026-02-20 12:25:00+05:30,35.56999969482422,32174.599609375,2685.60009765625,1359.5,24938.0,90.95999908447266,14.207500457763672
2026-02-20 12:26:00+05:30,35.59000015258789,32209.69921875,2689.199951171875,1361.4000244140625,24940.0,90.94499969482422,14.154999732971191
2026-02-20 12:27:00+05:30,35.61000061035156,32207.94921875,2689.800048828125,1361.300048828125,24941.5,90.9625015258789,14.177499771118164
2026-02-20 12:28:00+05:30,35.599998474121094,32190.94921875,2689.0,1360.4000244140625,24941.5,90.96499633789062,14.164999961853027
2026-02-20 12:29:00+05:30,35.59000015258789,32191.44921875,2688.5,1360.5999755859375,24943.0,90.95999908447266,14.1899995803833
2026-02-20 12:30:00+05:30,35.599998474121094,32189.94921875,2688.199951171875,1359.800048828125,24944.0,90.9625015258789,14.234999656677246
2026-02-20 12:31:00+05:30,35.61000061035156,32198.80078125,2688.89990234375,1360.0999755859375,24943.5,90.9489974975586,14.229999542236328
2026-02-20 12:32:00+05:30,35.58000183105469,32166.599609375,2687.5,1358.5,24940.25,90.947998046875,14.242500305175781
2026-02-20 12:33:00+05:30,35.54999923706055,32139.0,2684.89990234375,1358.4000244140625,24940.25,90.9625015258789,14.272500038146973
2026-02-20 12:34:00+05:30,35.54999923706055,32145.19921875,2687.0,1358.0,24942.25,90.9574966430664,14.302499771118164
2026-02-20 12:35:00+05:30,35.54999923706055,32138.400390625,2684.39990234375,1358.0999755859375,24946.0,90.94999694824219,14.292499542236328
2026-02-20 12:36:00+05:30,35.54999923706055,32138.0,2685.0,1358.0,24947.5,90.95249938964844,14.327500343322754
2026-02-20 12:37:00+05:30,35.529998779296875,32127.099609375,2684.5,1356.9000244140625,24946.25,90.95999908447266,14.335000038146973
2026-02-20 12:38:00+05:30,35.52000045776367,32111.849609375,2683.89990234375,1356.5,24951.5,90.9574966430664,14.302499771118164
2026-02-20 12:39:00+05:30,35.52000045776367,32115.900390625,2685.39990234375,1356.300048828125,24950.5,90.95500183105469,14.27750015258789
2026-02-20 12:40:00+05:30,35.529998779296875,32119.75,2686.5,1356.5999755859375,24947.75,90.9574966430664,14.2475004196167
2026-02-20 12:41:00+05:30,35.52000045776367,32112.0,2685.0,1356.199951171875,24947.5,90.95999908447266,14.242500305175781
2026-02-20 12:42:00+05:30,35.52000045776367,32113.94921875,2686.0,1356.4000244140625,24948.5,90.93800354003906,14.244999885559082
2026-02-20 12:43:00+05:30,35.47999954223633,32077.30078125,2683.0,1355.800048828125,24947.5,90.95999908447266,14.362500190734863
2026-02-20 12:44:00+05:30,35.47999954223633,32074.05078125,2682.5,1355.9000244140625,24948.0,90.9625015258789,14.3725004196167
2026-02-20 12:45:00+05:30,35.459999084472656,32061.30078125,2681.60009765625,1355.0,24945.5,90.94300079345703,14.422499656677246
2026-02-20 12:46:00+05:30,35.45000076293945,32060.5,2682.0,1355.199951171875,24946.75,90.94000244140625,14.475000381469727
2026-02-20 12:47:00+05:30,35.459999084472656,32063.900390625,2682.800048828125,1354.9000244140625,24946.75,90.9625015258789,14.462499618530273
2026-02-20 12:48:00+05:30,35.47999954223633,32092.94921875,2684.5,1357.0,24950.0,90.95999908447266,14.414999961853027
2026-02-20 12:49:00+05:30,35.47999954223633,32075.44921875,2683.60009765625,1356.9000244140625,24947.0,90.9574966430664,14.457500457763672
2026-02-20 12:50:00+05:30,35.4900016784668,32091.849609375,2685.0,1357.0999755859375,24943.75,90.95249938964844,14.457500457763672
2026-02-20 12:51:00+05:30,35.4900016784668,32099.849609375,2685.0,1357.0,24946.5,90.95999908447266,14.432499885559082
2026-02-20 12:52:00+05:30,35.5,32097.5,2686.5,1356.800048828125,24943.75,90.94100189208984,14.467499732971191
2026-02-20 12:53:00+05:30,35.4900016784668,32087.5,2685.89990234375,1356.4000244140625,24946.75,90.9574966430664,14.467499732971191
2026-02-20 12:54:00+05:30,35.5,32099.94921875,2686.0,1356.4000244140625,24952.0,90.94999694824219,14.412500381469727
2026-02-20 12:55:00+05:30,35.4900016784668,32092.69921875,2685.5,1356.5,24949.5,90.9574966430664,14.479999542236328
2026-02-20 12:56:00+05:30,35.459999084472656,32069.0,2682.89990234375,1355.0,24944.5,90.95999908447266,14.4399995803833
2026-02-20 12:57:00+05:30,35.45000076293945,32056.599609375,2682.5,1355.199951171875,24944.25,90.95999908447266,14.457500457763672
2026-02-20 12:58:00+05:30,35.459999084472656,32066.400390625,2681.39990234375,1356.5,24944.25,90.95999908447266,14.335000038146973
2026-02-20 12:59:00+05:30,35.459999084472656,32078.599609375,2682.5,1357.4000244140625,24941.75,90.95999908447266,14.305000305175781
2026-02-20 13:00:00+05:30,35.5,32101.150390625,2685.0,1359.0,24940.5,90.95999908447266,14.289999961853027
2026-02-20 13:01:00+05:30,35.5,32109.5,2684.10009765625,1359.699951171875,24940.25,90.95999908447266,14.295000076293945
2026-02-20 13:02:00+05:30,35.5099983215332,32104.69921875,2683.199951171875,1359.699951171875,24936.0,90.95249938964844,14.40250015258789
2026-02-20 13:03:00+05:30,35.5,32095.94921875,2682.0,1359.699951171875,24937.75,90.95500183105469,14.412500381469727
2026-02-20 13:04:00+05:30,35.5,32103.80078125,2683.60009765625,1359.300048828125,24944.5,90.95249938964844,14.3725004196167
2026-02-20 13:05:00+05:30,35.5,32096.75,2682.800048828125,1359.0,24941.75,90.95500183105469,14.392499923706055
2026-02-20 13:06:00+05:30,35.4900016784668,32084.900390625,2681.60009765625,1358.699951171875,24938.75,90.94999694824219,14.444999694824219
2026-02-20 13:07:00+05:30,35.47999954223633,32078.900390625,2681.300048828125,1358.4000244140625,24937.75,90.95249938964844,14.447500228881836
2026-02-20 13:08:00+05:30,35.47999954223633,32085.44921875,2683.5,1358.5999755859375,24935.75,90.95999908447266,14.3774995803833
2026-02-20 13:09:00+05:30,35.459999084472656,32066.0,2682.60009765625,1357.5,24934.75,90.95249938964844,14.40999984741211
2026-02-20 13:10:00+05:30,35.45000076293945,32055.55078125,2680.699951171875,1356.5,24931.25,90.9574966430664,14.494999885559082
2026-02-20 13:11:00+05:30,35.439998626708984,32052.400390625,2680.699951171875,1356.800048828125,24927.5,90.9574966430664,14.53499984741211
2026-02-20 13:12:00+05:30,35.439998626708984,32051.650390625,2681.0,1356.4000244140625,24935.25,90.9574966430664,14.572500228881836
2026-02-20 13:13:00+05:30,35.45000076293945,32056.349609375,2682.5,1356.5999755859375,24935.25,90.9625015258789,14.4975004196167
2026-02-20 13:14:00+05:30,35.45000076293945,32047.650390625,2681.5,1356.699951171875,24937.5,90.9625015258789,14.579999923706055
2026-02-20 13:15:00+05:30,35.40999984741211,32015.849609375,2677.89990234375,1356.4000244140625,24935.25,90.9625015258789,14.625
2026-02-20 13:16:00+05:30,35.400001525878906,32013.400390625,2678.0,1356.0,24934.5,90.93499755859375,14.609999656677246
2026-02-20 13:17:00+05:30,35.40999984741211,32021.30078125,2679.39990234375,1355.9000244140625,24926.75,90.96499633789062,14.662500381469727
2026-02-20 13:18:00+05:30,35.400001525878906,32017.599609375,2678.39990234375,1355.4000244140625,24928.25,90.96499633789062,14.65999984741211
2026-02-20 13:19:00+05:30,35.38999938964844,32014.94921875,2678.89990234375,1354.4000244140625,24923.0,90.97000122070312,14.675000190734863
2026-02-20 13:20:00+05:30,35.40999984741211,32006.599609375,2679.199951171875,1354.5,24926.75,90.96749877929688,14.670000076293945
2026-02-20 13:21:00+05:30,35.38999938964844,32005.44921875,2677.5,1354.4000244140625,24919.75,90.97000122070312,14.614999771118164
2026-02-20 13:22:00+05:30,35.38999938964844,32022.400390625,2679.5,1353.9000244140625,24923.5,90.96499633789062,14.699999809265137
2026-02-20 13:23:00+05:30,35.38999938964844,32006.30078125,2674.0,1353.300048828125,24916.0,90.96749877929688,14.667499542236328
2026-02-20 13:24:00+05:30,35.40999984741211,32019.5,2674.5,1354.4000244140625,24911.5,90.96749877929688,14.699999809265137
2026-02-20 13:25:00+05:30,35.38999938964844,32012.849609375,2674.199951171875,1354.5999755859375,24917.5,90.94999694824219,14.677499771118164
2026-02-20 13:26:00+05:30,35.400001525878906,32027.05078125,2676.60009765625,1354.800048828125,24917.0,90.96749877929688,14.649999618530273
2026-02-20 13:27:00+05:30,35.41999816894531,32036.30078125,2677.199951171875,1354.5999755859375,24916.75,90.97000122070312,14.59000015258789
2026-02-20 13:28:00+05:30,35.459999084472656,32067.94921875,2679.5,1356.5,24913.0,90.97000122070312,14.494999885559082
2026-02-20 13:29:00+05:30,35.470001220703125,32073.30078125,2680.10009765625,1357.0,24921.5,90.9530029296875,14.427499771118164
2026-02-20 13:30:00+05:30,35.4900016784668,32090.25,2681.39990234375,1357.5999755859375,24930.75,90.97000122070312,14.422499656677246
2026-02-20 13:31:00+05:30,35.47999954223633,32104.650390625,2682.10009765625,1358.0,24925.0,90.9520034790039,14.47249984741211
2026-02-20 13:32:00+05:30,35.4900016784668,32114.75,2682.0,1359.0999755859375,24923.75,90.9520034790039,14.494999885559082
2026-02-20 13:33:00+05:30,35.5,32104.94921875,2680.0,1358.9000244140625,24926.5,90.97000122070312,14.479999542236328
2026-02-20 13:34:00+05:30,35.5,32110.900390625,2682.60009765625,1358.5,24926.25,90.9520034790039,14.449999809265137
2026-02-20 13:35:00+05:30,35.529998779296875,32140.75,2684.0,1360.4000244140625,24928.0,90.95500183105469,14.342499732971191
2026-02-20 13:36:00+05:30,35.52000045776367,32122.25,2681.89990234375,1358.800048828125,24926.25,90.97000122070312,14.47249984741211
2026-02-20 13:37:00+05:30,35.52000045776367,32121.44921875,2681.5,1358.800048828125,24919.75,90.97000122070312,14.479999542236328
2026-02-20 13:38:00+05:30,35.5099983215332,32115.25,2682.60009765625,1357.5999755859375,24913.0,90.9749984741211,14.505000114440918
2026-02-20 13:39:00+05:30,35.5,32102.94921875,2681.800048828125,1356.800048828125,24906.75,90.97250366210938,14.550000190734863
2026-02-20 13:40:00+05:30,35.4900016784668,32097.150390625,2681.89990234375,1356.5,24918.75,90.96749877929688,14.529999732971191
2026-02-20 13:41:00+05:30,35.4900016784668,32093.599609375,2681.89990234375,1356.5,24909.5,90.9520034790039,14.494999885559082
2026-02-20 13:42:00+05:30,35.47999954223633,32088.099609375,2681.89990234375,1356.5,24908.5,90.9520034790039,14.550000190734863
2026-02-20 13:43:00+05:30,35.5,32111.599609375,2683.5,1357.4000244140625,24915.0,90.97000122070312,14.470000267028809
2026-02-20 13:44:00+05:30,35.5,32107.849609375,2683.0,1357.4000244140625,24911.25,90.97250366210938,14.505000114440918
2026-02-20 13:45:00+05:30,35.5099983215332,32112.400390625,2683.39990234375,1357.300048828125,24911.75,90.97250366210938,14.454999923706055
2026-02-20 13:46:00+05:30,35.5,32110.349609375,2682.5,1357.300048828125,24912.25,90.97250366210938,14.507499694824219
2026-02-20 13:47:00+05:30,35.4900016784668,32095.75,2681.199951171875,1356.9000244140625,24914.75,90.97000122070312,14.505000114440918
2026-02-20 13:48:00+05:30,35.5,32102.75,2682.0,1356.9000244140625,24913.5,90.9749984741211,14.512499809265137
2026-02-20 13:49:00+05:30,35.5099983215332,32109.900390625,2682.5,1357.199951171875,24918.25,90.97250366210938,14.477499961853027
2026-02-20 13:50:00+05:30,35.5099983215332,32109.05078125,2682.300048828125,1356.9000244140625,24914.75,90.97000122070312,14.505000114440918
2026-02-20 13:51:00+05:30,35.4900016784668,32106.099609375,2682.0,1357.0999755859375,24909.0,90.97000122070312,14.479999542236328
2026-02-20 13:52:00+05:30,35.5,32099.650390625,2682.0,1356.800048828125,24898.75,90.9749984741211,14.5024995803833
2026-02-20 13:53:00+05:30,35.5,32098.849609375,2682.0,1357.0,24908.75,90.97250366210938,14.4975004196167
2026-02-20 13:54:00+05:30,35.4900016784668,32089.30078125,2682.0,1356.800048828125,24912.25,90.98249816894531,14.494999885559082
2026-02-20 13:55:00+05:30,35.5,32099.55078125,2682.199951171875,1356.9000244140625,24916.25,90.9749984741211,14.487500190734863
2026-02-20 13:56:00+05:30,35.5099983215332,32111.69921875,2683.0,1357.5999755859375,24916.25,90.95500183105469,14.505000114440918
2026-02-20 13:57:00+05:30,35.5099983215332,32109.150390625,2682.699951171875,1357.300048828125,24920.0,90.9749984741211,14.454999923706055
2026-02-20 13:58:00+05:30,35.52000045776367,32125.94921875,2684.39990234375,1357.9000244140625,24920.5,90.9749984741211,14.350000381469727
2026-02-20 13:59:00+05:30,35.529998779296875,32134.650390625,2685.0,1358.199951171875,24929.25,90.95700073242188,14.417499542236328
2026-02-20 14:00:00+05:30,35.540000915527344,32150.900390625,2685.699951171875,1359.0999755859375,24926.75,90.95700073242188,14.337499618530273
2026-02-20 14:01:00+05:30,35.54999923706055,32148.5,2684.10009765625,1358.800048828125,24928.0,90.9749984741211,14.420000076293945
2026-02-20 14:02:00+05:30,35.54999923706055,32148.400390625,2685.0,1358.4000244140625,24920.0,90.97250366210938,14.425000190734863
2026-02-20 14:03:00+05:30,35.529998779296875,32147.19921875,2684.5,1358.699951171875,24911.5,90.9749984741211,14.414999961853027
2026-02-20 14:04:00+05:30,35.54999923706055,32133.900390625,2683.89990234375,1358.0999755859375,24900.75,90.9800033569336,14.395000457763672
2026-02-20 14:05:00+05:30,35.52000045776367,32123.69921875,2681.89990234375,1357.699951171875,24905.0,90.97000122070312,14.414999961853027
2026-02-20 14:06:00+05:30,35.529998779296875,32134.55078125,2683.39990234375,1358.0,24904.75,90.96299743652344,14.404999732971191
2026-02-20 14:07:00+05:30,35.529998779296875,32145.69921875,2684.5,1358.800048828125,24917.25,90.9749984741211,14.4350004196167
2026-02-20 14:08:00+05:30,35.52000045776367,32121.0,2683.39990234375,1357.699951171875,24918.0,90.97000122070312,14.397500038146973
2026-02-20 14:09:00+05:30,35.5099983215332,32122.25,2683.5,1357.5,24917.25,90.95500183105469,14.390000343322754
2026-02-20 14:10:00+05:30,35.52000045776367,32118.400390625,2683.0,1357.5999755859375,24916.0,90.9749984741211,14.387499809265137
2026-02-20 14:11:00+05:30,35.5,32105.099609375,2683.60009765625,1357.5999755859375,24916.75,90.97250366210938,14.40999984741211
2026-02-20 14:12:00+05:30,35.5,32102.900390625,2684.10009765625,1357.5999755859375,24914.25,90.96749877929688,14.362500190734863
2026-02-20 14:13:00+05:30,35.47999954223633,32086.599609375,2684.199951171875,1357.300048828125,24920.25,90.97000122070312,14.3100004196167
2026-02-20 14:14:00+05:30,35.470001220703125,32079.900390625,2684.10009765625,1357.5,24921.5,90.97250366210938,14.335000038146973
2026-02-20 14:15:00+05:30,35.52000045776367,32115.599609375,2686.300048828125,1360.9000244140625,24918.25,90.97250366210938,14.289999961853027
2026-02-20 14:16:00+05:30,35.5,32118.44921875,2687.199951171875,1361.0,24922.0,90.9749984741211,14.287500381469727
2026-02-20 14:17:00+05:30,35.529998779296875,32128.75,2688.5,1362.4000244140625,24922.25,90.9749984741211,14.232500076293945
2026-02-20 14:18:00+05:30,35.52000045776367,32123.150390625,2690.39990234375,1362.699951171875,24922.75,90.97250366210938,14.289999961853027
2026-02-20 14:19:00+05:30,35.52000045776367,32121.80078125,2690.800048828125,1363.0,24933.5,90.97750091552734,14.272500038146973
2026-02-20 14:20:00+05:30,35.5,32107.849609375,2689.10009765625,1361.300048828125,24932.75,90.97000122070312,14.217499732971191
2026-02-20 14:21:00+05:30,35.5099983215332,32132.599609375,2691.800048828125,1361.5999755859375,24936.0,90.9749984741211,14.1850004196167
2026-02-20 14:22:00+05:30,35.5099983215332,32114.650390625,2690.300048828125,1360.4000244140625,24936.5,90.95999908447266,14.1850004196167
2026-02-20 14:23:00+05:30,35.470001220703125,32072.349609375,2685.89990234375,1358.4000244140625,24936.5,90.9749984741211,14.197500228881836
2026-02-20 14:24:00+05:30,35.45000076293945,32062.69921875,2684.800048828125,1357.4000244140625,24940.25,90.95500183105469,14.220000267028809
2026-02-20 14:25:00+05:30,35.439998626708984,32051.599609375,2686.5,1356.0,24935.5,90.97750091552734,14.22249984741211
2026-02-20 14:26:00+05:30,35.43000030517578,32053.5,2685.10009765625,1355.5999755859375,24934.5,90.9749984741211,14.22249984741211
2026-02-20 14:27:00+05:30,35.45000076293945,32062.150390625,2685.0,1356.5999755859375,24936.25,90.97750091552734,14.220000267028809
2026-02-20 14:28:00+05:30,35.459999084472656,32070.400390625,2685.89990234375,1357.699951171875,24938.25,90.97750091552734,14.21500015258789
2026-02-20 14:29:00+05:30,35.47999954223633,32085.349609375,2687.800048828125,1358.199951171875,24936.75,90.98249816894531,14.2475004196167
2026-02-20 14:30:00+05:30,35.470001220703125,32082.349609375,2687.199951171875,1357.800048828125,24934.25,90.95899963378906,14.227499961853027
2026-02-20 14:31:00+05:30,35.4900016784668,32106.19921875,2690.0,1360.300048828125,24936.5,90.97250366210938,14.227499961853027
2026-02-20 14:32:00+05:30,35.5,32106.599609375,2690.10009765625,1360.4000244140625,24938.5,90.9800033569336,14.22249984741211
2026-02-20 14:33:00+05:30,35.5,32099.150390625,2690.60009765625,1359.699951171875,24944.25,90.97750091552734,14.234999656677246
2026-02-20 14:34:00+05:30,35.4900016784668,32101.55078125,2690.0,1358.9000244140625,24945.0,90.97000122070312,14.2524995803833
2026-02-20 14:35:00+05:30,35.5099983215332,32102.0,2691.300048828125,1358.5,24946.75,90.97250366210938,14.202500343322754
2026-02-20 14:36:00+05:30,35.4900016784668,32094.650390625,2690.5,1357.9000244140625,24954.25,90.9749984741211,14.227499961853027
2026-02-20 14:37:00+05:30,35.4900016784668,32094.099609375,2691.0,1357.699951171875,24959.75,90.9749984741211,14.192500114440918
2026-02-20 14:38:00+05:30,35.47999954223633,32081.80078125,2690.39990234375,1356.699951171875,24959.75,90.9749984741211,14.225000381469727
2026-02-20 14:39:00+05:30,35.4900016784668,32097.94921875,2690.89990234375,1357.699951171875,24953.25,90.97000122070312,14.257499694824219
2026-02-20 14:40:00+05:30,35.4900016784668,32092.150390625,2690.5,1357.800048828125,24956.75,90.9749984741211,14.202500343322754
2026-02-20 14:41:00+05:30,35.5,32100.0,2691.199951171875,1358.300048828125,24948.75,90.97000122070312,14.225000381469727
2026-02-20 14:42:00+05:30,35.5099983215332,32113.5,2691.800048828125,1358.5,24946.75,90.9749984741211,14.1875
2026-02-20 14:43:00+05:30,35.52000045776367,32120.849609375,2693.0,1359.199951171875,24959.0,90.97000122070312,14.125
2026-02-20 14:44:00+05:30,35.52000045776367,32123.5,2694.60009765625,1358.5999755859375,24959.25,90.97250366210938,14.114999771118164
2026-02-20 14:45:00+05:30,35.529998779296875,32136.650390625,2695.699951171875,1358.800048828125,24966.5,90.97000122070312,14.102499961853027
2026-02-20 14:46:00+05:30,35.540000915527344,32137.849609375,2695.199951171875,1359.0999755859375,24969.5,90.97250366210938,14.092499732971191
2026-02-20 14:47:00+05:30,35.529998779296875,32133.69921875,2695.0,1359.0999755859375,24978.75,90.97000122070312,14.125
2026-02-20 14:48:00+05:30,35.540000915527344,32135.19921875,2694.39990234375,1358.699951171875,24982.25,90.97000122070312,14.112500190734863
2026-02-20 14:49:00+05:30,35.529998779296875,32131.849609375,2695.39990234375,1358.5999755859375,24978.25,90.97000122070312,14.069999694824219
2026-02-20 14:50:00+05:30,35.4900016784668,32101.25,2692.89990234375,1357.699951171875,24976.5,90.97250366210938,14.125
2026-02-20 14:51:00+05:30,35.4900016784668,32097.900390625,2691.5,1358.0,24975.0,90.9625015258789,14.164999961853027
2026-02-20 14:52:00+05:30,35.5099983215332,32110.75,2693.699951171875,1358.199951171875,24979.25,90.95999908447266,14.15250015258789
2026-02-20 14:53:00+05:30,35.5,32104.599609375,2693.699951171875,1357.800048828125,24978.0,90.95999908447266,14.147500038146973
2026-02-20 14:54:00+05:30,35.5099983215332,32114.400390625,2694.699951171875,1357.699951171875,24979.5,90.9625015258789,14.1274995803833
2026-02-20 14:55:00+05:30,35.52000045776367,32120.80078125,2695.5,1357.800048828125,24981.75,90.93599700927734,14.109999656677246
2026-02-20 14:56:00+05:30,35.5,32119.150390625,2695.89990234375,1357.9000244140625,24980.75,90.94999694824219,14.172499656677246
2026-02-20 14:57:00+05:30,35.5099983215332,32109.0,2694.0,1357.800048828125,24975.0,90.95999908447266,14.15250015258789
2026-02-20 14:58:00+05:30,35.5099983215332,32105.44921875,2694.39990234375,1357.699951171875,24971.25,90.93800354003906,14.15250015258789
2026-02-20 14:59:00+05:30,35.5099983215332,32113.0,2694.800048828125,1357.5,24976.25,90.9574966430664,14.137499809265137
2026-02-20 15:00:00+05:30,35.47999954223633,32100.650390625,2694.0,1357.699951171875,24980.75,90.95999908447266,14.125
2026-02-20 15:01:00+05:30,35.5,32100.849609375,2694.89990234375,1357.5999755859375,24978.25,90.9625015258789,14.1274995803833
2026-02-20 15:02:00+05:30,35.459999084472656,32067.25,2690.89990234375,1356.5,24968.25,90.93800354003906,14.21500015258789
2026-02-20 15:03:00+05:30,35.459999084472656,32066.44921875,2691.10009765625,1356.4000244140625,24970.5,90.95249938964844,14.202500343322754
2026-02-20 15:04:00+05:30,35.43000030517578,32039.5,2689.699951171875,1355.199951171875,24971.5,90.93199920654297,14.270000457763672
2026-02-20 15:05:00+05:30,35.45000076293945,32050.80078125,2689.800048828125,1356.800048828125,24964.0,90.95500183105469,14.282500267028809
2026-02-20 15:06:00+05:30,35.41999816894531,32031.650390625,2689.10009765625,1355.800048828125,24956.0,90.94999694824219,14.34000015258789
2026-02-20 15:07:00+05:30,35.41999816894531,32005.400390625,2686.60009765625,1354.0,24956.0,90.95249938964844,14.390000343322754
2026-02-20 15:08:00+05:30,35.43000030517578,32012.150390625,2687.300048828125,1353.5,24958.0,90.95999908447266,14.34000015258789
2026-02-20 15:09:00+05:30,35.5,32012.30078125,2686.300048828125,1353.0,24955.25,90.9625015258789,14.382499694824219
2026-02-20 15:10:00+05:30,35.40999984741211,31994.099609375,2684.60009765625,1353.0999755859375,24956.25,90.94200134277344,14.422499656677246
2026-02-20 15:11:00+05:30,35.400001525878906,31995.25,2685.89990234375,1352.199951171875,24954.25,90.9625015258789,14.422499656677246
2026-02-20 15:12:00+05:30,35.38999938964844,31989.150390625,2685.60009765625,1351.4000244140625,24953.5,90.95999908447266,14.40999984741211
2026-02-20 15:13:00+05:30,35.380001068115234,31998.05078125,2685.60009765625,1352.800048828125,24956.75,90.94300079345703,14.432499885559082
2026-02-20 15:14:00+05:30,35.400001525878906,31996.099609375,2685.800048828125,1352.800048828125,24958.0,90.95999908447266,14.430000305175781
2026-02-20 15:15:00+05:30,35.400001525878906,31999.75,2685.199951171875,1352.800048828125,24957.75,90.95999908447266,14.454999923706055
2026-02-20 15:16:00+05:30,35.40999984741211,32002.05078125,2685.39990234375,1352.699951171875,24953.0,90.9520034790039,14.46500015258789
2026-02-20 15:17:00+05:30,35.400001525878906,32000.25,2685.60009765625,1352.699951171875,24950.0,90.9749984741211,14.420000076293945
2026-02-20 15:18:00+05:30,35.38999938964844,31998.25,2685.199951171875,1352.4000244140625,24942.0,90.97250366210938,14.447500228881836
2026-02-20 15:19:00+05:30,35.369998931884766,31968.30078125,2683.0,1350.800048828125,24943.0,90.97000122070312,14.387499809265137
2026-02-20 15:20:00+05:30,35.36000061035156,31956.05078125,2681.800048828125,1350.5,24941.5,90.96099853515625,14.392499923706055
2026-02-20 15:21:00+05:30,35.36000061035156,31965.80078125,2684.699951171875,1350.9000244140625,24944.75,90.97250366210938,14.425000190734863
2026-02-20 15:22:00+05:30,35.369998931884766,31997.30078125,2685.89990234375,1352.0,24939.0,90.97250366210938,14.397500038146973
2026-02-20 15:23:00+05:30,35.369998931884766,31979.650390625,2684.800048828125,1350.800048828125,24938.5,90.97750091552734,14.425000190734863
2026-02-20 15:24:00+05:30,35.369998931884766,31974.55078125,2685.300048828125,1350.699951171875,24944.0,90.9800033569336,14.489999771118164
2026-02-20 15:25:00+05:30,35.38999938964844,31988.30078125,2684.5,1352.0,24941.75,90.9749984741211,14.447500228881836
2026-02-20 15:26:00+05:30,35.369998931884766,31963.650390625,2684.5,1351.0,24944.0,90.9800033569336,14.407500267028809
2026-02-20 15:27:00+05:30,35.369998931884766,31973.30078125,2685.60009765625,1351.9000244140625,24937.75,90.9739990234375,14.3774995803833
2026-02-20 15:28:00+05:30,35.36000061035156,31981.400390625,2685.39990234375,1352.0,24932.5,90.9800033569336,14.3725004196167
2026-02-20 15:29:00+05:30,35.36000061035156,32021.05078125,2685.5,1352.5,24937.25,90.96800231933594,14.34749984741211
2026-02-20 15:30:00+05:30,35.36000061035156,32021.05078125,2685.5,1352.5,24936.75,90.98249816894531,14.34749984741211
2026-02-23 09:00:00+05:30,35.36000061035156,32021.05078125,2685.5,1352.5,24830.5,90.73999786376953,14.34749984741211
2026-02-23 09:01:00+05:30,35.36000061035156,32021.05078125,2685.5,1352.5,24824.5,90.76399993896484,14.34749984741211
2026-02-23 09:02:00+05:30,35.36000061035156,32021.05078125,2685.5,1352.5,24819.25,90.76499938964844,14.34749984741211
2026-02-23 09:03:00+05:30,35.36000061035156,32021.05078125,2685.5,1352.5,24821.5,90.75499725341797,14.34749984741211
2026-02-23 09:04:00+05:30,35.36000061035156,32021.05078125,2685.5,1352.5,24823.25,90.76000213623047,14.34749984741211
2026-02-23 09:05:00+05:30,35.36000061035156,32021.05078125,2685.5,1352.5,24817.5,90.73899841308594,14.34749984741211
2026-02-23 09:06:00+05:30,35.36000061035156,32021.05078125,2685.5,1352.5,24821.25,90.74600219726562,14.34749984741211
2026-02-23 09:07:00+05:30,35.36000061035156,32021.05078125,2685.5,1352.5,24823.5,90.7509994506836,14.34749984741211
2026-02-23 09:08:00+05:30,35.36000061035156,32021.05078125,2685.5,1352.5,24822.75,90.76000213623047,14.34749984741211
2026-02-23 09:09:00+05:30,35.36000061035156,32021.05078125,2685.5,1352.5,24817.25,90.76249694824219,14.34749984741211
2026-02-23 09:10:00+05:30,35.36000061035156,32021.05078125,2685.5,1352.5,24830.75,90.74749755859375,14.34749984741211
2026-02-23 09:11:00+05:30,35.36000061035156,32021.05078125,2685.5,1352.5,24835.25,90.73999786376953,14.34749984741211
2026-02-23 09:12:00+05:30,35.36000061035156,32021.05078125,2685.5,1352.5,24833.5,90.74749755859375,14.34749984741211
2026-02-23 09:13:00+05:30,35.36000061035156,32021.05078125,2685.5,1352.5,24834.75,90.73200225830078,14.34749984741211
2026-02-23 09:14:00+05:30,35.36000061035156,32021.05078125,2685.5,1352.5,24838.75,90.7249984741211,14.34749984741211
2026-02-23 09:15:00+05:30,35.27000045776367,31894.599609375,2683.0,1343.5,24838.25,90.74500274658203,14.322500228881836
2026-02-23 09:16:00+05:30,35.33000183105469,31965.19921875,2687.0,1348.5,24832.75,90.74250030517578,14.210000038146973
2026-02-23 09:17:00+05:30,35.380001068115234,32019.75,2695.0,1350.0,24836.75,90.74749755859375,13.904999732971191
2026-02-23 09:18:00+05:30,35.36000061035156,31983.099609375,2691.800048828125,1345.9000244140625,24836.25,90.74250030517578,14.024999618530273
2026-02-23 09:19:00+05:30,35.31999969482422,31916.099609375,2687.89990234375,1344.0,24835.5,90.74500274658203,13.949999809265137
2026-02-23 09:20:00+05:30,35.29999923706055,31931.80078125,2691.39990234375,1344.199951171875,24835.0,90.75250244140625,13.984999656677246
2026-02-23 09:21:00+05:30,35.279998779296875,31907.19921875,2691.699951171875,1342.4000244140625,24838.25,90.73999786376953,13.892499923706055
2026-02-23 09:22:00+05:30,35.2599983215332,31892.849609375,2692.89990234375,1342.0,24835.0,90.70999908447266,13.899999618530273
2026-02-23 09:23:00+05:30,35.31999969482422,31951.55078125,2696.699951171875,1344.800048828125,24833.0,90.70800018310547,14.194999694824219
2026-02-23 09:24:00+05:30,35.33000183105469,31965.650390625,2699.0,1344.5999755859375,24835.0,90.73249816894531,14.217499732971191
2026-02-23 09:25:00+05:30,35.349998474121094,31995.400390625,2699.10009765625,1348.4000244140625,24834.0,90.73750305175781,14.192500114440918
2026-02-23 09:26:00+05:30,35.369998931884766,32013.69921875,2700.10009765625,1349.0,24839.0,90.73999786376953,14.137499809265137
2026-02-23 09:27:00+05:30,35.400001525878906,32027.5,2701.800048828125,1348.199951171875,24841.0,90.73999786376953,14.100000381469727
2026-02-23 09:28:00+05:30,35.380001068115234,32005.55078125,2700.699951171875,1347.800048828125,24840.5,90.71199798583984,14.079999923706055
2026-02-23 09:29:00+05:30,35.36000061035156,31977.69921875,2698.39990234375,1345.699951171875,24841.75,90.71399688720703,14.082500457763672
2026-02-23 09:30:00+05:30,35.33000183105469,31968.900390625,2699.5,1345.199951171875,24842.5,90.71299743652344,14.197500228881836
2026-02-23 09:31:00+05:30,35.310001373291016,31942.849609375,2695.89990234375,1344.9000244140625,24834.5,90.73249816894531,14.217499732971191
2026-02-23 09:32:00+05:30,35.290000915527344,31917.80078125,2692.60009765625,1343.5999755859375,24836.0,90.72100067138672,14.270000457763672
2026-02-23 09:33:00+05:30,35.25,31860.099609375,2691.39990234375,1340.9000244140625,24832.5,90.73500061035156,14.274999618530273
2026-02-23 09:34:00+05:30,35.220001220703125,31870.599609375,2691.10009765625,1341.199951171875,24830.75,90.72750091552734,14.279999732971191
2026-02-23 09:35:00+05:30,35.220001220703125,31881.599609375,2694.0,1340.5999755859375,24830.5,90.7300033569336,14.242500305175781
2026-02-23 09:36:00+05:30,35.2400016784668,31881.400390625,2693.89990234375,1341.4000244140625,24837.0,90.69999694824219,14.229999542236328
2026-02-23 09:37:00+05:30,35.22999954223633,31887.599609375,2694.800048828125,1340.800048828125,24840.75,90.72250366210938,14.2524995803833
2026-02-23 09:38:00+05:30,35.220001220703125,31857.900390625,2692.0,1339.4000244140625,24844.75,90.69999694824219,14.2475004196167
2026-02-23 09:39:00+05:30,35.18000030517578,31813.30078125,2688.0,1337.699951171875,24844.5,90.72000122070312,14.350000381469727
2026-02-23 09:40:00+05:30,35.15999984741211,31766.400390625,2683.39990234375,1335.0999755859375,24847.5,90.72750091552734,14.305000305175781
2026-02-23 09:41:00+05:30,35.04999923706055,31698.75,2678.0,1332.199951171875,24852.0,90.71299743652344,14.282500267028809
2026-02-23 09:42:00+05:30,35.08000183105469,31729.75,2681.39990234375,1333.9000244140625,24849.25,90.70999908447266,14.322500228881836
2026-02-23 09:43:00+05:30,35.099998474121094,31759.05078125,2685.0,1335.800048828125,24848.25,90.72750091552734,14.345000267028809
2026-02-23 09:44:00+05:30,35.099998474121094,31756.80078125,2685.300048828125,1336.5999755859375,24843.5,90.7300033569336,14.34000015258789
2026-02-23 09:45:00+05:30,35.099998474121094,31763.650390625,2685.0,1335.800048828125,24831.25,90.73249816894531,14.279999732971191
2026-02-23 09:46:00+05:30,35.08000183105469,31727.150390625,2685.199951171875,1334.800048828125,24832.75,90.73249816894531,14.329999923706055
2026-02-23 09:47:00+05:30,35.099998474121094,31754.19921875,2686.39990234375,1336.0999755859375,24835.0,90.73249816894531,14.27750015258789
2026-02-23 09:48:00+05:30,35.09000015258789,31745.30078125,2686.300048828125,1335.300048828125,24835.0,90.72000122070312,14.255000114440918
2026-02-23 09:49:00+05:30,35.08000183105469,31726.55078125,2685.0,1334.4000244140625,24838.25,90.72750091552734,14.267499923706055
2026-02-23 09:50:00+05:30,35.06999969482422,31730.55078125,2684.5,1334.0999755859375,24837.0,90.72750091552734,14.34000015258789
2026-02-23 09:51:00+05:30,35.09000015258789,31728.900390625,2687.0,1334.0999755859375,24837.5,90.71199798583984,14.255000114440918
2026-02-23 09:52:00+05:30,35.08000183105469,31738.80078125,2688.300048828125,1335.0,24834.5,90.7300033569336,14.265000343322754
2026-02-23 09:53:00+05:30,35.02000045776367,31670.25,2682.10009765625,1332.199951171875,24825.75,90.72750091552734,14.287500381469727
2026-02-23 09:54:00+05:30,35.02000045776367,31666.150390625,2682.300048828125,1331.199951171875,24828.0,90.71700286865234,14.255000114440918
2026-02-23 09:55:00+05:30,34.959999084472656,31631.30078125,2678.199951171875,1331.4000244140625,24824.25,90.7300033569336,14.262499809265137
2026-02-23 09:56:00+05:30,35.0,31659.599609375,2679.0,1332.0,24828.75,90.73249816894531,14.272500038146973
2026-02-23 09:57:00+05:30,35.0099983215332,31668.75,2680.0,1332.800048828125,24831.75,90.7300033569336,14.262499809265137
2026-02-23 09:58:00+05:30,35.0,31662.900390625,2677.39990234375,1331.9000244140625,24831.25,90.70999908447266,14.270000457763672
2026-02-23 09:59:00+05:30,35.0,31647.099609375,2676.10009765625,1331.5999755859375,24830.5,90.7300033569336,14.2524995803833
2026-02-23 10:00:00+05:30,34.9900016784668,31647.25,2675.39990234375,1331.300048828125,24832.75,90.73249816894531,14.239999771118164
2026-02-23 10:01:00+05:30,35.029998779296875,31682.099609375,2678.39990234375,1333.0,24837.0,90.73999786376953,14.210000038146973
2026-02-23 10:02:00+05:30,35.040000915527344,31688.30078125,2678.800048828125,1333.699951171875,24826.0,90.7300033569336,14.220000267028809
2026-02-23 10:03:00+05:30,35.02000045776367,31668.0,2676.5,1332.0,24825.5,90.75499725341797,14.225000381469727
2026-02-23 10:04:00+05:30,35.0,31677.5,2680.0,1332.300048828125,24825.75,90.75,14.239999771118164
2026-02-23 10:05:00+05:30,35.029998779296875,31670.5,2677.89990234375,1332.4000244140625,24825.75,90.75749969482422,14.21500015258789
2026-02-23 10:06:00+05:30,35.0,31668.099609375,2679.199951171875,1331.9000244140625,24823.0,90.75749969482422,14.212499618530273
2026-02-23 10:07:00+05:30,34.970001220703125,31633.19921875,2676.199951171875,1330.0999755859375,24824.0,90.76000213623047,14.227499961853027
2026-02-23 10:08:00+05:30,34.970001220703125,31629.900390625,2675.10009765625,1330.5999755859375,24824.5,90.76000213623047,14.1899995803833
2026-02-23 10:09:00+05:30,34.9900016784668,31661.5,2675.800048828125,1332.800048828125,24825.0,90.75,14.149999618530273
2026-02-23 10:10:00+05:30,35.029998779296875,31676.19921875,2677.5,1333.5999755859375,24820.25,90.75250244140625,14.112500190734863
2026-02-23 10:11:00+05:30,34.9900016784668,31647.69921875,2675.0,1332.5999755859375,24816.25,90.75,14.117500305175781
2026-02-23 10:12:00+05:30,35.0099983215332,31661.05078125,2676.60009765625,1332.699951171875,24820.75,90.7300033569336,14.087499618530273
2026-02-23 10:13:00+05:30,35.0099983215332,31677.400390625,2678.300048828125,1333.800048828125,24825.25,90.74250030517578,14.112500190734863
2026-02-23 10:14:00+05:30,35.029998779296875,31666.5,2679.5,1333.5999755859375,24824.0,90.74250030517578,14.0625
2026-02-23 10:15:00+05:30,35.0,31655.05078125,2678.800048828125,1333.5,24822.5,90.74250030517578,14.1274995803833
2026-02-23 10:16:00+05:30,35.0099983215332,31662.05078125,2678.800048828125,1333.5,24825.75,90.7249984741211,14.119999885559082
2026-02-23 10:17:00+05:30,35.0,31665.650390625,2678.89990234375,1333.800048828125,24824.25,90.7300033569336,14.042499542236328
2026-02-23 10:18:00+05:30,35.0,31656.94921875,2679.199951171875,1332.800048828125,24824.75,90.72899627685547,14.020000457763672
2026-02-23 10:19:00+05:30,34.97999954223633,31650.30078125,2678.10009765625,1333.699951171875,24826.25,90.74250030517578,14.047499656677246
2026-02-23 10:20:00+05:30,34.970001220703125,31629.30078125,2675.39990234375,1332.0999755859375,24827.0,90.73999786376953,14.024999618530273
2026-02-23 10:21:00+05:30,34.959999084472656,31616.69921875,2675.0,1331.199951171875,24827.0,90.72599792480469,14.029999732971191
2026-02-23 10:22:00+05:30,34.97999954223633,31638.150390625,2676.800048828125,1332.800048828125,24827.25,90.73249816894531,14.015000343322754
2026-02-23 10:23:00+05:30,34.970001220703125,31644.75,2678.300048828125,1332.699951171875,24827.75,90.70999908447266,14.007499694824219
2026-02-23 10:24:00+05:30,34.97999954223633,31635.599609375,2676.800048828125,1332.699951171875,24824.5,90.7125015258789,14.005000114440918
2026-02-23 10:25:00+05:30,34.959999084472656,31615.30078125,2675.199951171875,1332.699951171875,24825.75,90.70500183105469,14.024999618530273
2026-02-23 10:26:00+05:30,34.97999954223633,31630.55078125,2674.89990234375,1333.300048828125,24830.25,90.69499969482422,14.020000457763672
2026-02-23 10:27:00+05:30,34.939998626708984,31596.94921875,2671.300048828125,1332.5,24828.0,90.6875,14.057499885559082
2026-02-23 10:28:00+05:30,34.91999816894531,31576.400390625,2670.0,1331.0999755859375,24828.25,90.6875,14.074999809265137
2026-02-23 10:29:00+05:30,34.93000030517578,31594.099609375,2670.800048828125,1331.9000244140625,24828.25,90.68000030517578,14.045000076293945
2026-02-23 10:30:00+05:30,34.88999938964844,31569.30078125,2668.5,1331.0999755859375,24832.5,90.68499755859375,14.067500114440918
2026-02-23 10:31:00+05:30,34.880001068115234,31545.400390625,2666.0,1329.9000244140625,24831.0,90.6719970703125,14.057499885559082
2026-02-23 10:32:00+05:30,34.84000015258789,31505.5,2665.0,1327.699951171875,24828.75,90.6875,14.09749984741211
2026-02-23 10:33:00+05:30,34.849998474121094,31541.69921875,2668.0,1329.800048828125,24829.5,90.69000244140625,14.005000114440918
2026-02-23 10:34:00+05:30,34.849998474121094,31519.80078125,2668.10009765625,1328.199951171875,24829.5,90.69000244140625,14.007499694824219
2026-02-23 10:35:00+05:30,34.84000015258789,31506.69921875,2667.89990234375,1328.0999755859375,24828.0,90.68499755859375,14.005000114440918
2026-02-23 10:36:00+05:30,34.849998474121094,31521.05078125,2671.300048828125,1328.5,24830.0,90.69000244140625,14.029999732971191
2026-02-23 10:37:00+05:30,34.81999969482422,31496.75,2669.10009765625,1327.300048828125,24827.75,90.69499969482422,14.09749984741211
2026-02-23 10:38:00+05:30,34.81999969482422,31496.94921875,2670.0,1326.300048828125,24827.75,90.70500183105469,14.117500305175781
2026-02-23 10:39:00+05:30,34.83000183105469,31514.650390625,2672.199951171875,1327.4000244140625,24822.5,90.70500183105469,14.102499961853027
2026-02-23 10:40:00+05:30,34.810001373291016,31470.80078125,2668.10009765625,1325.699951171875,24822.75,90.7074966430664,14.132499694824219
2026-02-23 10:41:00+05:30,34.790000915527344,31466.94921875,2667.0,1326.4000244140625,24823.5,90.70500183105469,14.142499923706055
2026-02-23 10:42:00+05:30,34.77000045776367,31462.5,2666.10009765625,1325.0,24819.75,90.70999908447266,14.125
2026-02-23 10:43:00+05:30,34.7599983215332,31450.55078125,2665.5,1324.300048828125,24817.5,90.7125015258789,14.167499542236328
2026-02-23 10:44:00+05:30,34.7599983215332,31439.0,2663.699951171875,1323.800048828125,24820.0,90.7074966430664,14.199999809265137
2026-02-23 10:45:00+05:30,34.7599983215332,31429.849609375,2661.89990234375,1323.199951171875,24819.0,90.70500183105469,14.170000076293945
2026-02-23 10:46:00+05:30,34.75,31420.0,2660.300048828125,1322.800048828125,24812.0,90.70249938964844,14.359999656677246
2026-02-23 10:47:00+05:30,34.77000045776367,31446.44921875,2663.5,1324.4000244140625,24814.75,90.69999694824219,14.297499656677246
2026-02-23 10:48:00+05:30,34.77000045776367,31437.55078125,2664.39990234375,1324.0999755859375,24813.75,90.69249725341797,14.3149995803833
2026-02-23 10:49:00+05:30,34.7599983215332,31434.150390625,2662.699951171875,1323.5,24808.25,90.69999694824219,14.300000190734863
2026-02-23 10:50:00+05:30,34.77000045776367,31444.80078125,2664.89990234375,1323.300048828125,24809.0,90.69499969482422,14.300000190734863
2026-02-23 10:51:00+05:30,34.79999923706055,31479.400390625,2666.0,1324.199951171875,24817.5,90.69750213623047,14.197500228881836
2026-02-23 10:52:00+05:30,34.779998779296875,31453.30078125,2665.10009765625,1323.0,24818.25,90.69999694824219,14.260000228881836
2026-02-23 10:53:00+05:30,34.79999923706055,31473.30078125,2666.699951171875,1323.800048828125,24814.25,90.69750213623047,14.207500457763672
2026-02-23 10:54:00+05:30,34.79999923706055,31475.25,2668.0,1324.0999755859375,24817.5,90.69499969482422,14.289999961853027
2026-02-23 10:55:00+05:30,34.77000045776367,31450.400390625,2666.5,1323.4000244140625,24819.25,90.69249725341797,14.307499885559082
2026-02-23 10:56:00+05:30,34.77000045776367,31444.349609375,2665.10009765625,1323.5999755859375,24816.75,90.69499969482422,14.282500267028809
2026-02-23 10:57:00+05:30,34.790000915527344,31464.69921875,2666.60009765625,1324.0,24820.0,90.70249938964844,14.217499732971191
2026-02-23 10:58:00+05:30,34.790000915527344,31458.25,2668.0,1323.199951171875,24823.75,90.70999908447266,14.220000267028809
2026-02-23 10:59:00+05:30,34.7599983215332,31438.099609375,2666.199951171875,1322.699951171875,24827.75,90.72000122070312,14.337499618530273
2026-02-23 11:00:00+05:30,34.75,31434.44921875,2665.199951171875,1322.199951171875,24825.75,90.72750091552734,14.289999961853027
2026-02-23 11:01:00+05:30,34.790000915527344,31466.55078125,2666.89990234375,1323.5,24828.25,90.72750091552734,14.260000228881836
2026-02-23 11:02:00+05:30,34.83000183105469,31515.099609375,2669.89990234375,1326.0,24825.25,90.72750091552734,14.225000381469727
2026-02-23 11:03:00+05:30,34.86000061035156,31528.900390625,2671.699951171875,1326.9000244140625,24825.0,90.73249816894531,14.130000114440918
2026-02-23 11:04:00+05:30,34.869998931884766,31539.099609375,2672.0,1327.5999755859375,24831.0,90.7300033569336,14.145000457763672
2026-02-23 11:05:00+05:30,34.869998931884766,31526.80078125,2672.0,1326.699951171875,24829.75,90.73750305175781,14.255000114440918
2026-02-23 11:06:00+05:30,34.84000015258789,31501.44921875,2669.60009765625,1325.5999755859375,24828.5,90.74250030517578,14.28499984741211
2026-02-23 11:07:00+05:30,34.869998931884766,31529.75,2672.300048828125,1326.300048828125,24832.25,90.7229995727539,14.3149995803833
2026-02-23 11:08:00+05:30,34.869998931884766,31535.599609375,2672.800048828125,1326.5,24836.25,90.74250030517578,14.327500343322754
2026-02-23 11:09:00+05:30,34.88999938964844,31564.44921875,2676.0,1327.9000244140625,24837.5,90.7229995727539,14.305000305175781
2026-02-23 11:10:00+05:30,34.900001525878906,31582.05078125,2678.0,1329.0999755859375,24835.5,90.73750305175781,14.212499618530273
2026-02-23 11:11:00+05:30,34.900001525878906,31562.19921875,2675.39990234375,1328.300048828125,24840.0,90.73750305175781,14.237500190734863
2026-02-23 11:12:00+05:30,34.880001068115234,31540.75,2673.199951171875,1328.0,24835.75,90.7300033569336,14.332500457763672
2026-02-23 11:13:00+05:30,34.88999938964844,31557.44921875,2674.199951171875,1328.5,24838.75,90.73249816894531,14.242500305175781
2026-02-23 11:14:00+05:30,34.90999984741211,31573.30078125,2675.60009765625,1329.0,24835.25,90.7300033569336,14.1899995803833
2026-02-23 11:15:00+05:30,34.869998931884766,31537.30078125,2674.5,1327.199951171875,24836.0,90.7300033569336,14.204999923706055
2026-02-23 11:16:00+05:30,34.880001068115234,31540.75,2676.5,1327.300048828125,24838.5,90.71299743652344,14.177499771118164
2026-02-23 11:17:00+05:30,34.86000061035156,31527.099609375,2675.5,1326.699951171875,24836.0,90.71199798583984,14.212499618530273
2026-02-23 11:18:00+05:30,34.81999969482422,31499.349609375,2673.0,1325.800048828125,24826.5,90.7300033569336,14.297499656677246
2026-02-23 11:19:00+05:30,34.790000915527344,31467.05078125,2671.800048828125,1323.199951171875,24829.0,90.72750091552734,14.319999694824219
2026-02-23 11:20:00+05:30,34.79999923706055,31481.849609375,2673.39990234375,1323.9000244140625,24825.75,90.7249984741211,14.257499694824219
2026-02-23 11:21:00+05:30,34.790000915527344,31480.650390625,2673.0,1323.9000244140625,24827.0,90.72750091552734,14.307499885559082
2026-02-23 11:22:00+05:30,34.790000915527344,31468.599609375,2671.800048828125,1323.699951171875,24830.5,90.72750091552734,14.289999961853027
2026-02-23 11:23:00+05:30,34.790000915527344,31462.099609375,2670.5,1322.5,24838.25,90.73249816894531,14.3100004196167
2026-02-23 11:24:00+05:30,34.779998779296875,31469.0,2670.800048828125,1323.5,24839.75,90.7300033569336,14.297499656677246
2026-02-23 11:25:00+05:30,34.790000915527344,31470.599609375,2671.60009765625,1322.5999755859375,24842.75,90.73249816894531,14.322500228881836
2026-02-23 11:26:00+05:30,34.790000915527344,31462.55078125,2670.5,1321.699951171875,24841.0,90.73500061035156,14.307499885559082
2026-02-23 11:27:00+05:30,34.79999923706055,31479.150390625,2672.300048828125,1321.800048828125,24841.75,90.7300033569336,14.292499542236328
2026-02-23 11:28:00+05:30,34.779998779296875,31474.099609375,2671.89990234375,1321.4000244140625,24842.25,90.73500061035156,14.319999694824219
2026-02-23 11:29:00+05:30,34.77000045776367,31445.900390625,2668.800048828125,1320.9000244140625,24838.25,90.72000122070312,14.322500228881836
2026-02-23 11:30:00+05:30,34.77000045776367,31452.94921875,2667.89990234375,1320.699951171875,24835.25,90.73500061035156,14.34000015258789
2026-02-23 11:31:00+05:30,34.790000915527344,31467.349609375,2668.0,1321.4000244140625,24836.25,90.73500061035156,14.295000076293945
2026-02-23 11:32:00+05:30,34.79999923706055,31476.400390625,2668.699951171875,1321.0999755859375,24837.0,90.73750305175781,14.242500305175781
2026-02-23 11:33:00+05:30,34.810001373291016,31479.05078125,2670.0,1320.800048828125,24836.0,90.73500061035156,14.274999618530273
2026-02-23 11:34:00+05:30,34.779998779296875,31445.25,2667.0,1318.5999755859375,24841.5,90.70999908447266,14.327500343322754
2026-02-23 11:35:00+05:30,34.790000915527344,31465.69921875,2669.300048828125,1319.5999755859375,24840.75,90.73999786376953,14.305000305175781
2026-02-23 11:36:00+05:30,34.83000183105469,31499.80078125,2670.800048828125,1322.0999755859375,24840.75,90.73750305175781,14.322500228881836
2026-02-23 11:37:00+05:30,34.79999923706055,31494.599609375,2669.39990234375,1322.0,24839.0,90.73999786376953,14.335000038146973
2026-02-23 11:38:00+05:30,34.84000015258789,31495.849609375,2670.800048828125,1321.5,24837.75,90.74250030517578,14.345000267028809
2026-02-23 11:39:00+05:30,34.84000015258789,31513.900390625,2671.5,1323.0,24838.0,90.72000122070312,14.324999809265137
2026-02-23 11:40:00+05:30,34.81999969482422,31509.80078125,2670.5,1323.199951171875,24841.5,90.73999786376953,14.335000038146973
2026-02-23 11:41:00+05:30,34.86000061035156,31522.099609375,2671.300048828125,1323.5,24844.25,90.7229995727539,14.342499732971191
2026-02-23 11:42:00+05:30,34.880001068115234,31545.5,2672.699951171875,1324.4000244140625,24847.75,90.73999786376953,14.3100004196167
2026-02-23 11:43:00+05:30,34.88999938964844,31558.349609375,2672.39990234375,1324.4000244140625,24848.5,90.74500274658203,14.3149995803833
2026-02-23 11:44:00+05:30,34.880001068115234,31564.099609375,2674.0,1325.0,24854.25,90.74749755859375,14.292499542236328
2026-02-23 11:45:00+05:30,34.880001068115234,31556.30078125,2673.699951171875,1324.9000244140625,24849.25,90.74250030517578,14.295000076293945
2026-02-23 11:46:00+05:30,34.880001068115234,31561.400390625,2673.199951171875,1325.0999755859375,24847.5,90.74500274658203,14.34000015258789
2026-02-23 11:47:00+05:30,34.880001068115234,31582.30078125,2675.0,1326.0,24849.75,90.74250030517578,14.337499618530273
2026-02-23 11:48:00+05:30,34.900001525878906,31581.150390625,2676.10009765625,1326.5,24852.0,90.73999786376953,14.267499923706055
2026-02-23 11:49:00+05:30,34.900001525878906,31593.900390625,2677.0,1327.199951171875,24850.5,90.74250030517578,14.329999923706055
2026-02-23 11:50:00+05:30,34.900001525878906,31572.94921875,2675.300048828125,1326.9000244140625,24846.5,90.75499725341797,14.4399995803833
2026-02-23 11:51:00+05:30,34.90999984741211,31588.69921875,2677.300048828125,1327.300048828125,24846.5,90.73500061035156,14.367500305175781
2026-02-23 11:52:00+05:30,34.90999984741211,31595.55078125,2677.699951171875,1327.0,24849.0,90.73500061035156,14.362500190734863
2026-02-23 11:53:00+05:30,34.939998626708984,31602.80078125,2678.89990234375,1327.0999755859375,24851.5,90.75,14.324999809265137
2026-02-23 11:54:00+05:30,34.970001220703125,31627.69921875,2680.300048828125,1328.0999755859375,24848.5,90.75749969482422,14.300000190734863
2026-02-23 11:55:00+05:30,34.95000076293945,31614.0,2679.60009765625,1327.4000244140625,24850.25,90.73799896240234,14.319999694824219
2026-02-23 11:56:00+05:30,34.9900016784668,31653.80078125,2682.89990234375,1330.0,24847.75,90.73999786376953,14.3100004196167
2026-02-23 11:57:00+05:30,35.0,31655.099609375,2683.199951171875,1330.300048828125,24849.0,90.76000213623047,14.300000190734863
2026-02-23 11:58:00+05:30,34.97999954223633,31641.099609375,2681.800048828125,1329.5999755859375,24848.75,90.76750183105469,14.345000267028809
2026-02-23 11:59:00+05:30,34.97999954223633,31643.599609375,2681.0,1330.0,24847.25,90.76249694824219,14.364999771118164
2026-02-23 12:00:00+05:30,34.959999084472656,31627.849609375,2680.0,1329.0999755859375,24845.0,90.76249694824219,14.332500457763672
2026-02-23 12:01:00+05:30,34.95000076293945,31628.80078125,2680.10009765625,1328.9000244140625,24844.5,90.76000213623047,14.350000381469727
2026-02-23 12:02:00+05:30,34.970001220703125,31631.69921875,2680.10009765625,1329.199951171875,24848.75,90.76499938964844,14.345000267028809
2026-02-23 12:03:00+05:30,34.970001220703125,31625.5,2680.0,1329.0999755859375,24852.25,90.76499938964844,14.337499618530273
2026-02-23 12:04:00+05:30,34.970001220703125,31638.150390625,2681.0,1329.5999755859375,24858.0,90.76000213623047,14.345000267028809
2026-02-23 12:05:00+05:30,34.97999954223633,31647.25,2680.0,1329.4000244140625,24856.0,90.76499938964844,14.337499618530273
2026-02-23 12:06:00+05:30,34.970001220703125,31645.69921875,2680.199951171875,1329.800048828125,24859.0,90.76000213623047,14.232500076293945
2026-02-23 12:07:00+05:30,34.97999954223633,31637.599609375,2679.0,1329.199951171875,24854.5,90.76000213623047,14.21500015258789
2026-02-23 12:08:00+05:30,34.97999954223633,31643.05078125,2680.0,1328.800048828125,24859.25,90.76499938964844,14.1850004196167
2026-02-23 12:09:00+05:30,34.970001220703125,31632.55078125,2680.300048828125,1328.199951171875,24857.5,90.76000213623047,14.199999809265137
2026-02-23 12:10:00+05:30,34.95000076293945,31618.599609375,2679.5,1328.0,24857.0,90.76249694824219,14.274999618530273
2026-02-23 12:11:00+05:30,34.95000076293945,31631.150390625,2679.89990234375,1328.199951171875,24856.0,90.76499938964844,14.2475004196167
2026-02-23 12:12:00+05:30,34.97999954223633,31647.75,2681.39990234375,1328.4000244140625,24862.0,90.7490005493164,14.157500267028809
2026-02-23 12:13:00+05:30,34.95000076293945,31620.25,2678.89990234375,1326.9000244140625,24860.25,90.76249694824219,14.212499618530273
2026-02-23 12:14:00+05:30,34.939998626708984,31609.30078125,2677.60009765625,1326.0,24857.5,90.76249694824219,14.22249984741211
2026-02-23 12:15:00+05:30,34.91999816894531,31607.55078125,2678.60009765625,1325.699951171875,24857.5,90.76499938964844,14.1850004196167
2026-02-23 12:16:00+05:30,34.91999816894531,31604.650390625,2679.300048828125,1325.199951171875,24853.75,90.75499725341797,14.180000305175781
2026-02-23 12:17:00+05:30,34.939998626708984,31621.0,2680.89990234375,1326.800048828125,24857.25,90.75,14.145000457763672
2026-02-23 12:18:00+05:30,34.93000030517578,31617.19921875,2680.0,1326.4000244140625,24859.75,90.75,14.15250015258789
2026-02-23 12:19:00+05:30,34.95000076293945,31626.599609375,2680.699951171875,1326.5999755859375,24859.75,90.75499725341797,14.194999694824219
2026-02-23 12:20:00+05:30,34.95000076293945,31619.30078125,2680.0,1326.300048828125,24859.25,90.75250244140625,14.100000381469727
2026-02-23 12:21:00+05:30,34.95000076293945,31619.0,2680.0,1326.0999755859375,24860.5,90.75,14.100000381469727
2026-02-23 12:22:00+05:30,34.93000030517578,31594.150390625,2678.699951171875,1325.800048828125,24858.5,90.75499725341797,14.225000381469727
2026-02-23 12:23:00+05:30,34.900001525878906,31591.650390625,2678.800048828125,1325.9000244140625,24858.0,90.75,14.232500076293945
2026-02-23 12:24:00+05:30,34.91999816894531,31591.55078125,2680.0,1325.9000244140625,24866.25,90.75499725341797,14.25
2026-02-23 12:25:00+05:30,34.900001525878906,31572.44921875,2679.699951171875,1325.4000244140625,24865.0,90.75499725341797,14.220000267028809
2026-02-23 12:26:00+05:30,34.90999984741211,31576.25,2680.0,1325.699951171875,24860.25,90.76249694824219,14.25
2026-02-23 12:27:00+05:30,34.88999938964844,31571.30078125,2680.0,1325.699951171875,24859.5,90.76249694824219,14.220000267028809
2026-02-23 12:28:00+05:30,34.88999938964844,31575.55078125,2679.60009765625,1325.9000244140625,24865.75,90.76249694824219,14.25
2026-02-23 12:29:00+05:30,34.900001525878906,31575.94921875,2680.10009765625,1325.300048828125,24867.0,90.76000213623047,14.2475004196167
2026-02-23 12:30:00+05:30,34.91999816894531,31587.30078125,2682.699951171875,1325.9000244140625,24870.25,90.76000213623047,14.28499984741211
2026-02-23 12:31:00+05:30,34.91999816894531,31600.0,2684.199951171875,1326.0999755859375,24884.0,90.74500274658203,14.305000305175781
2026-02-23 12:32:00+05:30,34.93000030517578,31604.05078125,2684.5,1326.5999755859375,24891.0,90.76750183105469,14.300000190734863
2026-02-23 12:33:00+05:30,34.93000030517578,31591.44921875,2683.800048828125,1326.0,24896.5,90.76000213623047,14.289999961853027
2026-02-23 12:34:00+05:30,34.91999816894531,31585.0,2682.800048828125,1326.300048828125,24889.5,90.76249694824219,14.287500381469727
2026-02-23 12:35:00+05:30,34.88999938964844,31569.55078125,2681.0,1326.300048828125,24892.0,90.76249694824219,14.257499694824219
2026-02-23 12:36:00+05:30,34.90999984741211,31572.849609375,2681.300048828125,1326.4000244140625,24895.0,90.75,14.270000457763672
2026-02-23 12:37:00+05:30,34.900001525878906,31565.099609375,2680.89990234375,1325.699951171875,24895.25,90.76249694824219,14.270000457763672
2026-02-23 12:38:00+05:30,34.900001525878906,31568.30078125,2682.199951171875,1326.0,24889.25,90.73799896240234,14.202500343322754
2026-02-23 12:39:00+05:30,34.900001525878906,31564.69921875,2683.10009765625,1325.699951171875,24893.75,90.76000213623047,14.172499656677246
2026-02-23 12:40:00+05:30,34.88999938964844,31557.0,2680.89990234375,1326.0,24895.5,90.76249694824219,14.194999694824219
2026-02-23 12:41:00+05:30,34.900001525878906,31574.94921875,2683.0,1326.0,24896.75,90.76249694824219,14.154999732971191
2026-02-23 12:42:00+05:30,34.90999984741211,31579.099609375,2683.300048828125,1326.199951171875,24910.75,90.76499938964844,14.145000457763672
2026-02-23 12:43:00+05:30,34.90999984741211,31584.900390625,2684.89990234375,1326.4000244140625,24910.5,90.76000213623047,14.09749984741211
2026-02-23 12:44:00+05:30,34.90999984741211,31597.599609375,2685.39990234375,1327.800048828125,24909.75,90.75749969482422,14.087499618530273
2026-02-23 12:45:00+05:30,34.93000030517578,31601.30078125,2686.699951171875,1328.5,24913.5,90.76000213623047,14.109999656677246
2026-02-23 12:46:00+05:30,34.91999816894531,31610.55078125,2687.300048828125,1329.0999755859375,24903.0,90.76000213623047,14.109999656677246
2026-02-23 12:47:00+05:30,34.91999816894531,31579.599609375,2685.10009765625,1327.699951171875,24905.75,90.75,14.1899995803833
2026-02-23 12:48:00+05:30,34.90999984741211,31580.849609375,2684.5,1327.0999755859375,24908.25,90.75749969482422,14.220000267028809
2026-02-23 12:49:00+05:30,34.900001525878906,31566.099609375,2683.199951171875,1326.5999755859375,24905.0,90.76000213623047,14.244999885559082
2026-02-23 12:50:00+05:30,34.880001068115234,31569.400390625,2684.199951171875,1326.199951171875,24904.75,90.76249694824219,14.255000114440918
2026-02-23 12:51:00+05:30,34.900001525878906,31564.05078125,2682.699951171875,1325.699951171875,24903.5,90.76000213623047,14.225000381469727
2026-02-23 12:52:00+05:30,34.88999938964844,31559.05078125,2681.300048828125,1325.800048828125,24903.25,90.7750015258789,14.2524995803833
2026-02-23 12:53:00+05:30,34.900001525878906,31568.599609375,2681.10009765625,1326.199951171875,24895.5,90.77249908447266,14.202500343322754
2026-02-23 12:54:00+05:30,34.93000030517578,31598.349609375,2684.300048828125,1326.5999755859375,24902.25,90.77249908447266,14.234999656677246
2026-02-23 12:55:00+05:30,34.91999816894531,31584.94921875,2682.0,1326.5999755859375,24899.5,90.7699966430664,14.232500076293945
2026-02-23 12:56:00+05:30,34.88999938964844,31570.30078125,2680.5,1326.0999755859375,24897.5,90.77249908447266,14.229999542236328
2026-02-23 12:57:00+05:30,34.880001068115234,31548.349609375,2677.199951171875,1326.0,24897.75,90.76750183105469,14.25
2026-02-23 12:58:00+05:30,34.880001068115234,31546.80078125,2675.39990234375,1325.699951171875,24896.75,90.75250244140625,14.255000114440918
2026-02-23 12:59:00+05:30,34.869998931884766,31538.80078125,2674.699951171875,1325.4000244140625,24903.75,90.75499725341797,14.297499656677246
2026-02-23 13:00:00+05:30,34.86000061035156,31533.75,2673.300048828125,1325.800048828125,24897.0,90.75499725341797,14.270000457763672
2026-02-23 13:01:00+05:30,34.849998474121094,31522.599609375,2671.5,1325.699951171875,24899.0,90.73799896240234,14.287500381469727
2026-02-23 13:02:00+05:30,34.81999969482422,31497.75,2670.5,1325.300048828125,24896.25,90.76000213623047,14.335000038146973
2026-02-23 13:03:00+05:30,34.81999969482422,31498.25,2671.0,1325.199951171875,24902.75,90.76000213623047,14.302499771118164
2026-02-23 13:04:00+05:30,34.84000015258789,31507.25,2671.39990234375,1325.199951171875,24900.0,90.76249694824219,14.282500267028809
2026-02-23 13:05:00+05:30,34.84000015258789,31520.099609375,2671.60009765625,1326.0,24899.5,90.76249694824219,14.239999771118164
2026-02-23 13:06:00+05:30,34.84000015258789,31513.75,2672.0,1326.0,24897.5,90.76249694824219,14.287500381469727
2026-02-23 13:07:00+05:30,34.849998474121094,31509.349609375,2672.39990234375,1326.0,24894.5,90.74800109863281,14.319999694824219
2026-02-23 13:08:00+05:30,34.849998474121094,31537.69921875,2675.0,1327.699951171875,24900.0,90.76249694824219,14.2524995803833
2026-02-23 13:09:00+05:30,34.869998931884766,31537.19921875,2675.39990234375,1327.5,24905.25,90.76000213623047,14.257499694824219
2026-02-23 13:10:00+05:30,34.869998931884766,31538.94921875,2677.60009765625,1327.199951171875,24909.75,90.74700164794922,14.217499732971191
2026-02-23 13:11:00+05:30,34.86000061035156,31544.0,2677.39990234375,1327.800048828125,24909.0,90.76249694824219,14.21500015258789
2026-02-23 13:12:00+05:30,34.86000061035156,31527.55078125,2674.699951171875,1327.300048828125,24904.0,90.76249694824219,14.257499694824219
2026-02-23 13:13:00+05:30,34.849998474121094,31520.849609375,2675.0,1327.300048828125,24904.75,90.76499938964844,14.359999656677246
2026-02-23 13:14:00+05:30,34.84000015258789,31509.69921875,2675.300048828125,1326.0999755859375,24908.0,90.7699966430664,14.332500457763672
2026-02-23 13:15:00+05:30,34.81999969482422,31505.80078125,2674.300048828125,1325.9000244140625,24907.25,90.7490005493164,14.354999542236328
2026-02-23 13:16:00+05:30,34.84000015258789,31524.05078125,2675.800048828125,1326.5999755859375,24907.5,90.7699966430664,14.375
2026-02-23 13:17:00+05:30,34.869998931884766,31539.30078125,2677.39990234375,1326.9000244140625,24906.75,90.77249908447266,14.257499694824219
2026-02-23 13:18:00+05:30,34.869998931884766,31545.0,2678.5,1327.0,24909.5,90.76499938964844,14.2524995803833
2026-02-23 13:19:00+05:30,34.86000061035156,31526.0,2677.0,1326.5999755859375,24910.0,90.76499938964844,14.27750015258789
2026-02-23 13:20:00+05:30,34.869998931884766,31540.849609375,2679.0,1326.9000244140625,24907.25,90.76499938964844,14.232500076293945
2026-02-23 13:21:00+05:30,34.869998931884766,31542.599609375,2679.39990234375,1326.9000244140625,24907.5,90.76499938964844,14.237500190734863
2026-02-23 13:22:00+05:30,34.869998931884766,31531.75,2678.5,1326.5999755859375,24904.5,90.74700164794922,14.239999771118164
2026-02-23 13:23:00+05:30,34.86000061035156,31525.900390625,2677.60009765625,1326.0999755859375,24903.0,90.76750183105469,14.232500076293945
2026-02-23 13:24:00+05:30,34.86000061035156,31526.849609375,2676.5,1326.5999755859375,24903.0,90.7699966430664,14.225000381469727
2026-02-23 13:25:00+05:30,34.86000061035156,31540.30078125,2675.60009765625,1327.5,24897.5,90.76750183105469,14.2524995803833
2026-02-23 13:26:00+05:30,34.869998931884766,31548.099609375,2677.199951171875,1327.699951171875,24899.25,90.74600219726562,14.207500457763672
2026-02-23 13:27:00+05:30,34.86000061035156,31537.849609375,2675.39990234375,1327.0999755859375,24901.0,90.7490005493164,14.180000305175781
2026-02-23 13:28:00+05:30,34.869998931884766,31539.94921875,2675.699951171875,1327.4000244140625,24905.0,90.7490005493164,14.182499885559082
2026-02-23 13:29:00+05:30,34.86000061035156,31544.75,2674.60009765625,1328.0,24898.0,90.76000213623047,14.15999984741211
2026-02-23 13:30:00+05:30,34.869998931884766,31552.94921875,2674.300048828125,1328.9000244140625,24908.0,90.76249694824219,14.1875
2026-02-23 13:31:00+05:30,34.869998931884766,31538.150390625,2672.300048828125,1327.800048828125,24903.75,90.76499938964844,14.1899995803833
2026-02-23 13:32:00+05:30,34.849998474121094,31521.30078125,2671.89990234375,1327.0,24904.0,90.76249694824219,14.194999694824219
2026-02-23 13:33:00+05:30,34.83000183105469,31506.099609375,2671.10009765625,1325.9000244140625,24892.75,90.76499938964844,14.220000267028809
2026-02-23 13:34:00+05:30,34.83000183105469,31502.400390625,2671.300048828125,1325.800048828125,24889.5,90.76750183105469,14.22249984741211
2026-02-23 13:35:00+05:30,34.81999969482422,31488.849609375,2668.89990234375,1325.0999755859375,24886.25,90.7699966430664,14.232500076293945
2026-02-23 13:36:00+05:30,34.83000183105469,31492.30078125,2668.800048828125,1325.5,24887.5,90.7509994506836,14.242500305175781
2026-02-23 13:37:00+05:30,34.83000183105469,31494.25,2669.60009765625,1325.0999755859375,24881.0,90.77249908447266,14.229999542236328
2026-02-23 13:38:00+05:30,34.83000183105469,31497.349609375,2670.39990234375,1325.5,24886.5,90.7750015258789,14.239999771118164
2026-02-23 13:39:00+05:30,34.79999923706055,31490.0,2670.10009765625,1325.0,24884.0,90.7699966430664,14.234999656677246
2026-02-23 13:40:00+05:30,34.79999923706055,31471.099609375,2668.5,1324.4000244140625,24893.25,90.76750183105469,14.227499961853027
2026-02-23 13:41:00+05:30,34.790000915527344,31475.0,2667.699951171875,1324.199951171875,24902.75,90.7699966430664,14.220000267028809
2026-02-23 13:42:00+05:30,34.79999923706055,31473.900390625,2667.60009765625,1324.5999755859375,24908.75,90.77249908447266,14.22249984741211
2026-02-23 13:43:00+05:30,34.810001373291016,31498.150390625,2669.89990234375,1324.9000244140625,24908.5,90.7699966430664,14.21500015258789
2026-02-23 13:44:00+05:30,34.81999969482422,31498.900390625,2669.89990234375,1325.4000244140625,24904.25,90.7699966430664,14.227499961853027
2026-02-23 13:45:00+05:30,34.810001373291016,31504.05078125,2672.199951171875,1325.300048828125,24903.5,90.7699966430664,14.21500015258789
2026-02-23 13:46:00+05:30,34.84000015258789,31518.80078125,2673.10009765625,1326.0,24898.25,90.7750015258789,14.182499885559082
2026-02-23 13:47:00+05:30,34.810001373291016,31499.900390625,2670.699951171875,1325.5,24895.5,90.77749633789062,14.202500343322754
2026-02-23 13:48:00+05:30,34.810001373291016,31490.44921875,2669.5,1325.300048828125,24897.5,90.78250122070312,14.210000038146973
2026-02-23 13:49:00+05:30,34.810001373291016,31488.94921875,2668.800048828125,1325.199951171875,24897.5,90.77999877929688,14.225000381469727
2026-02-23 13:50:00+05:30,34.83000183105469,31499.349609375,2669.199951171875,1325.5,24896.25,90.7925033569336,14.220000267028809
2026-02-23 13:51:00+05:30,34.810001373291016,31485.75,2668.300048828125,1324.9000244140625,24903.25,90.78500366210938,14.22249984741211
2026-02-23 13:52:00+05:30,34.810001373291016,31481.5,2667.10009765625,1325.0,24906.0,90.78250122070312,14.204999923706055
2026-02-23 13:53:00+05:30,34.79999923706055,31483.69921875,2666.5,1325.0,24902.25,90.78500366210938,14.212499618530273
2026-02-23 13:54:00+05:30,34.79999923706055,31481.75,2666.39990234375,1325.4000244140625,24896.5,90.77999877929688,14.225000381469727
2026-02-23 13:55:00+05:30,34.779998779296875,31464.30078125,2663.39990234375,1324.9000244140625,24892.5,90.7925033569336,14.217499732971191
2026-02-23 13:56:00+05:30,34.790000915527344,31465.05078125,2664.39990234375,1324.800048828125,24899.25,90.79000091552734,14.229999542236328
2026-02-23 13:57:00+05:30,34.790000915527344,31465.5,2664.0,1325.0999755859375,24898.25,90.8125,14.220000267028809
2026-02-23 13:58:00+05:30,34.77000045776367,31447.94921875,2663.300048828125,1324.199951171875,24899.0,90.81999969482422,14.220000267028809
2026-02-23 13:59:00+05:30,34.77000045776367,31446.80078125,2665.60009765625,1323.699951171875,24899.0,90.7959976196289,14.255000114440918
2026-02-23 14:00:00+05:30,34.77000045776367,31448.900390625,2665.60009765625,1323.699951171875,24903.5,90.82250213623047,14.234999656677246
2026-02-23 14:01:00+05:30,34.7599983215332,31449.75,2665.39990234375,1323.5999755859375,24899.0,90.82250213623047,14.267499923706055
2026-02-23 14:02:00+05:30,34.7599983215332,31441.19921875,2665.300048828125,1323.4000244140625,24896.25,90.81999969482422,14.317500114440918
2026-02-23 14:03:00+05:30,34.75,31424.25,2662.89990234375,1322.4000244140625,24896.75,90.81500244140625,14.335000038146973
2026-02-23 14:04:00+05:30,34.779998779296875,31452.75,2664.39990234375,1324.5,24893.75,90.82749938964844,14.324999809265137
2026-02-23 14:05:00+05:30,34.7599983215332,31442.0,2663.199951171875,1324.5999755859375,24892.0,90.83000183105469,14.322500228881836
2026-02-23 14:06:00+05:30,34.7599983215332,31437.650390625,2663.800048828125,1324.0999755859375,24894.0,90.83000183105469,14.337499618530273
2026-02-23 14:07:00+05:30,34.779998779296875,31458.44921875,2665.10009765625,1325.0,24898.25,90.82749938964844,14.265000343322754
2026-02-23 14:08:00+05:30,34.779998779296875,31455.55078125,2664.0,1325.0999755859375,24899.25,90.82749938964844,14.307499885559082
2026-02-23 14:09:00+05:30,34.77000045776367,31453.55078125,2663.800048828125,1325.0999755859375,24897.75,90.82499694824219,14.354999542236328
2026-02-23 14:10:00+05:30,34.779998779296875,31456.69921875,2663.5,1325.5,24888.75,90.83000183105469,14.335000038146973
2026-02-23 14:11:00+05:30,34.77000045776367,31455.099609375,2663.699951171875,1326.0999755859375,24890.0,90.8324966430664,14.345000267028809
2026-02-23 14:12:00+05:30,34.790000915527344,31475.650390625,2665.0,1326.9000244140625,24878.25,90.83999633789062,14.327500343322754
2026-02-23 14:13:00+05:30,34.790000915527344,31485.55078125,2666.39990234375,1328.0,24882.25,90.8499984741211,14.270000457763672
2026-02-23 14:14:00+05:30,34.79999923706055,31479.94921875,2666.199951171875,1327.5,24883.25,90.83999633789062,14.287500381469727
2026-02-23 14:15:00+05:30,34.790000915527344,31479.30078125,2666.10009765625,1327.0,24891.0,90.83999633789062,14.25
2026-02-23 14:16:00+05:30,34.790000915527344,31466.400390625,2665.89990234375,1326.9000244140625,24899.75,90.84500122070312,14.307499885559082
2026-02-23 14:17:00+05:30,34.779998779296875,31475.55078125,2666.39990234375,1327.0999755859375,24907.25,90.8239974975586,14.305000305175781
2026-02-23 14:18:00+05:30,34.790000915527344,31471.5,2666.800048828125,1327.0,24919.0,90.84500122070312,14.237500190734863
2026-02-23 14:19:00+05:30,34.790000915527344,31467.44921875,2667.5,1326.800048828125,24918.5,90.84750366210938,14.237500190734863
2026-02-23 14:20:00+05:30,34.77000045776367,31474.0,2667.800048828125,1328.0,24920.25,90.84750366210938,14.227499961853027
2026-02-23 14:21:00+05:30,34.810001373291016,31483.30078125,2668.10009765625,1328.699951171875,24919.25,90.85749816894531,14.229999542236328
2026-02-23 14:22:00+05:30,34.81999969482422,31494.80078125,2669.800048828125,1329.699951171875,24918.25,90.8479995727539,14.212499618530273
2026-02-23 14:23:00+05:30,34.79999923706055,31481.75,2668.89990234375,1329.4000244140625,24930.25,90.86750030517578,14.199999809265137
2026-02-23 14:24:00+05:30,34.790000915527344,31476.05078125,2668.89990234375,1329.199951171875,24929.75,90.86499786376953,14.21500015258789
2026-02-23 14:25:00+05:30,34.790000915527344,31463.75,2667.699951171875,1329.4000244140625,24927.25,90.8550033569336,14.239999771118164
2026-02-23 14:26:00+05:30,34.779998779296875,31467.900390625,2668.60009765625,1329.0999755859375,24932.25,90.85250091552734,14.21500015258789
2026-02-23 14:27:00+05:30,34.79999923706055,31475.5,2668.5,1329.800048828125,24926.0,90.83999633789062,14.2475004196167
2026-02-23 14:28:00+05:30,34.810001373291016,31509.5,2671.0,1330.800048828125,24930.5,90.8499984741211,14.21500015258789
2026-02-23 14:29:00+05:30,34.81999969482422,31519.94921875,2672.199951171875,1330.699951171875,24929.75,90.84500122070312,14.162500381469727
2026-02-23 14:30:00+05:30,34.86000061035156,31556.05078125,2674.89990234375,1332.0999755859375,24938.5,90.822998046875,14.052499771118164
2026-02-23 14:31:00+05:30,34.90999984741211,31589.900390625,2675.800048828125,1332.0,24945.0,90.84750366210938,14.114999771118164
2026-02-23 14:32:00+05:30,34.88999938964844,31578.0,2674.300048828125,1331.199951171875,24949.25,90.84750366210938,14.177499771118164
2026-02-23 14:33:00+05:30,34.880001068115234,31563.30078125,2674.10009765625,1329.699951171875,24958.75,90.83200073242188,14.164999961853027
2026-02-23 14:34:00+05:30,34.869998931884766,31561.44921875,2674.0,1329.699951171875,24962.0,90.83799743652344,14.137499809265137
2026-02-23 14:35:00+05:30,34.900001525878906,31561.849609375,2675.0,1330.5999755859375,24960.25,90.86750030517578,14.135000228881836
2026-02-23 14:36:00+05:30,34.849998474121094,31528.5,2671.199951171875,1329.5,24963.75,90.85749816894531,14.177499771118164
2026-02-23 14:37:00+05:30,34.880001068115234,31548.150390625,2673.10009765625,1330.0,24966.5,90.8499984741211,14.164999961853027
2026-02-23 14:38:00+05:30,34.869998931884766,31550.80078125,2672.699951171875,1330.5999755859375,24970.25,90.85250091552734,14.192500114440918
2026-02-23 14:39:00+05:30,34.849998474121094,31543.099609375,2672.60009765625,1330.0,24974.5,90.8280029296875,14.135000228881836
2026-02-23 14:40:00+05:30,34.880001068115234,31544.69921875,2674.39990234375,1329.300048828125,24982.5,90.85749816894531,14.140000343322754
2026-02-23 14:41:00+05:30,34.880001068115234,31545.900390625,2674.300048828125,1329.5999755859375,24993.5,90.83000183105469,14.145000457763672
2026-02-23 14:42:00+05:30,34.86000061035156,31540.599609375,2674.39990234375,1329.300048828125,24991.5,90.85250091552734,14.145000457763672
2026-02-23 14:43:00+05:30,34.84000015258789,31509.69921875,2673.0,1327.5,24994.75,90.85250091552734,14.147500038146973
2026-02-23 14:44:00+05:30,34.810001373291016,31487.599609375,2671.10009765625,1326.699951171875,24994.5,90.8499984741211,14.100000381469727
2026-02-23 14:45:00+05:30,34.79999923706055,31488.400390625,2670.199951171875,1326.300048828125,24994.5,90.85250091552734,14.114999771118164
2026-02-23 14:46:00+05:30,34.84000015258789,31511.150390625,2671.0,1327.300048828125,24990.75,90.8499984741211,14.164999961853027
2026-02-23 14:47:00+05:30,34.84000015258789,31514.349609375,2671.5,1327.0,24987.25,90.86000061035156,14.164999961853027
2026-02-23 14:48:00+05:30,34.81999969482422,31502.30078125,2670.199951171875,1326.5,24978.25,90.88749694824219,14.154999732971191
2026-02-23 14:49:00+05:30,34.849998474121094,31533.900390625,2672.5,1327.699951171875,24982.0,90.85749816894531,14.204999923706055
2026-02-23 14:50:00+05:30,34.84000015258789,31514.150390625,2671.5,1326.699951171875,24982.5,90.875,14.182499885559082
2026-02-23 14:51:00+05:30,34.81999969482422,31508.900390625,2671.199951171875,1326.5,24983.75,90.87750244140625,14.192500114440918
2026-02-23 14:52:00+05:30,34.81999969482422,31495.44921875,2669.5,1326.5999755859375,24985.0,90.87750244140625,14.164999961853027
2026-02-23 14:53:00+05:30,34.810001373291016,31487.25,2668.60009765625,1326.5999755859375,24977.25,90.87000274658203,14.170000076293945
2026-02-23 14:54:00+05:30,34.810001373291016,31494.0,2670.0,1326.5,24981.25,90.875,14.145000457763672
2026-02-23 14:55:00+05:30,34.84000015258789,31508.650390625,2670.10009765625,1327.4000244140625,24985.5,90.87750244140625,14.164999961853027
2026-02-23 14:56:00+05:30,34.83000183105469,31507.150390625,2669.0,1326.9000244140625,24987.75,90.87249755859375,14.227499961853027
2026-02-23 14:57:00+05:30,34.84000015258789,31511.599609375,2667.800048828125,1327.0,24991.5,90.88249969482422,14.182499885559082
2026-02-23 14:58:00+05:30,34.84000015258789,31513.19921875,2670.0,1326.800048828125,24989.5,90.88249969482422,14.225000381469727
2026-02-23 14:59:00+05:30,34.849998474121094,31518.05078125,2670.0,1327.0999755859375,24994.25,90.88500213623047,14.22249984741211
2026-02-23 15:00:00+05:30,34.869998931884766,31571.44921875,2672.5,1328.800048828125,24995.75,90.88249969482422,14.229999542236328
2026-02-23 15:01:00+05:30,34.88999938964844,31577.94921875,2673.10009765625,1328.9000244140625,24996.25,90.86100006103516,14.202500343322754
2026-02-23 15:02:00+05:30,34.93000030517578,31603.349609375,2674.5,1330.0,24994.75,90.87249755859375,14.119999885559082
2026-02-23 15:03:00+05:30,34.91999816894531,31598.55078125,2674.5,1330.0,24983.5,90.87000274658203,14.104999542236328
2026-02-23 15:04:00+05:30,34.93000030517578,31592.30078125,2675.699951171875,1329.5,24978.75,90.875,14.142499923706055
2026-02-23 15:05:00+05:30,34.91999816894531,31601.94921875,2677.699951171875,1330.0999755859375,24983.25,90.87000274658203,14.125
2026-02-23 15:06:00+05:30,34.93000030517578,31601.0,2678.0,1330.0999755859375,24994.5,90.84400177001953,14.15250015258789
2026-02-23 15:07:00+05:30,34.900001525878906,31576.099609375,2677.89990234375,1329.9000244140625,24997.25,90.86000061035156,14.1875
2026-02-23 15:08:00+05:30,34.900001525878906,31572.44921875,2677.10009765625,1330.0999755859375,24998.75,90.86250305175781,14.154999732971191
2026-02-23 15:09:00+05:30,34.88999938964844,31556.94921875,2675.5,1328.4000244140625,24994.0,90.86750030517578,14.162500381469727
2026-02-23 15:10:00+05:30,34.849998474121094,31525.75,2674.0,1327.199951171875,24997.75,90.86499786376953,14.135000228881836
2026-02-23 15:11:00+05:30,34.86000061035156,31532.599609375,2674.800048828125,1327.0,25001.0,90.86750030517578,14.170000076293945
2026-02-23 15:12:00+05:30,34.869998931884766,31547.900390625,2676.300048828125,1327.0999755859375,24999.25,90.86750030517578,14.1850004196167
2026-02-23 15:13:00+05:30,34.86000061035156,31542.44921875,2676.10009765625,1327.199951171875,24996.0,90.87000274658203,14.172499656677246
2026-02-23 15:14:00+05:30,34.869998931884766,31533.94921875,2676.0,1325.5,24996.25,90.86499786376953,14.180000305175781
2026-02-23 15:15:00+05:30,34.869998931884766,31553.150390625,2676.800048828125,1326.9000244140625,24995.5,90.87249755859375,14.130000114440918
2026-02-23 15:16:00+05:30,34.880001068115234,31546.400390625,2676.199951171875,1326.5,24998.25,90.86499786376953,14.192500114440918
2026-02-23 15:17:00+05:30,34.880001068115234,31543.400390625,2676.199951171875,1326.300048828125,24996.5,90.86000061035156,14.1875
2026-02-23 15:18:00+05:30,34.880001068115234,31547.849609375,2676.5,1326.300048828125,24991.25,90.87000274658203,14.192500114440918
2026-02-23 15:19:00+05:30,34.869998931884766,31541.599609375,2676.199951171875,1326.5,24988.0,90.875,14.202500343322754
2026-02-23 15:20:00+05:30,34.869998931884766,31536.900390625,2676.0,1326.699951171875,24986.75,90.87249755859375,14.194999694824219
2026-02-23 15:21:00+05:30,34.86000061035156,31528.849609375,2675.60009765625,1327.0999755859375,24990.0,90.87249755859375,14.199999809265137
2026-02-23 15:22:00+05:30,34.84000015258789,31516.650390625,2675.199951171875,1325.699951171875,24990.0,90.8550033569336,14.172499656677246
2026-02-23 15:23:00+05:30,34.84000015258789,31513.599609375,2679.0,1325.300048828125,24986.75,90.8499984741211,14.164999961853027
2026-02-23 15:24:00+05:30,34.83000183105469,31535.19921875,2678.800048828125,1327.199951171875,24985.0,90.84500122070312,14.180000305175781
2026-02-23 15:25:00+05:30,34.86000061035156,31537.19921875,2678.800048828125,1327.4000244140625,24989.75,90.86750030517578,14.172499656677246
2026-02-23 15:26:00+05:30,34.86000061035156,31532.55078125,2678.300048828125,1328.0999755859375,24988.0,90.87249755859375,14.1875
2026-02-23 15:27:00+05:30,34.86000061035156,31544.599609375,2678.300048828125,1328.0999755859375,24984.25,90.88249969482422,14.182499885559082
2026-02-23 15:28:00+05:30,34.86000061035156,31526.349609375,2674.0,1328.0,24984.0,90.87999725341797,14.180000305175781
2026-02-23 15:29:00+05:30,34.880001068115234,31527.5,2675.0,1328.0,24983.5,90.87999725341797,14.137499809265137
2026-02-23 15:30:00+05:30,34.880001068115234,31527.5,2675.0,1328.0,24985.75,90.88249969482422,14.137499809265137
2026-02-24 09:00:00+05:30,34.880001068115234,31527.5,2675.0,1328.0,24875.25,90.92250061035156,14.137499809265137
2026-02-24 09:01:00+05:30,34.880001068115234,31527.5,2675.0,1328.0,24875.75,90.93499755859375,14.137499809265137
2026-02-24 09:02:00+05:30,34.880001068115234,31527.5,2675.0,1328.0,24878.0,90.94249725341797,14.137499809265137
2026-02-24 09:03:00+05:30,34.880001068115234,31527.5,2675.0,1328.0,24878.75,90.94249725341797,14.137499809265137
2026-02-24 09:04:00+05:30,34.880001068115234,31527.5,2675.0,1328.0,24874.0,90.94000244140625,14.137499809265137
2026-02-24 09:05:00+05:30,34.880001068115234,31527.5,2675.0,1328.0,24872.25,90.9375,14.137499809265137
2026-02-24 09:06:00+05:30,34.880001068115234,31527.5,2675.0,1328.0,24872.5,90.94750213623047,14.137499809265137
2026-02-24 09:07:00+05:30,34.880001068115234,31527.5,2675.0,1328.0,24872.0,90.95249938964844,14.137499809265137
2026-02-24 09:08:00+05:30,34.880001068115234,31527.5,2675.0,1328.0,24874.25,90.95249938964844,14.137499809265137
2026-02-24 09:09:00+05:30,34.880001068115234,31527.5,2675.0,1328.0,24876.75,90.95500183105469,14.137499809265137
2026-02-24 09:10:00+05:30,34.880001068115234,31527.5,2675.0,1328.0,24879.25,90.93299865722656,14.137499809265137
2026-02-24 09:11:00+05:30,34.880001068115234,31527.5,2675.0,1328.0,24878.75,90.95500183105469,14.137499809265137
2026-02-24 09:12:00+05:30,34.880001068115234,31527.5,2675.0,1328.0,24879.5,90.93499755859375,14.137499809265137
2026-02-24 09:13:00+05:30,34.880001068115234,31527.5,2675.0,1328.0,24875.5,90.95999908447266,14.137499809265137
2026-02-24 09:14:00+05:30,34.880001068115234,31527.5,2675.0,1328.0,24874.25,90.95999908447266,14.137499809265137
2026-02-24 09:15:00+05:30,34.130001068115234,30881.349609375,2619.60009765625,1288.199951171875,24874.75,90.94200134277344,14.170000076293945
2026-02-24 09:16:00+05:30,34.13999938964844,30863.5,2623.0,1290.5,24874.75,90.94000244140625,14.015000343322754
2026-02-24 09:17:00+05:30,34.130001068115234,30863.55078125,2619.10009765625,1294.0,24872.5,90.94750213623047,14.052499771118164
2026-02-24 09:18:00+05:30,34.029998779296875,30771.849609375,2611.60009765625,1289.4000244140625,24872.25,90.94999694824219,14.217499732971191
2026-02-24 09:19:00+05:30,33.9900016784668,30744.5,2605.5,1288.0,24873.5,90.94499969482422,14.162500381469727
2026-02-24 09:20:00+05:30,34.029998779296875,30796.0,2611.5,1290.0,24872.0,90.927001953125,14.112500190734863
2026-02-24 09:21:00+05:30,33.9900016784668,30738.650390625,2608.5,1288.9000244140625,24871.75,90.94750213623047,14.142499923706055
2026-02-24 09:22:00+05:30,33.93000030517578,30710.19921875,2605.60009765625,1289.0,24873.0,90.93900299072266,14.1875
2026-02-24 09:23:00+05:30,33.959999084472656,30717.30078125,2607.300048828125,1290.0,24874.5,90.9469985961914,14.119999885559082
2026-02-24 09:24:00+05:30,33.95000076293945,30701.599609375,2606.89990234375,1289.9000244140625,24874.25,90.95249938964844,14.0600004196167
2026-02-24 09:25:00+05:30,33.900001525878906,30661.19921875,2605.0,1287.800048828125,24872.25,90.93900299072266,14.050000190734863
2026-02-24 09:26:00+05:30,33.88999938964844,30663.80078125,2604.199951171875,1287.9000244140625,24873.5,90.94499969482422,14.029999732971191
2026-02-24 09:27:00+05:30,33.91999816894531,30684.69921875,2606.39990234375,1288.199951171875,24874.25,90.94000244140625,13.930000305175781
2026-02-24 09:28:00+05:30,33.88999938964844,30661.80078125,2605.800048828125,1286.9000244140625,24872.5,90.93299865722656,13.952500343322754
2026-02-24 09:29:00+05:30,33.84000015258789,30604.80078125,2600.800048828125,1284.800048828125,24873.25,90.94000244140625,13.962499618530273
2026-02-24 09:30:00+05:30,33.77000045776367,30546.55078125,2596.5,1283.199951171875,24872.5,90.94499969482422,13.994999885559082
2026-02-24 09:31:00+05:30,33.79999923706055,30574.349609375,2601.199951171875,1284.199951171875,24874.5,90.94249725341797,14.017499923706055
2026-02-24 09:32:00+05:30,33.77000045776367,30539.75,2598.89990234375,1282.699951171875,24874.0,90.94000244140625,13.992500305175781
2026-02-24 09:33:00+05:30,33.77000045776367,30545.150390625,2598.39990234375,1282.5999755859375,24874.5,90.93499755859375,14.104999542236328
2026-02-24 09:34:00+05:30,33.84000015258789,30608.19921875,2600.300048828125,1284.0,24875.0,90.94249725341797,14.074999809265137
2026-02-24 09:35:00+05:30,33.790000915527344,30551.05078125,2596.300048828125,1282.699951171875,24873.25,90.94499969482422,14.0600004196167
2026-02-24 09:36:00+05:30,33.779998779296875,30552.0,2596.199951171875,1283.0999755859375,24875.75,90.94499969482422,13.977499961853027
2026-02-24 09:37:00+05:30,33.779998779296875,30554.5,2595.5,1283.4000244140625,24876.25,90.94499969482422,13.957500457763672
2026-02-24 09:38:00+05:30,33.72999954223633,30526.19921875,2593.5,1282.300048828125,24878.5,90.94750213623047,14.072500228881836
2026-02-24 09:39:00+05:30,33.75,30524.0,2593.10009765625,1282.300048828125,24879.5,90.94499969482422,14.082500457763672
2026-02-24 09:40:00+05:30,33.75,30529.75,2592.699951171875,1281.800048828125,24879.75,90.94750213623047,14.03499984741211
2026-02-24 09:41:00+05:30,33.7400016784668,30516.849609375,2592.300048828125,1281.5,24877.0,90.94999694824219,13.984999656677246
2026-02-24 09:42:00+05:30,33.72999954223633,30510.44921875,2591.60009765625,1280.5,24877.25,90.94750213623047,14.114999771118164
2026-02-24 09:43:00+05:30,33.63999938964844,30424.849609375,2581.699951171875,1277.699951171875,24875.0,90.94750213623047,14.164999961853027
2026-02-24 09:44:00+05:30,33.70000076293945,30489.650390625,2588.699951171875,1279.800048828125,24874.75,90.94999694824219,14.1274995803833
2026-02-24 09:45:00+05:30,33.68000030517578,30468.94921875,2583.60009765625,1280.300048828125,24873.5,90.93000030517578,14.112500190734863
2026-02-24 09:46:00+05:30,33.65999984741211,30465.44921875,2584.60009765625,1279.300048828125,24874.0,90.94750213623047,14.047499656677246
2026-02-24 09:47:00+05:30,33.720001220703125,30513.55078125,2588.60009765625,1282.699951171875,24868.75,90.94750213623047,14.042499542236328
2026-02-24 09:48:00+05:30,33.790000915527344,30566.650390625,2592.89990234375,1284.0,24869.25,90.94999694824219,14.024999618530273
2026-02-24 09:49:00+05:30,33.7599983215332,30537.25,2591.300048828125,1283.5,24877.0,90.95249938964844,14.03499984741211
2026-02-24 09:50:00+05:30,33.70000076293945,30484.80078125,2589.699951171875,1282.9000244140625,24878.75,90.95249938964844,14.135000228881836
2026-02-24 09:51:00+05:30,33.66999816894531,30456.30078125,2585.39990234375,1281.0999755859375,24880.5,90.95249938964844,14.142499923706055
2026-02-24 09:52:00+05:30,33.650001525878906,30442.5,2583.89990234375,1280.300048828125,24879.75,90.95249938964844,14.140000343322754
2026-02-24 09:53:00+05:30,33.65999984741211,30456.599609375,2584.699951171875,1281.4000244140625,24879.75,90.95249938964844,14.112500190734863
2026-02-24 09:54:00+05:30,33.689998626708984,30480.30078125,2588.89990234375,1281.5999755859375,24879.5,90.95249938964844,14.032500267028809
2026-02-24 09:55:00+05:30,33.70000076293945,30486.349609375,2590.39990234375,1281.699951171875,24878.5,90.9574966430664,13.984999656677246
2026-02-24 09:56:00+05:30,33.689998626708984,30468.650390625,2589.699951171875,1280.5999755859375,24876.25,90.9574966430664,14.029999732971191
2026-02-24 09:57:00+05:30,33.689998626708984,30474.69921875,2589.699951171875,1281.199951171875,24880.25,90.95999908447266,14.0625
2026-02-24 09:58:00+05:30,33.689998626708984,30473.400390625,2589.0,1280.9000244140625,24879.75,90.9574966430664,14.042499542236328
2026-02-24 09:59:00+05:30,33.70000076293945,30482.19921875,2589.60009765625,1281.300048828125,24877.25,90.95999908447266,14.005000114440918
2026-02-24 10:00:00+05:30,33.70000076293945,30508.5,2592.0,1281.800048828125,24880.25,90.95999908447266,13.979999542236328
2026-02-24 10:01:00+05:30,33.790000915527344,30577.150390625,2595.0,1284.0,24874.0,90.95500183105469,13.930000305175781
2026-02-24 10:02:00+05:30,33.72999954223633,30504.849609375,2591.0,1281.199951171875,24874.25,90.95999908447266,13.975000381469727
2026-02-24 10:03:00+05:30,33.7599983215332,30521.099609375,2592.5,1281.5,24874.0,90.9625015258789,14.02750015258789
2026-02-24 10:04:00+05:30,33.75,30522.849609375,2591.5,1281.800048828125,24872.5,90.95999908447266,14.017499923706055
2026-02-24 10:05:00+05:30,33.7599983215332,30534.849609375,2591.800048828125,1282.0999755859375,24869.5,90.9625015258789,13.90999984741211
2026-02-24 10:06:00+05:30,33.72999954223633,30521.75,2591.699951171875,1281.300048828125,24869.5,90.95999908447266,13.949999809265137
2026-02-24 10:07:00+05:30,33.75,30539.650390625,2594.60009765625,1282.4000244140625,24872.0,90.9574966430664,13.885000228881836
2026-02-24 10:08:00+05:30,33.77000045776367,30551.0,2596.60009765625,1282.5999755859375,24870.5,90.9574966430664,13.885000228881836
2026-02-24 10:09:00+05:30,33.75,30530.25,2594.300048828125,1281.699951171875,24869.75,90.96499633789062,13.932499885559082
2026-02-24 10:10:00+05:30,33.75,30527.44921875,2594.89990234375,1282.0999755859375,24870.5,90.96749877929688,14.007499694824219
2026-02-24 10:11:00+05:30,33.709999084472656,30492.150390625,2592.199951171875,1281.0,24871.75,90.94599914550781,13.982500076293945
2026-02-24 10:12:00+05:30,33.709999084472656,30478.099609375,2591.300048828125,1280.5,24877.0,90.9625015258789,14.012499809265137
2026-02-24 10:13:00+05:30,33.689998626708984,30462.400390625,2589.60009765625,1280.5,24872.75,90.9625015258789,13.975000381469727
2026-02-24 10:14:00+05:30,33.68000030517578,30468.849609375,2591.0,1280.5999755859375,24871.25,90.95999908447266,14.037500381469727
2026-02-24 10:15:00+05:30,33.66999816894531,30455.55078125,2589.5,1280.4000244140625,24871.0,90.95999908447266,14.042499542236328
2026-02-24 10:16:00+05:30,33.68000030517578,30470.400390625,2590.5,1281.300048828125,24873.5,90.95500183105469,14.012499809265137
2026-02-24 10:17:00+05:30,33.61000061035156,30396.400390625,2586.800048828125,1278.300048828125,24875.0,90.95500183105469,14.104999542236328
2026-02-24 10:18:00+05:30,33.630001068115234,30424.599609375,2589.10009765625,1279.5,24875.5,90.9574966430664,14.0600004196167
2026-02-24 10:19:00+05:30,33.650001525878906,30462.349609375,2591.699951171875,1281.0,24876.0,90.93499755859375,14.024999618530273
2026-02-24 10:20:00+05:30,33.689998626708984,30507.650390625,2596.0,1282.4000244140625,24879.25,90.95500183105469,13.994999885559082
2026-02-24 10:21:00+05:30,33.650001525878906,30473.19921875,2593.60009765625,1281.199951171875,24878.75,90.95999908447266,14.02750015258789
2026-02-24 10:22:00+05:30,33.63999938964844,30455.80078125,2592.60009765625,1280.300048828125,24876.0,90.95500183105469,14.037500381469727
2026-02-24 10:23:00+05:30,33.61000061035156,30445.150390625,2591.0,1279.800048828125,24877.5,90.9625015258789,14.072500228881836
2026-02-24 10:24:00+05:30,33.59000015258789,30450.69921875,2589.800048828125,1280.800048828125,24877.5,90.95999908447266,14.114999771118164
2026-02-24 10:25:00+05:30,33.63999938964844,30466.69921875,2592.60009765625,1281.0,24878.5,90.95999908447266,14.114999771118164
2026-02-24 10:26:00+05:30,33.650001525878906,30469.94921875,2592.10009765625,1281.5,24877.5,90.93800354003906,14.114999771118164
2026-02-24 10:27:00+05:30,33.66999816894531,30487.599609375,2596.0,1282.0999755859375,24878.75,90.95999908447266,14.024999618530273
2026-02-24 10:28:00+05:30,33.68000030517578,30478.30078125,2593.39990234375,1283.0,24878.75,90.9574966430664,14.039999961853027
2026-02-24 10:29:00+05:30,33.68000030517578,30476.650390625,2595.10009765625,1282.5,24878.75,90.9574966430664,14.057499885559082
2026-02-24 10:30:00+05:30,33.68000030517578,30464.55078125,2594.39990234375,1282.0,24878.75,90.9574966430664,14.057499885559082
2026-02-24 10:31:00+05:30,33.68000030517578,30480.5,2596.5,1282.199951171875,24878.75,90.95999908447266,14.045000076293945
2026-02-24 10:32:00+05:30,33.70000076293945,30482.75,2597.60009765625,1282.199951171875,24878.75,90.94999694824219,14.072500228881836
2026-02-24 10:33:00+05:30,33.70000076293945,30506.900390625,2598.0,1284.300048828125,24878.75,90.93399810791016,14.0625
2026-02-24 10:34:00+05:30,33.709999084472656,30521.44921875,2598.300048828125,1285.699951171875,24878.75,90.94999694824219,14.072500228881836
2026-02-24 10:35:00+05:30,33.75,30554.650390625,2604.5,1285.300048828125,24878.75,90.95999908447266,13.977499961853027
2026-02-24 10:36:00+05:30,33.75,30546.25,2604.0,1285.5999755859375,24878.75,90.93800354003906,13.9350004196167
2026-02-24 10:37:00+05:30,33.75,30566.099609375,2606.39990234375,1286.5,24878.75,90.95999908447266,13.962499618530273
2026-02-24 10:38:00+05:30,33.7599983215332,30573.150390625,2608.699951171875,1287.199951171875,24878.75,90.95500183105469,13.944999694824219
2026-02-24 10:39:00+05:30,33.75,30558.19921875,2605.5,1287.0,24884.25,90.94999694824219,13.954999923706055
2026-02-24 10:40:00+05:30,33.72999954223633,30521.44921875,2603.800048828125,1284.5,24885.25,90.94999694824219,14.085000038146973
2026-02-24 10:41:00+05:30,33.72999954223633,30522.0,2605.5,1284.5999755859375,24883.5,90.94999694824219,14.137499809265137
2026-02-24 10:42:00+05:30,33.75,30543.599609375,2607.199951171875,1284.4000244140625,24885.25,90.94999694824219,14.119999885559082
2026-02-24 10:43:00+05:30,33.75,30543.44921875,2607.10009765625,1284.4000244140625,24883.75,90.95249938964844,14.142499923706055
2026-02-24 10:44:00+05:30,33.720001220703125,30502.099609375,2604.0,1282.5,24882.0,90.94999694824219,14.180000305175781
2026-02-24 10:45:00+05:30,33.689998626708984,30478.0,2602.0,1281.5,24874.75,90.95249938964844,14.192500114440918
2026-02-24 10:46:00+05:30,33.689998626708984,30473.0,2602.5,1281.5,24869.5,90.95249938964844,14.1899995803833
2026-02-24 10:47:00+05:30,33.68000030517578,30461.599609375,2601.60009765625,1280.5999755859375,24863.75,90.95249938964844,14.175000190734863
2026-02-24 10:48:00+05:30,33.63999938964844,30433.94921875,2597.60009765625,1280.0999755859375,24863.25,90.95249938964844,14.237500190734863
2026-02-24 10:49:00+05:30,33.630001068115234,30429.55078125,2598.10009765625,1280.199951171875,24857.75,90.94999694824219,14.272500038146973
2026-02-24 10:50:00+05:30,33.630001068115234,30424.80078125,2596.60009765625,1280.5,24859.25,90.94999694824219,14.359999656677246
2026-02-24 10:51:00+05:30,33.63999938964844,30425.25,2596.10009765625,1280.199951171875,24861.25,90.95249938964844,14.287500381469727
2026-02-24 10:52:00+05:30,33.61000061035156,30404.0,2596.800048828125,1278.699951171875,24857.25,90.95500183105469,14.414999961853027
2026-02-24 10:53:00+05:30,33.599998474121094,30396.849609375,2596.10009765625,1278.800048828125,24859.5,90.95500183105469,14.449999809265137
2026-02-24 10:54:00+05:30,33.59000015258789,30388.44921875,2595.89990234375,1278.0,24861.75,90.9574966430664,14.449999809265137
2026-02-24 10:55:00+05:30,33.599998474121094,30397.0,2597.0,1279.0,24861.25,90.94000244140625,14.382499694824219
2026-02-24 10:56:00+05:30,33.619998931884766,30417.30078125,2599.5,1279.0999755859375,24860.5,90.9574966430664,14.387499809265137
2026-02-24 10:57:00+05:30,33.619998931884766,30406.69921875,2598.199951171875,1279.5,24856.25,90.9574966430664,14.444999694824219
2026-02-24 10:58:00+05:30,33.59000015258789,30394.150390625,2597.39990234375,1279.4000244140625,24864.0,90.95999908447266,14.375
2026-02-24 10:59:00+05:30,33.61000061035156,30403.94921875,2600.0,1279.9000244140625,24863.5,90.95999908447266,14.357500076293945
2026-02-24 11:00:00+05:30,33.619998931884766,30428.44921875,2599.60009765625,1281.199951171875,24854.75,90.95999908447266,14.300000190734863
2026-02-24 11:01:00+05:30,33.630001068115234,30424.0,2600.300048828125,1281.199951171875,24856.0,90.95999908447266,14.265000343322754
2026-02-24 11:02:00+05:30,33.59000015258789,30382.349609375,2596.300048828125,1280.199951171875,24857.75,90.94200134277344,14.289999961853027
2026-02-24 11:03:00+05:30,33.59000015258789,30378.0,2595.10009765625,1280.300048828125,24853.0,90.95999908447266,14.279999732971191
2026-02-24 11:04:00+05:30,33.59000015258789,30386.099609375,2595.60009765625,1280.4000244140625,24851.5,90.95999908447266,14.272500038146973
2026-02-24 11:05:00+05:30,33.56999969482422,30378.099609375,2595.199951171875,1280.0,24846.5,90.96499633789062,14.292499542236328
2026-02-24 11:06:00+05:30,33.599998474121094,30391.349609375,2595.10009765625,1280.9000244140625,24851.25,90.9625015258789,14.274999618530273
2026-02-24 11:07:00+05:30,33.63999938964844,30418.900390625,2599.10009765625,1281.199951171875,24849.5,90.95999908447266,14.220000267028809
2026-02-24 11:08:00+05:30,33.63999938964844,30431.75,2598.39990234375,1282.199951171875,24855.25,90.95999908447266,14.162500381469727
2026-02-24 11:09:00+05:30,33.619998931884766,30413.30078125,2596.300048828125,1281.699951171875,24852.75,90.9625015258789,14.167499542236328
2026-02-24 11:10:00+05:30,33.619998931884766,30412.19921875,2597.199951171875,1281.9000244140625,24849.75,90.9625015258789,14.164999961853027
2026-02-24 11:11:00+05:30,33.630001068115234,30421.849609375,2598.300048828125,1282.0,24849.75,90.95999908447266,14.077500343322754
2026-02-24 11:12:00+05:30,33.650001525878906,30437.349609375,2598.699951171875,1282.0999755859375,24848.0,90.95999908447266,14.042499542236328
2026-02-24 11:13:00+05:30,33.63999938964844,30425.099609375,2598.0,1281.5,24855.0,90.9625015258789,14.069999694824219
2026-02-24 11:14:00+05:30,33.630001068115234,30420.900390625,2598.60009765625,1282.0999755859375,24855.75,90.95999908447266,14.0625
2026-02-24 11:15:00+05:30,33.630001068115234,30423.25,2599.0,1282.0,24846.25,90.92900085449219,14.0600004196167
2026-02-24 11:16:00+05:30,33.61000061035156,30398.849609375,2598.0,1281.0999755859375,24846.0,90.9574966430664,14.077500343322754
2026-02-24 11:17:00+05:30,33.619998931884766,30406.69921875,2598.699951171875,1281.0999755859375,24845.25,90.9574966430664,14.067500114440918
2026-02-24 11:18:00+05:30,33.619998931884766,30409.30078125,2598.39990234375,1281.0999755859375,24840.25,90.9574966430664,14.0625
2026-02-24 11:19:00+05:30,33.61000061035156,30401.30078125,2598.39990234375,1280.9000244140625,24835.0,90.95500183105469,14.0600004196167
2026-02-24 11:20:00+05:30,33.61000061035156,30398.099609375,2598.10009765625,1281.0999755859375,24834.25,90.95500183105469,14.085000038146973
2026-02-24 11:21:00+05:30,33.61000061035156,30393.150390625,2598.699951171875,1280.300048828125,24833.0,90.95999908447266,14.037500381469727
2026-02-24 11:22:00+05:30,33.61000061035156,30402.69921875,2599.300048828125,1280.699951171875,24837.25,90.93800354003906,14.022500038146973
2026-02-24 11:23:00+05:30,33.58000183105469,30369.900390625,2596.199951171875,1280.0,24838.0,90.9574966430664,14.050000190734863
2026-02-24 11:24:00+05:30,33.599998474121094,30388.75,2601.199951171875,1280.0,24839.25,90.9574966430664,14.09000015258789
2026-02-24 11:25:00+05:30,33.59000015258789,30388.150390625,2599.699951171875,1279.800048828125,24837.5,90.9574966430664,14.074999809265137
2026-02-24 11:26:00+05:30,33.61000061035156,30395.150390625,2600.89990234375,1280.300048828125,24835.75,90.95500183105469,14.107500076293945
2026-02-24 11:27:00+05:30,33.599998474121094,30393.150390625,2601.0,1280.300048828125,24837.75,90.9625015258789,14.117500305175781
2026-02-24 11:28:00+05:30,33.599998474121094,30405.849609375,2601.699951171875,1281.0999755859375,24838.5,90.95999908447266,14.079999923706055
2026-02-24 11:29:00+05:30,33.61000061035156,30406.650390625,2602.699951171875,1280.800048828125,24841.0,90.96499633789062,14.0625
2026-02-24 11:30:00+05:30,33.61000061035156,30403.5,2601.5,1281.0999755859375,24840.0,90.9574966430664,14.047499656677246
2026-02-24 11:31:00+05:30,33.599998474121094,30388.900390625,2601.800048828125,1280.199951171875,24838.25,90.93900299072266,14.02750015258789
2026-02-24 11:32:00+05:30,33.59000015258789,30392.75,2602.39990234375,1280.199951171875,24838.0,90.95999908447266,14.032500267028809
2026-02-24 11:33:00+05:30,33.58000183105469,30369.400390625,2600.300048828125,1280.0999755859375,24838.0,90.9574966430664,14.039999961853027
2026-02-24 11:34:00+05:30,33.56999969482422,30368.849609375,2600.300048828125,1279.9000244140625,24838.75,90.9625015258789,14.104999542236328
2026-02-24 11:35:00+05:30,33.56999969482422,30370.849609375,2599.60009765625,1280.0999755859375,24842.25,90.95999908447266,14.112500190734863
2026-02-24 11:36:00+05:30,33.56999969482422,30368.19921875,2599.199951171875,1280.199951171875,24841.25,90.9625015258789,14.142499923706055
2026-02-24 11:37:00+05:30,33.56999969482422,30374.5,2601.10009765625,1280.5,24847.25,90.9574966430664,14.069999694824219
2026-02-24 11:38:00+05:30,33.56999969482422,30368.099609375,2601.5,1280.0999755859375,24850.5,90.9625015258789,14.042499542236328
2026-02-24 11:39:00+05:30,33.560001373291016,30355.0,2601.800048828125,1280.0,24853.25,90.9574966430664,14.039999961853027
2026-02-24 11:40:00+05:30,33.560001373291016,30350.80078125,2601.300048828125,1279.800048828125,24850.0,90.9625015258789,13.96500015258789
2026-02-24 11:41:00+05:30,33.54999923706055,30343.55078125,2599.89990234375,1280.0999755859375,24847.75,90.95999908447266,14.050000190734863
2026-02-24 11:42:00+05:30,33.529998779296875,30329.94921875,2599.39990234375,1280.0,24839.5,90.95999908447266,14.067500114440918
2026-02-24 11:43:00+05:30,33.52000045776367,30319.5,2598.0,1280.0999755859375,24837.75,90.95999908447266,14.085000038146973
2026-02-24 11:44:00+05:30,33.5,30297.900390625,2597.199951171875,1278.300048828125,24837.0,90.95999908447266,14.074999809265137
2026-02-24 11:45:00+05:30,33.5,30304.099609375,2597.300048828125,1278.699951171875,24835.5,90.94000244140625,14.069999694824219
2026-02-24 11:46:00+05:30,33.4900016784668,30289.400390625,2595.60009765625,1278.199951171875,24836.0,90.95999908447266,14.087499618530273
2026-02-24 11:47:00+05:30,33.459999084472656,30266.19921875,2595.699951171875,1277.0999755859375,24845.5,90.95999908447266,14.100000381469727
2026-02-24 11:48:00+05:30,33.459999084472656,30274.44921875,2595.300048828125,1278.199951171875,24850.0,90.95999908447266,14.087499618530273
2026-02-24 11:49:00+05:30,33.4900016784668,30287.80078125,2596.0,1279.5,24847.0,90.9625015258789,14.077500343322754
2026-02-24 11:50:00+05:30,33.459999084472656,30269.349609375,2595.300048828125,1278.199951171875,24842.0,90.9625015258789,14.102499961853027
2026-02-24 11:51:00+05:30,33.470001220703125,30283.44921875,2596.10009765625,1278.5,24830.0,90.94100189208984,14.082500457763672
2026-02-24 11:52:00+05:30,33.47999954223633,30278.349609375,2596.0,1279.0999755859375,24831.25,90.95999908447266,14.072500228881836
2026-02-24 11:53:00+05:30,33.470001220703125,30275.349609375,2595.10009765625,1279.199951171875,24828.75,90.95999908447266,14.0625
2026-02-24 11:54:00+05:30,33.45000076293945,30258.19921875,2594.199951171875,1278.0999755859375,24830.0,90.95999908447266,14.050000190734863
2026-02-24 11:55:00+05:30,33.43000030517578,30236.55078125,2593.800048828125,1277.300048828125,24827.5,90.9625015258789,14.074999809265137
2026-02-24 11:56:00+05:30,33.41999816894531,30221.44921875,2593.300048828125,1276.5999755859375,24825.75,90.9625015258789,14.072500228881836
2026-02-24 11:57:00+05:30,33.400001525878906,30209.05078125,2590.300048828125,1276.0999755859375,24828.5,90.95999908447266,14.102499961853027
2026-02-24 11:58:00+05:30,33.380001068115234,30193.349609375,2590.5,1275.699951171875,24823.5,90.9625015258789,14.164999961853027
2026-02-24 11:59:00+05:30,33.36000061035156,30173.099609375,2587.39990234375,1274.9000244140625,24832.75,90.96499633789062,14.197500228881836
2026-02-24 12:00:00+05:30,33.349998474121094,30180.05078125,2587.300048828125,1275.199951171875,24833.0,90.94599914550781,14.177499771118164
2026-02-24 12:01:00+05:30,33.349998474121094,30163.25,2585.5,1275.199951171875,24826.0,90.94599914550781,14.177499771118164
2026-02-24 12:02:00+05:30,33.34000015258789,30153.94921875,2585.800048828125,1274.699951171875,24829.5,90.95999908447266,14.21500015258789
2026-02-24 12:03:00+05:30,33.310001373291016,30121.599609375,2582.800048828125,1273.0,24830.5,90.95999908447266,14.300000190734863
2026-02-24 12:04:00+05:30,33.29999923706055,30126.400390625,2584.5,1273.0,24835.0,90.94300079345703,14.302499771118164
2026-02-24 12:05:00+05:30,33.29999923706055,30130.30078125,2583.199951171875,1273.0,24831.25,90.95999908447266,14.25
2026-02-24 12:06:00+05:30,33.279998779296875,30101.099609375,2580.10009765625,1272.699951171875,24828.25,90.9625015258789,14.237500190734863
2026-02-24 12:07:00+05:30,33.25,30077.19921875,2575.300048828125,1272.0999755859375,24835.25,90.95999908447266,14.220000267028809
2026-02-24 12:08:00+05:30,33.2400016784668,30064.69921875,2576.89990234375,1271.4000244140625,24835.0,90.9625015258789,14.25
2026-02-24 12:09:00+05:30,33.22999954223633,30054.05078125,2575.5,1271.300048828125,24838.25,90.9574966430664,14.27750015258789
2026-02-24 12:10:00+05:30,33.220001220703125,30043.0,2575.300048828125,1270.0,24837.0,90.95999908447266,14.257499694824219
2026-02-24 12:11:00+05:30,33.20000076293945,30026.900390625,2574.60009765625,1269.0999755859375,24836.0,90.95999908447266,14.3149995803833
2026-02-24 12:12:00+05:30,33.209999084472656,30044.30078125,2575.0,1271.0999755859375,24838.0,90.9625015258789,14.27750015258789
2026-02-24 12:13:00+05:30,33.25,30070.94921875,2576.5,1272.0,24841.5,90.95999908447266,14.227499961853027
2026-02-24 12:14:00+05:30,33.25,30080.19921875,2578.89990234375,1272.699951171875,24839.5,90.96499633789062,14.262499809265137
2026-02-24 12:15:00+05:30,33.22999954223633,30057.44921875,2577.60009765625,1272.699951171875,24835.5,90.9625015258789,14.2524995803833
2026-02-24 12:16:00+05:30,33.220001220703125,30051.349609375,2578.5,1272.199951171875,24840.0,90.9625015258789,14.255000114440918
2026-02-24 12:17:00+05:30,33.22999954223633,30058.400390625,2580.0,1273.0999755859375,24841.0,90.96499633789062,14.2475004196167
2026-02-24 12:18:00+05:30,33.2599983215332,30086.75,2581.89990234375,1274.5,24840.0,90.95999908447266,14.244999885559082
2026-02-24 12:19:00+05:30,33.2400016784668,30068.599609375,2581.10009765625,1274.0,24843.0,90.95999908447266,14.295000076293945
2026-02-24 12:20:00+05:30,33.22999954223633,30054.599609375,2580.199951171875,1273.5,24840.0,90.97000122070312,14.345000267028809
2026-02-24 12:21:00+05:30,33.220001220703125,30047.849609375,2578.39990234375,1273.0,24837.75,90.95999908447266,14.322500228881836
2026-02-24 12:22:00+05:30,33.20000076293945,30030.94921875,2577.60009765625,1272.300048828125,24838.5,90.96499633789062,14.329999923706055
2026-02-24 12:23:00+05:30,33.16999816894531,30006.94921875,2574.60009765625,1271.300048828125,24835.0,90.95999908447266,14.324999809265137
2026-02-24 12:24:00+05:30,33.20000076293945,30034.30078125,2578.199951171875,1271.5,24833.75,90.95999908447266,14.342499732971191
2026-02-24 12:25:00+05:30,33.2400016784668,30064.25,2582.699951171875,1272.5,24833.25,90.9574966430664,14.300000190734863
2026-02-24 12:26:00+05:30,33.22999954223633,30052.44921875,2580.5,1272.0,24837.0,90.9625015258789,14.287500381469727
2026-02-24 12:27:00+05:30,33.209999084472656,30035.099609375,2579.89990234375,1271.0999755859375,24839.0,90.9625015258789,14.337499618530273
2026-02-24 12:28:00+05:30,33.22999954223633,30053.19921875,2582.60009765625,1271.9000244140625,24840.25,90.9574966430664,14.307499885559082
2026-02-24 12:29:00+05:30,33.20000076293945,30037.05078125,2581.699951171875,1271.0999755859375,24837.75,90.95500183105469,14.27750015258789
2026-02-24 12:30:00+05:30,33.220001220703125,30060.05078125,2583.199951171875,1272.5,24836.75,90.95999908447266,14.287500381469727
2026-02-24 12:31:00+05:30,33.22999954223633,30052.30078125,2583.300048828125,1271.5,24846.5,90.9625015258789,14.305000305175781
2026-02-24 12:32:00+05:30,33.220001220703125,30050.94921875,2582.800048828125,1271.0,24854.0,90.95999908447266,14.297499656677246
2026-02-24 12:33:00+05:30,33.20000076293945,30033.80078125,2581.5,1268.800048828125,24851.75,90.94999694824219,14.345000267028809
2026-02-24 12:34:00+05:30,33.20000076293945,30030.650390625,2582.199951171875,1269.0,24843.5,90.95500183105469,14.3149995803833
2026-02-24 12:35:00+05:30,33.209999084472656,30034.75,2583.0,1269.0,24852.0,90.9574966430664,14.332500457763672
2026-02-24 12:36:00+05:30,33.20000076293945,30026.94921875,2580.199951171875,1268.9000244140625,24857.25,90.9625015258789,14.305000305175781
2026-02-24 12:37:00+05:30,33.20000076293945,30027.94921875,2580.0,1269.199951171875,24856.25,90.95999908447266,14.329999923706055
2026-02-24 12:38:00+05:30,33.18000030517578,30009.599609375,2579.199951171875,1266.9000244140625,24854.75,90.9574966430664,14.317500114440918
2026-02-24 12:39:00+05:30,33.16999816894531,30001.05078125,2578.0,1266.9000244140625,24857.5,90.95999908447266,14.302499771118164
2026-02-24 12:40:00+05:30,33.150001525878906,29982.150390625,2578.300048828125,1266.5999755859375,24855.0,90.95999908447266,14.3125
2026-02-24 12:41:00+05:30,33.130001068115234,29965.400390625,2576.199951171875,1266.300048828125,24855.0,90.95999908447266,14.317500114440918
2026-02-24 12:42:00+05:30,33.119998931884766,29958.25,2575.800048828125,1266.0,24856.75,90.9625015258789,14.335000038146973
2026-02-24 12:43:00+05:30,33.119998931884766,29955.5,2576.39990234375,1266.4000244140625,24853.25,90.96749877929688,14.350000381469727
2026-02-24 12:44:00+05:30,33.11000061035156,29943.349609375,2575.60009765625,1266.0999755859375,24857.75,90.9625015258789,14.367500305175781
2026-02-24 12:45:00+05:30,33.099998474121094,29934.75,2573.39990234375,1265.800048828125,24854.75,90.95999908447266,14.387499809265137
2026-02-24 12:46:00+05:30,33.06999969482422,29921.44921875,2570.89990234375,1265.300048828125,24852.5,90.95500183105469,14.4350004196167
2026-02-24 12:47:00+05:30,33.08000183105469,29933.599609375,2570.699951171875,1265.5999755859375,24850.0,90.9574966430664,14.52750015258789
2026-02-24 12:48:00+05:30,33.08000183105469,29920.099609375,2569.0,1265.9000244140625,24851.75,90.93900299072266,14.512499809265137
2026-02-24 12:49:00+05:30,33.09000015258789,29925.55078125,2569.89990234375,1266.0,24851.75,90.95500183105469,14.567500114440918
2026-02-24 12:50:00+05:30,33.08000183105469,29938.80078125,2569.699951171875,1266.800048828125,24851.0,90.95249938964844,14.607500076293945
2026-02-24 12:51:00+05:30,33.08000183105469,29921.0,2569.199951171875,1266.4000244140625,24850.25,90.94000244140625,14.555000305175781
2026-02-24 12:52:00+05:30,33.06999969482422,29916.599609375,2570.5,1265.9000244140625,24850.75,90.94999694824219,14.539999961853027
2026-02-24 12:53:00+05:30,33.09000015258789,29926.69921875,2572.0,1267.800048828125,24848.75,90.94999694824219,14.587499618530273
2026-02-24 12:54:00+05:30,33.11000061035156,29959.30078125,2573.0,1269.5,24851.0,90.95500183105469,14.494999885559082
2026-02-24 12:55:00+05:30,33.119998931884766,29958.599609375,2573.60009765625,1269.5,24850.0,90.9574966430664,14.46500015258789
2026-02-24 12:56:00+05:30,33.119998931884766,29962.349609375,2572.699951171875,1269.199951171875,24852.25,90.95500183105469,14.427499771118164
2026-02-24 12:57:00+05:30,33.11000061035156,29944.5,2572.39990234375,1268.5999755859375,24859.25,90.95500183105469,14.47249984741211
2026-02-24 12:58:00+05:30,33.099998474121094,29942.099609375,2571.300048828125,1269.300048828125,24860.5,90.9574966430664,14.547499656677246
2026-02-24 12:59:00+05:30,33.119998931884766,29953.55078125,2573.0,1269.5,24859.75,90.94999694824219,14.489999771118164
2026-02-24 13:00:00+05:30,33.09000015258789,29945.19921875,2572.39990234375,1269.4000244140625,24862.0,90.93299865722656,14.487500190734863
2026-02-24 13:01:00+05:30,33.119998931884766,29963.80078125,2572.60009765625,1270.0,24863.0,90.94999694824219,14.475000381469727
2026-02-24 13:02:00+05:30,33.11000061035156,29950.25,2571.5,1269.800048828125,24866.5,90.94999694824219,14.417499542236328
2026-02-24 13:03:00+05:30,33.130001068115234,29972.150390625,2573.0,1270.199951171875,24860.25,90.95500183105469,14.3774995803833
2026-02-24 13:04:00+05:30,33.16999816894531,30001.0,2574.39990234375,1270.699951171875,24858.25,90.94999694824219,14.380000114440918
2026-02-24 13:05:00+05:30,33.150001525878906,29984.55078125,2573.800048828125,1269.5999755859375,24855.25,90.95249938964844,14.362500190734863
2026-02-24 13:06:00+05:30,33.13999938964844,29974.44921875,2572.699951171875,1269.5999755859375,24852.0,90.93299865722656,14.390000343322754
2026-02-24 13:07:00+05:30,33.13999938964844,29976.05078125,2573.800048828125,1270.0,24850.5,90.94999694824219,14.430000305175781
2026-02-24 13:08:00+05:30,33.150001525878906,29986.900390625,2574.10009765625,1270.4000244140625,24850.75,90.94750213623047,14.369999885559082
2026-02-24 13:09:00+05:30,33.150001525878906,29974.19921875,2574.10009765625,1269.699951171875,24849.0,90.94750213623047,14.3725004196167
2026-02-24 13:10:00+05:30,33.119998931884766,29965.0,2572.5,1269.300048828125,24847.75,90.94999694824219,14.399999618530273
2026-02-24 13:11:00+05:30,33.13999938964844,29983.55078125,2572.60009765625,1270.5999755859375,24851.25,90.94999694824219,14.3725004196167
2026-02-24 13:12:00+05:30,33.150001525878906,29991.55078125,2572.39990234375,1271.5999755859375,24847.25,90.95249938964844,14.34000015258789
2026-02-24 13:13:00+05:30,33.15999984741211,30006.0,2573.60009765625,1272.0999755859375,24837.75,90.94999694824219,14.352499961853027
2026-02-24 13:14:00+05:30,33.13999938964844,29976.849609375,2573.300048828125,1270.800048828125,24835.25,90.95500183105469,14.345000267028809
2026-02-24 13:15:00+05:30,33.119998931884766,29955.30078125,2570.89990234375,1270.699951171875,24833.25,90.94999694824219,14.359999656677246
2026-02-24 13:16:00+05:30,33.11000061035156,29953.650390625,2570.60009765625,1270.0,24836.5,90.95500183105469,14.3774995803833
2026-02-24 13:17:00+05:30,33.130001068115234,29967.30078125,2572.800048828125,1270.5999755859375,24834.5,90.9625015258789,14.375
2026-02-24 13:18:00+05:30,33.13999938964844,29974.19921875,2573.800048828125,1271.4000244140625,24833.25,90.95999908447266,14.375
2026-02-24 13:19:00+05:30,33.119998931884766,29964.349609375,2573.300048828125,1271.300048828125,24837.25,90.9574966430664,14.369999885559082
2026-02-24 13:20:00+05:30,33.09000015258789,29930.900390625,2570.10009765625,1270.5999755859375,24845.0,90.9574966430664,14.34749984741211
2026-02-24 13:21:00+05:30,33.09000015258789,29936.900390625,2570.199951171875,1270.5999755859375,24842.75,90.9574966430664,14.397500038146973
2026-02-24 13:22:00+05:30,33.09000015258789,29929.69921875,2568.39990234375,1270.5,24842.25,90.9574966430664,14.477499961853027
2026-02-24 13:23:00+05:30,33.08000183105469,29928.0,2567.800048828125,1270.300048828125,24842.5,90.95999908447266,14.492500305175781
2026-02-24 13:24:00+05:30,33.060001373291016,29909.150390625,2565.10009765625,1269.5999755859375,24839.75,90.9574966430664,14.595000267028809
2026-02-24 13:25:00+05:30,33.060001373291016,29894.94921875,2564.10009765625,1269.9000244140625,24840.5,90.95249938964844,14.6225004196167
2026-02-24 13:26:00+05:30,33.04999923706055,29898.19921875,2565.0,1269.9000244140625,24837.0,90.95249938964844,14.5649995803833
2026-02-24 13:27:00+05:30,33.060001373291016,29906.69921875,2564.5,1270.800048828125,24839.75,90.95249938964844,14.507499694824219
2026-02-24 13:28:00+05:30,33.060001373291016,29905.94921875,2565.199951171875,1270.5999755859375,24833.5,90.94999694824219,14.572500228881836
2026-02-24 13:29:00+05:30,33.06999969482422,29910.55078125,2564.89990234375,1270.0999755859375,24833.25,90.94999694824219,14.649999618530273
2026-02-24 13:30:00+05:30,33.040000915527344,29890.69921875,2563.199951171875,1269.5999755859375,24811.0,90.95249938964844,14.765000343322754
2026-02-24 13:31:00+05:30,33.04999923706055,29892.30078125,2564.199951171875,1269.300048828125,24803.25,90.94999694824219,14.807499885559082
2026-02-24 13:32:00+05:30,33.040000915527344,29883.44921875,2563.39990234375,1269.4000244140625,24804.5,90.94750213623047,14.885000228881836
2026-02-24 13:33:00+05:30,33.040000915527344,29904.849609375,2564.60009765625,1270.0,24811.0,90.94750213623047,14.835000038146973
2026-02-24 13:34:00+05:30,33.06999969482422,29907.900390625,2564.699951171875,1270.199951171875,24803.0,90.95249938964844,14.842499732971191
2026-02-24 13:35:00+05:30,33.060001373291016,29903.900390625,2564.699951171875,1270.0999755859375,24811.25,90.9260025024414,14.852499961853027
2026-02-24 13:36:00+05:30,33.04999923706055,29890.650390625,2564.300048828125,1269.0,24807.25,90.94499969482422,14.932499885559082
2026-02-24 13:37:00+05:30,33.04999923706055,29917.599609375,2566.800048828125,1270.0999755859375,24804.75,90.927001953125,14.882499694824219
2026-02-24 13:38:00+05:30,33.11000061035156,29947.0,2570.300048828125,1271.800048828125,24794.75,90.94000244140625,14.672499656677246
2026-02-24 13:39:00+05:30,33.13999938964844,29984.05078125,2573.199951171875,1273.0999755859375,24803.0,90.91600036621094,14.595000267028809
2026-02-24 13:40:00+05:30,33.13999938964844,29977.900390625,2574.89990234375,1272.800048828125,24792.0,90.94000244140625,14.664999961853027
2026-02-24 13:41:00+05:30,33.13999938964844,29975.349609375,2574.5,1272.800048828125,24788.25,90.92500305175781,14.77750015258789
2026-02-24 13:42:00+05:30,33.15999984741211,29993.25,2575.10009765625,1273.699951171875,24799.0,90.94499969482422,14.71500015258789
2026-02-24 13:43:00+05:30,33.15999984741211,29994.80078125,2576.0,1274.199951171875,24798.75,90.94499969482422,14.789999961853027
2026-02-24 13:44:00+05:30,33.15999984741211,29990.349609375,2576.10009765625,1273.699951171875,24793.25,90.94000244140625,14.75
2026-02-24 13:45:00+05:30,33.15999984741211,29996.80078125,2577.0,1274.0,24790.0,90.94000244140625,14.712499618530273
2026-02-24 13:46:00+05:30,33.150001525878906,29986.099609375,2576.60009765625,1274.199951171875,24800.0,90.9375,14.757499694824219
2026-02-24 13:47:00+05:30,33.15999984741211,29992.05078125,2577.0,1274.300048828125,24787.75,90.9375,14.800000190734863
2026-02-24 13:48:00+05:30,33.130001068115234,29982.5,2577.10009765625,1274.0,24780.25,90.94249725341797,14.835000038146973
2026-02-24 13:49:00+05:30,33.16999816894531,29999.849609375,2577.699951171875,1274.199951171875,24789.75,90.94000244140625,14.852499961853027
2026-02-24 13:50:00+05:30,33.15999984741211,29994.400390625,2577.0,1274.0999755859375,24782.75,90.94249725341797,14.862500190734863
2026-02-24 13:51:00+05:30,33.18000030517578,30008.69921875,2578.60009765625,1275.0,24791.25,90.9375,14.852499961853027
2026-02-24 13:52:00+05:30,33.15999984741211,29997.80078125,2579.0,1275.0,24804.75,90.94000244140625,14.84000015258789
2026-02-24 13:53:00+05:30,33.150001525878906,30001.25,2578.10009765625,1275.0,24813.5,90.94000244140625,14.817500114440918
2026-02-24 13:54:00+05:30,33.150001525878906,30002.849609375,2578.699951171875,1275.300048828125,24811.75,90.94999694824219,14.767499923706055
2026-02-24 13:55:00+05:30,33.20000076293945,30032.599609375,2580.699951171875,1277.0,24813.75,90.94999694824219,14.667499542236328
2026-02-24 13:56:00+05:30,33.20000076293945,30033.30078125,2581.89990234375,1276.0999755859375,24805.25,90.95249938964844,14.572500228881836
2026-02-24 13:57:00+05:30,33.209999084472656,30042.099609375,2581.199951171875,1277.4000244140625,24806.0,90.94999694824219,14.529999732971191
2026-02-24 13:58:00+05:30,33.189998626708984,30023.849609375,2579.199951171875,1276.5999755859375,24804.25,90.94999694824219,14.542499542236328
2026-02-24 13:59:00+05:30,33.220001220703125,30060.599609375,2581.0,1277.199951171875,24807.25,90.94499969482422,14.5625
2026-02-24 14:00:00+05:30,33.220001220703125,30046.599609375,2581.300048828125,1276.199951171875,24816.0,90.94499969482422,14.569999694824219
2026-02-24 14:01:00+05:30,33.189998626708984,30019.150390625,2580.0,1275.0999755859375,24815.25,90.94999694824219,14.697500228881836
2026-02-24 14:02:00+05:30,33.189998626708984,30021.650390625,2580.5,1274.5,24806.0,90.94999694824219,14.617500305175781
2026-02-24 14:03:00+05:30,33.15999984741211,29992.55078125,2579.10009765625,1273.0,24797.75,90.95500183105469,14.667499542236328
2026-02-24 14:04:00+05:30,33.150001525878906,29989.5,2579.800048828125,1272.5999755859375,24795.25,90.95500183105469,14.720000267028809
2026-02-24 14:05:00+05:30,33.18000030517578,30018.400390625,2581.39990234375,1274.4000244140625,24781.25,90.95999908447266,14.742500305175781
2026-02-24 14:06:00+05:30,33.18000030517578,30023.099609375,2582.300048828125,1274.0,24787.0,90.9625015258789,14.720000267028809
2026-02-24 14:07:00+05:30,33.209999084472656,30046.05078125,2584.5,1274.300048828125,24794.0,90.9625015258789,14.662500381469727
2026-02-24 14:08:00+05:30,33.220001220703125,30050.19921875,2585.0,1273.9000244140625,24790.5,90.95500183105469,14.662500381469727
2026-02-24 14:09:00+05:30,33.220001220703125,30047.5,2585.199951171875,1274.0999755859375,24796.25,90.95999908447266,14.577500343322754
2026-02-24 14:10:00+05:30,33.2400016784668,30070.55078125,2587.300048828125,1275.0,24794.25,90.9625015258789,14.5600004196167
2026-02-24 14:11:00+05:30,33.25,30080.75,2589.39990234375,1275.0,24791.5,90.95999908447266,14.484999656677246
2026-02-24 14:12:00+05:30,33.2599983215332,30080.69921875,2587.0,1275.300048828125,24784.0,90.96749877929688,14.47249984741211
2026-02-24 14:13:00+05:30,33.209999084472656,30040.650390625,2585.0,1274.9000244140625,24783.75,90.9625015258789,14.425000190734863
2026-02-24 14:14:00+05:30,33.209999084472656,30057.099609375,2585.39990234375,1275.0999755859375,24787.5,90.95999908447266,14.395000457763672
2026-02-24 14:15:00+05:30,33.22999954223633,30056.55078125,2585.699951171875,1276.0,24786.75,90.9574966430664,14.425000190734863
2026-02-24 14:16:00+05:30,33.2400016784668,30066.599609375,2588.199951171875,1275.5,24781.25,90.9625015258789,14.427499771118164
2026-02-24 14:17:00+05:30,33.2400016784668,30075.94921875,2585.39990234375,1275.5,24771.5,90.95999908447266,14.492500305175781
2026-02-24 14:18:00+05:30,33.25,30063.25,2585.39990234375,1274.800048828125,24765.75,90.9574966430664,14.475000381469727
2026-02-24 14:19:00+05:30,33.22999954223633,30055.30078125,2585.0,1274.5,24762.75,90.9574966430664,14.524999618530273
2026-02-24 14:20:00+05:30,33.2400016784668,30062.650390625,2584.300048828125,1274.0999755859375,24766.5,90.9574966430664,14.5024995803833
2026-02-24 14:21:00+05:30,33.25,30072.30078125,2584.5,1275.0,24763.25,90.9574966430664,14.520000457763672
2026-02-24 14:22:00+05:30,33.2400016784668,30060.94921875,2583.699951171875,1274.0999755859375,24765.5,90.93599700927734,14.529999732971191
2026-02-24 14:23:00+05:30,33.20000076293945,30028.94921875,2580.10009765625,1273.0999755859375,24771.25,90.9574966430664,14.522500038146973
2026-02-24 14:24:00+05:30,33.189998626708984,30026.44921875,2578.300048828125,1273.300048828125,24770.75,90.93900299072266,14.59749984741211
2026-02-24 14:25:00+05:30,33.189998626708984,30022.44921875,2580.199951171875,1273.5,24785.5,90.96749877929688,14.517499923706055
2026-02-24 14:26:00+05:30,33.20000076293945,30030.400390625,2580.699951171875,1273.9000244140625,24789.25,90.9625015258789,14.53499984741211
2026-02-24 14:27:00+05:30,33.189998626708984,30022.30078125,2579.699951171875,1273.5,24790.5,90.96499633789062,14.515000343322754
2026-02-24 14:28:00+05:30,33.189998626708984,30025.900390625,2579.60009765625,1273.5999755859375,24792.25,90.94000244140625,14.4975004196167
2026-02-24 14:29:00+05:30,33.20000076293945,30026.05078125,2579.800048828125,1274.0,24791.75,90.96499633789062,14.529999732971191
2026-02-24 14:30:00+05:30,33.16999816894531,30010.400390625,2578.199951171875,1274.0999755859375,24795.25,90.94499969482422,14.574999809265137
2026-02-24 14:31:00+05:30,33.16999816894531,30011.0,2578.800048828125,1274.0999755859375,24803.0,90.94100189208984,14.52750015258789
2026-02-24 14:32:00+05:30,33.15999984741211,29990.75,2576.699951171875,1274.0,24812.25,90.9625015258789,14.604999542236328
2026-02-24 14:33:00+05:30,33.13999938964844,29978.650390625,2575.0,1274.0999755859375,24807.0,90.95999908447266,14.595000267028809
2026-02-24 14:34:00+05:30,33.13999938964844,29975.900390625,2574.60009765625,1273.699951171875,24803.25,90.95999908447266,14.647500038146973
2026-02-24 14:35:00+05:30,33.16999816894531,29997.30078125,2576.300048828125,1274.5,24799.25,90.9625015258789,14.574999809265137
2026-02-24 14:36:00+05:30,33.15999984741211,29992.400390625,2574.5,1274.0,24804.75,90.96499633789062,14.567500114440918
2026-02-24 14:37:00+05:30,33.15999984741211,29995.650390625,2575.5,1274.0999755859375,24806.75,90.95999908447266,14.529999732971191
2026-02-24 14:38:00+05:30,33.18000030517578,30024.05078125,2577.39990234375,1274.800048828125,24810.25,90.96499633789062,14.492500305175781
2026-02-24 14:39:00+05:30,33.189998626708984,30021.30078125,2576.800048828125,1275.0,24815.75,90.9625015258789,14.487500190734863
2026-02-24 14:40:00+05:30,33.189998626708984,30026.80078125,2576.699951171875,1275.5,24815.5,90.95999908447266,14.427499771118164
2026-02-24 14:41:00+05:30,33.20000076293945,30033.69921875,2577.5,1276.0999755859375,24819.0,90.9625015258789,14.430000305175781
2026-02-24 14:42:00+05:30,33.220001220703125,30050.349609375,2577.699951171875,1276.199951171875,24824.75,90.93099975585938,14.4399995803833
2026-02-24 14:43:00+05:30,33.20000076293945,30030.75,2575.39990234375,1276.199951171875,24826.75,90.94200134277344,14.4375
2026-02-24 14:44:00+05:30,33.18000030517578,30010.150390625,2575.0,1275.0,24837.5,90.93499755859375,14.52750015258789
2026-02-24 14:45:00+05:30,33.15999984741211,29993.69921875,2573.60009765625,1273.0999755859375,24834.25,90.95999908447266,14.595000267028809
2026-02-24 14:46:00+05:30,33.16999816894531,30009.099609375,2576.0,1273.699951171875,24839.0,90.94200134277344,14.569999694824219
2026-02-24 14:47:00+05:30,33.16999816894531,30008.80078125,2576.10009765625,1273.4000244140625,24837.25,90.96499633789062,14.5625
2026-02-24 14:48:00+05:30,33.16999816894531,29998.349609375,2576.10009765625,1272.5,24835.25,90.95999908447266,14.494999885559082
2026-02-24 14:49:00+05:30,33.18000030517578,30008.75,2577.699951171875,1272.4000244140625,24828.0,90.9625015258789,14.4350004196167
2026-02-24 14:50:00+05:30,33.18000030517578,30012.44921875,2578.10009765625,1273.0,24833.25,90.9625015258789,14.392499923706055
2026-02-24 14:51:00+05:30,33.16999816894531,30005.19921875,2577.699951171875,1272.5,24830.75,90.93900299072266,14.3774995803833
2026-02-24 14:52:00+05:30,33.16999816894531,29996.80078125,2575.5,1272.199951171875,24826.75,90.9625015258789,14.317500114440918
2026-02-24 14:53:00+05:30,33.119998931884766,29955.349609375,2574.0,1270.4000244140625,24824.5,90.9625015258789,14.350000381469727
2026-02-24 14:54:00+05:30,33.130001068115234,29968.599609375,2574.10009765625,1271.0999755859375,24825.75,90.9625015258789,14.34749984741211
2026-02-24 14:55:00+05:30,33.119998931884766,29956.150390625,2573.199951171875,1270.699951171875,24830.0,90.96499633789062,14.337499618530273
2026-02-24 14:56:00+05:30,33.130001068115234,29965.44921875,2573.800048828125,1271.199951171875,24824.75,90.94300079345703,14.319999694824219
2026-02-24 14:57:00+05:30,33.130001068115234,29962.19921875,2572.10009765625,1272.0,24825.75,90.96749877929688,14.322500228881836
2026-02-24 14:58:00+05:30,33.119998931884766,29954.44921875,2570.199951171875,1272.4000244140625,24827.0,90.95999908447266,14.329999923706055
2026-02-24 14:59:00+05:30,33.119998931884766,29962.75,2569.89990234375,1272.800048828125,24825.25,90.95999908447266,14.289999961853027
2026-02-24 15:00:00+05:30,33.150001525878906,29981.80078125,2571.39990234375,1272.699951171875,24820.25,90.9574966430664,14.282500267028809
2026-02-24 15:01:00+05:30,33.15999984741211,29996.0,2572.89990234375,1272.800048828125,24815.5,90.9574966430664,14.302499771118164
2026-02-24 15:02:00+05:30,33.150001525878906,29982.650390625,2571.60009765625,1272.5999755859375,24809.5,90.9574966430664,14.282500267028809
2026-02-24 15:03:00+05:30,33.150001525878906,29981.599609375,2571.10009765625,1272.5,24811.0,90.95500183105469,14.337499618530273
2026-02-24 15:04:00+05:30,33.15999984741211,29991.650390625,2570.699951171875,1271.9000244140625,24806.5,90.95500183105469,14.335000038146973
2026-02-24 15:05:00+05:30,33.15999984741211,30015.650390625,2571.10009765625,1273.5999755859375,24794.25,90.95999908447266,14.27750015258789
2026-02-24 15:06:00+05:30,33.189998626708984,30017.400390625,2571.0,1273.5999755859375,24814.0,90.9574966430664,14.239999771118164
2026-02-24 15:07:00+05:30,33.16999816894531,30009.849609375,2569.800048828125,1274.800048828125,24810.0,90.95500183105469,14.307499885559082
2026-02-24 15:08:00+05:30,33.18000030517578,30012.25,2570.0,1274.199951171875,24814.25,90.95999908447266,14.307499885559082
2026-02-24 15:09:00+05:30,33.18000030517578,30004.599609375,2570.199951171875,1273.4000244140625,24820.0,90.95999908447266,14.282500267028809
2026-02-24 15:10:00+05:30,33.189998626708984,30030.55078125,2571.0,1275.199951171875,24826.75,90.9574966430664,14.272500038146973
2026-02-24 15:11:00+05:30,33.20000076293945,30034.05078125,2571.699951171875,1275.5999755859375,24826.5,90.95999908447266,14.212499618530273
2026-02-24 15:12:00+05:30,33.220001220703125,30051.349609375,2573.39990234375,1276.0999755859375,24826.75,90.93199920654297,14.194999694824219
2026-02-24 15:13:00+05:30,33.220001220703125,30071.099609375,2573.199951171875,1277.300048828125,24828.5,90.9574966430664,14.142499923706055
2026-02-24 15:14:00+05:30,33.2400016784668,30072.150390625,2574.800048828125,1277.199951171875,24828.5,90.9625015258789,14.109999656677246
2026-02-24 15:15:00+05:30,33.2400016784668,30069.150390625,2575.39990234375,1276.5,24826.25,90.93199920654297,14.182499885559082
2026-02-24 15:16:00+05:30,33.25,30092.400390625,2577.0,1276.9000244140625,24825.5,90.9625015258789,14.140000343322754
2026-02-24 15:17:00+05:30,33.25,30099.05078125,2577.699951171875,1277.0,24831.0,90.96499633789062,14.117500305175781
2026-02-24 15:18:00+05:30,33.2400016784668,30090.44921875,2577.199951171875,1276.800048828125,24836.25,90.95999908447266,13.970000267028809
2026-02-24 15:19:00+05:30,33.25,30100.099609375,2577.60009765625,1277.0999755859375,24837.0,90.9625015258789,13.987500190734863
2026-02-24 15:20:00+05:30,33.27000045776367,30098.30078125,2577.5,1277.9000244140625,24841.5,90.95999908447266,13.957500457763672
2026-02-24 15:21:00+05:30,33.25,30074.900390625,2575.0,1275.199951171875,24839.25,90.9625015258789,14.02750015258789
2026-02-24 15:22:00+05:30,33.2599983215332,30095.650390625,2575.0,1277.0999755859375,24835.25,90.95999908447266,14.029999732971191
2026-02-24 15:23:00+05:30,33.27000045776367,30106.650390625,2574.800048828125,1278.0,24837.5,90.95999908447266,14.03499984741211
2026-02-24 15:24:00+05:30,33.279998779296875,30113.05078125,2574.39990234375,1278.0,24838.75,90.94999694824219,14.024999618530273
2026-02-24 15:25:00+05:30,33.290000915527344,30109.349609375,2575.699951171875,1278.199951171875,24840.0,90.9574966430664,13.987500190734863
2026-02-24 15:26:00+05:30,33.290000915527344,30110.099609375,2575.199951171875,1278.0999755859375,24846.25,90.95500183105469,14.012499809265137
2026-02-24 15:27:00+05:30,33.310001373291016,30126.55078125,2578.0,1278.9000244140625,24847.0,90.94999694824219,13.970000267028809
2026-02-24 15:28:00+05:30,33.310001373291016,30138.0,2579.89990234375,1278.699951171875,24846.0,90.94999694824219,13.984999656677246
2026-02-24 15:29:00+05:30,33.349998474121094,30160.0,2582.0,1280.4000244140625,24846.5,90.94999694824219,13.987500190734863
2026-02-24 15:30:00+05:30,33.349998474121094,30160.0,2582.0,1280.4000244140625,24849.25,90.94999694824219,13.987500190734863
2026-02-25 09:00:00+05:30,33.349998474121094,30160.0,2582.0,1280.4000244140625,25075.25,90.91999816894531,13.987500190734863
2026-02-25 09:01:00+05:30,33.349998474121094,30160.0,2582.0,1280.4000244140625,25060.25,90.89199829101562,13.987500190734863
2026-02-25 09:02:00+05:30,33.349998474121094,30160.0,2582.0,1280.4000244140625,25058.5,90.91999816894531,13.987500190734863
2026-02-25 09:03:00+05:30,33.349998474121094,30160.0,2582.0,1280.4000244140625,25025.25,90.90499877929688,13.987500190734863
2026-02-25 09:04:00+05:30,33.349998474121094,30160.0,2582.0,1280.4000244140625,25041.5,90.91000366210938,13.987500190734863
2026-02-25 09:05:00+05:30,33.349998474121094,30160.0,2582.0,1280.4000244140625,25039.0,90.93000030517578,13.987500190734863
2026-02-25 09:06:00+05:30,33.349998474121094,30160.0,2582.0,1280.4000244140625,25041.5,90.93250274658203,13.987500190734863
2026-02-25 09:07:00+05:30,33.349998474121094,30160.0,2582.0,1280.4000244140625,25048.75,90.89900207519531,13.987500190734863
2026-02-25 09:08:00+05:30,33.349998474121094,30160.0,2582.0,1280.4000244140625,25051.0,90.93250274658203,13.987500190734863
2026-02-25 09:09:00+05:30,33.349998474121094,30160.0,2582.0,1280.4000244140625,25044.5,90.91200256347656,13.987500190734863
2026-02-25 09:10:00+05:30,33.349998474121094,30160.0,2582.0,1280.4000244140625,25050.5,90.93250274658203,13.987500190734863
2026-02-25 09:11:00+05:30,33.349998474121094,30160.0,2582.0,1280.4000244140625,25055.0,90.93499755859375,13.987500190734863
2026-02-25 09:12:00+05:30,33.349998474121094,30160.0,2582.0,1280.4000244140625,25056.75,90.93250274658203,13.987500190734863
2026-02-25 09:13:00+05:30,33.349998474121094,30160.0,2582.0,1280.4000244140625,25065.5,90.93000030517578,13.987500190734863
2026-02-25 09:14:00+05:30,33.349998474121094,30160.0,2582.0,1280.4000244140625,25058.0,90.92749786376953,13.987500190734863
2026-02-25 09:15:00+05:30,34.029998779296875,30832.099609375,2631.60009765625,1300.9000244140625,25056.75,90.93000030517578,13.789999961853027
2026-02-25 09:16:00+05:30,33.91999816894531,30731.0,2632.800048828125,1297.9000244140625,25059.0,90.90799713134766,13.607500076293945
2026-02-25 09:17:00+05:30,34.04999923706055,30846.25,2643.10009765625,1304.4000244140625,25065.25,90.92250061035156,13.600000381469727
2026-02-25 09:18:00+05:30,34.040000915527344,30834.69921875,2636.10009765625,1305.699951171875,25064.25,90.91999816894531,13.574999809265137
2026-02-25 09:19:00+05:30,34.08000183105469,30915.0,2644.800048828125,1309.5,25063.0,90.92250061035156,13.479999542236328
2026-02-25 09:20:00+05:30,34.119998931884766,30893.5,2645.10009765625,1308.199951171875,25067.5,90.92250061035156,13.452500343322754
2026-02-25 09:21:00+05:30,34.060001373291016,30830.80078125,2641.0,1303.5,25070.75,90.93000030517578,13.382499694824219
2026-02-25 09:22:00+05:30,34.0099983215332,30772.44921875,2636.10009765625,1303.4000244140625,25072.25,90.92250061035156,13.422499656677246
2026-02-25 09:23:00+05:30,34.029998779296875,30797.30078125,2638.39990234375,1303.4000244140625,25070.0,90.91999816894531,13.454999923706055
2026-02-25 09:24:00+05:30,33.9900016784668,30752.849609375,2635.699951171875,1300.800048828125,25073.75,90.92250061035156,13.272500038146973
2026-02-25 09:25:00+05:30,33.91999816894531,30671.05078125,2628.0,1298.0,25070.75,90.9175033569336,13.197500228881836
2026-02-25 09:26:00+05:30,33.95000076293945,30716.5,2632.699951171875,1299.0999755859375,25079.75,90.9175033569336,13.1899995803833
2026-02-25 09:27:00+05:30,33.959999084472656,30718.25,2634.0,1300.5,25072.75,90.9175033569336,13.170000076293945
2026-02-25 09:28:00+05:30,33.91999816894531,30690.650390625,2630.89990234375,1298.800048828125,25071.5,90.9175033569336,13.210000038146973
2026-02-25 09:29:00+05:30,33.970001220703125,30736.0,2637.60009765625,1300.5999755859375,25066.75,90.9124984741211,13.197500228881836
2026-02-25 09:30:00+05:30,33.900001525878906,30676.900390625,2630.800048828125,1299.5,25062.25,90.91000366210938,13.175000190734863
2026-02-25 09:31:00+05:30,33.849998474121094,30617.80078125,2628.0,1296.0999755859375,25055.25,90.9000015258789,13.199999809265137
2026-02-25 09:32:00+05:30,33.880001068115234,30679.25,2629.60009765625,1301.199951171875,25051.75,90.8949966430664,13.257499694824219
2026-02-25 09:33:00+05:30,33.95000076293945,30724.0,2633.39990234375,1303.5,25049.25,90.8949966430664,13.300000190734863
2026-02-25 09:34:00+05:30,33.939998626708984,30740.5,2632.300048828125,1304.9000244140625,25055.0,90.88749694824219,13.199999809265137
2026-02-25 09:35:00+05:30,33.939998626708984,30699.5,2627.39990234375,1303.4000244140625,25055.25,90.88249969482422,13.175000190734863
2026-02-25 09:36:00+05:30,33.93000030517578,30689.099609375,2625.0,1302.4000244140625,25052.25,90.89749908447266,13.1274995803833
2026-02-25 09:37:00+05:30,33.91999816894531,30675.849609375,2625.800048828125,1303.4000244140625,25051.5,90.87999725341797,13.147500038146973
2026-02-25 09:38:00+05:30,33.849998474121094,30625.44921875,2620.699951171875,1300.4000244140625,25051.0,90.90750122070312,13.212499618530273
2026-02-25 09:39:00+05:30,33.880001068115234,30662.69921875,2623.0,1301.199951171875,25050.75,90.9000015258789,13.220000267028809
2026-02-25 09:40:00+05:30,33.939998626708984,30716.900390625,2627.699951171875,1305.5,25043.75,90.90499877929688,13.204999923706055
2026-02-25 09:41:00+05:30,33.93000030517578,30692.0,2624.699951171875,1305.199951171875,25043.75,90.89749908447266,13.217499732971191
2026-02-25 09:42:00+05:30,33.959999084472656,30719.650390625,2626.5,1306.0,25037.25,90.88999938964844,13.210000038146973
2026-02-25 09:43:00+05:30,33.90999984741211,30687.05078125,2623.0,1305.0,25040.5,90.89250183105469,13.22249984741211
2026-02-25 09:44:00+05:30,33.939998626708984,30708.099609375,2624.89990234375,1306.0,25042.0,90.86799621582031,13.255000114440918
2026-02-25 09:45:00+05:30,33.93000030517578,30718.849609375,2624.60009765625,1305.699951171875,25042.75,90.88999938964844,13.194999694824219
2026-02-25 09:46:00+05:30,33.97999954223633,30752.69921875,2628.0,1306.199951171875,25042.75,90.8949966430664,13.130000114440918
2026-02-25 09:47:00+05:30,33.959999084472656,30725.400390625,2626.199951171875,1306.199951171875,25040.25,90.90249633789062,13.102499961853027
2026-02-25 09:48:00+05:30,33.970001220703125,30741.44921875,2628.39990234375,1306.699951171875,25043.25,90.89749908447266,13.132499694824219
2026-02-25 09:49:00+05:30,33.97999954223633,30754.650390625,2628.699951171875,1307.199951171875,25037.5,90.8949966430664,13.085000038146973
2026-02-25 09:50:00+05:30,33.95000076293945,30714.75,2627.60009765625,1306.0,25039.75,90.9000015258789,13.09000015258789
2026-02-25 09:51:00+05:30,33.970001220703125,30742.25,2628.60009765625,1307.300048828125,25041.0,90.91000366210938,13.192500114440918
2026-02-25 09:52:00+05:30,34.0,30774.19921875,2631.0,1310.0,25042.0,90.91000366210938,13.117500305175781
2026-02-25 09:53:00+05:30,34.0099983215332,30790.19921875,2631.5,1311.0,25043.75,90.91000366210938,13.225000381469727
2026-02-25 09:54:00+05:30,34.02000045776367,30806.25,2631.800048828125,1311.5999755859375,25040.75,90.91000366210938,13.112500190734863
2026-02-25 09:55:00+05:30,34.0099983215332,30778.19921875,2630.300048828125,1310.5999755859375,25041.5,90.90499877929688,13.132499694824219
2026-02-25 09:56:00+05:30,34.060001373291016,30852.599609375,2637.10009765625,1315.4000244140625,25042.0,90.90750122070312,13.192500114440918
2026-02-25 09:57:00+05:30,34.099998474121094,30884.099609375,2642.0,1318.199951171875,25043.0,90.90499877929688,13.140000343322754
2026-02-25 09:58:00+05:30,34.150001525878906,30909.75,2644.300048828125,1319.0999755859375,25046.0,90.90249633789062,13.069999694824219
2026-02-25 09:59:00+05:30,34.13999938964844,30882.80078125,2643.5,1317.9000244140625,25054.0,90.9000015258789,13.072500228881836
2026-02-25 10:00:00+05:30,34.130001068115234,30877.400390625,2641.199951171875,1318.4000244140625,25054.25,90.90249633789062,13.032500267028809
2026-02-25 10:01:00+05:30,34.150001525878906,30906.55078125,2642.699951171875,1319.9000244140625,25055.5,90.90750122070312,13.029999732971191
2026-02-25 10:02:00+05:30,34.13999938964844,30910.75,2643.0,1320.5999755859375,25060.25,90.90750122070312,13.042499542236328
2026-02-25 10:03:00+05:30,34.189998626708984,30954.80078125,2645.10009765625,1321.9000244140625,25060.0,90.90499877929688,13.012499809265137
2026-02-25 10:04:00+05:30,34.20000076293945,30946.19921875,2646.0,1321.4000244140625,25057.25,90.91000366210938,13.0600004196167
2026-02-25 10:05:00+05:30,34.189998626708984,30951.44921875,2646.0,1321.5999755859375,25063.0,90.90499877929688,13.022500038146973
2026-02-25 10:06:00+05:30,34.189998626708984,30951.0,2646.0,1321.5,25058.5,90.90750122070312,13.012499809265137
2026-02-25 10:07:00+05:30,34.150001525878906,30919.349609375,2642.0,1320.800048828125,25056.0,90.91000366210938,13.015000343322754
2026-02-25 10:08:00+05:30,34.16999816894531,30912.80078125,2641.699951171875,1320.199951171875,25056.0,90.91000366210938,13.005000114440918
2026-02-25 10:09:00+05:30,34.189998626708984,30934.25,2642.800048828125,1322.0,25058.75,90.91000366210938,12.952500343322754
2026-02-25 10:10:00+05:30,34.150001525878906,30908.30078125,2640.5,1321.0,25056.0,90.9124984741211,12.970000267028809
2026-02-25 10:11:00+05:30,34.150001525878906,30902.599609375,2641.800048828125,1320.300048828125,25056.5,90.9175033569336,12.962499618530273
2026-02-25 10:12:00+05:30,34.150001525878906,30913.599609375,2641.5,1320.800048828125,25056.0,90.91999816894531,12.992500305175781
2026-02-25 10:13:00+05:30,34.150001525878906,30906.150390625,2641.800048828125,1321.0999755859375,25055.5,90.92500305175781,12.994999885559082
2026-02-25 10:14:00+05:30,34.130001068115234,30901.75,2644.60009765625,1319.699951171875,25055.75,90.92250061035156,12.9350004196167
2026-02-25 10:15:00+05:30,34.13999938964844,30904.400390625,2645.0,1318.699951171875,25054.5,90.92500305175781,12.904999732971191
2026-02-25 10:16:00+05:30,34.15999984741211,30924.80078125,2645.0,1320.0999755859375,25056.0,90.92500305175781,12.952500343322754
2026-02-25 10:17:00+05:30,34.130001068115234,30887.400390625,2642.0,1318.5999755859375,25054.25,90.92500305175781,12.930000305175781
2026-02-25 10:18:00+05:30,34.130001068115234,30878.05078125,2642.0,1317.800048828125,25057.0,90.92250061035156,12.880000114440918
2026-02-25 10:19:00+05:30,34.119998931884766,30866.55078125,2640.89990234375,1317.5,25057.0,90.92500305175781,12.8725004196167
2026-02-25 10:20:00+05:30,34.099998474121094,30853.94921875,2640.699951171875,1316.199951171875,25059.25,90.92250061035156,12.854999542236328
2026-02-25 10:21:00+05:30,34.029998779296875,30792.400390625,2636.300048828125,1312.0,25058.75,90.91999816894531,12.885000228881836
2026-02-25 10:22:00+05:30,34.029998779296875,30815.849609375,2638.0,1313.4000244140625,25057.25,90.9020004272461,12.892499923706055
2026-02-25 10:23:00+05:30,34.06999969482422,30825.75,2639.300048828125,1313.5999755859375,25057.75,90.91999816894531,12.925000190734863
2026-02-25 10:24:00+05:30,34.06999969482422,30833.19921875,2639.89990234375,1314.5999755859375,25055.5,90.9175033569336,12.930000305175781
2026-02-25 10:25:00+05:30,34.06999969482422,30831.55078125,2640.60009765625,1313.800048828125,25047.75,90.92250061035156,12.967499732971191
2026-02-25 10:26:00+05:30,34.060001373291016,30819.05078125,2639.800048828125,1313.0,25051.25,90.91999816894531,12.977499961853027
2026-02-25 10:27:00+05:30,34.040000915527344,30791.69921875,2638.39990234375,1311.5999755859375,25048.0,90.92250061035156,12.979999542236328
2026-02-25 10:28:00+05:30,34.02000045776367,30781.75,2637.0,1311.9000244140625,25049.25,90.92749786376953,12.914999961853027
2026-02-25 10:29:00+05:30,34.029998779296875,30811.30078125,2638.39990234375,1314.0,25049.25,90.91999816894531,12.975000381469727
2026-02-25 10:30:00+05:30,34.06999969482422,30827.400390625,2640.5,1314.0999755859375,25049.25,90.92500305175781,12.930000305175781
2026-02-25 10:31:00+05:30,34.04999923706055,30796.69921875,2637.39990234375,1312.199951171875,25049.25,90.91999816894531,12.992500305175781
2026-02-25 10:32:00+05:30,34.02000045776367,30787.05078125,2638.39990234375,1311.5999755859375,25049.25,90.92250061035156,13.024999618530273
2026-02-25 10:33:00+05:30,33.9900016784668,30752.55078125,2635.5,1309.5999755859375,25049.25,90.92250061035156,13.010000228881836
2026-02-25 10:34:00+05:30,33.97999954223633,30770.44921875,2638.39990234375,1310.9000244140625,25049.25,90.92250061035156,12.97249984741211
2026-02-25 10:35:00+05:30,34.0,30783.599609375,2639.0,1311.300048828125,25049.25,90.93000030517578,12.970000267028809
2026-02-25 10:36:00+05:30,34.02000045776367,30783.80078125,2638.800048828125,1310.800048828125,25049.25,90.93000030517578,12.960000038146973
2026-02-25 10:37:00+05:30,33.97999954223633,30735.349609375,2635.5,1308.4000244140625,25049.25,90.93250274658203,12.962499618530273
2026-02-25 10:38:00+05:30,33.95000076293945,30708.55078125,2633.699951171875,1307.0,25049.25,90.93000030517578,13.015000343322754
2026-02-25 10:39:00+05:30,33.93000030517578,30718.80078125,2633.60009765625,1307.4000244140625,25064.0,90.93000030517578,13.012499809265137
2026-02-25 10:40:00+05:30,33.93000030517578,30699.55078125,2631.699951171875,1306.9000244140625,25064.0,90.92500305175781,13.037500381469727
2026-02-25 10:41:00+05:30,33.91999816894531,30699.849609375,2633.0,1307.300048828125,25065.25,90.92250061035156,13.057499885559082
2026-02-25 10:42:00+05:30,33.91999816894531,30690.19921875,2633.800048828125,1306.0999755859375,25057.0,90.92250061035156,12.994999885559082
2026-02-25 10:43:00+05:30,33.93000030517578,30719.19921875,2635.199951171875,1308.300048828125,25056.5,90.92500305175781,12.9975004196167
2026-02-25 10:44:00+05:30,33.91999816894531,30695.80078125,2633.199951171875,1306.5999755859375,25054.5,90.92749786376953,13.0024995803833
2026-02-25 10:45:00+05:30,33.95000076293945,30721.55078125,2635.5,1307.9000244140625,25051.25,90.92250061035156,12.977499961853027
2026-02-25 10:46:00+05:30,33.97999954223633,30748.05078125,2637.800048828125,1309.0,25054.5,90.93499755859375,13.0
2026-02-25 10:47:00+05:30,33.959999084472656,30718.400390625,2637.60009765625,1305.800048828125,25051.25,90.91999816894531,12.992500305175781
2026-02-25 10:48:00+05:30,33.959999084472656,30740.0,2641.5,1306.0,25049.25,90.92250061035156,13.024999618530273
2026-02-25 10:49:00+05:30,34.0,30758.44921875,2641.5,1308.800048828125,25047.0,90.92500305175781,12.942500114440918
2026-02-25 10:50:00+05:30,34.0,30755.5,2642.199951171875,1308.5,25045.5,90.92500305175781,13.02750015258789
2026-02-25 10:51:00+05:30,33.9900016784668,30768.099609375,2645.5,1308.0,25043.25,90.92500305175781,13.045000076293945
2026-02-25 10:52:00+05:30,33.9900016784668,30750.55078125,2643.60009765625,1306.800048828125,25038.0,90.9000015258789,13.017499923706055
2026-02-25 10:53:00+05:30,33.95000076293945,30766.75,2647.300048828125,1306.9000244140625,25040.25,90.92500305175781,12.987500190734863
2026-02-25 10:54:00+05:30,33.97999954223633,30806.55078125,2651.89990234375,1308.199951171875,25038.75,90.92250061035156,12.9975004196167
2026-02-25 10:55:00+05:30,34.0,30818.0,2650.199951171875,1308.5999755859375,25037.25,90.91999816894531,12.977499961853027
2026-02-25 10:56:00+05:30,34.0,30807.05078125,2648.89990234375,1308.5,25041.0,90.91999816894531,12.954999923706055
2026-02-25 10:57:00+05:30,34.0099983215332,30809.25,2650.10009765625,1308.0,25042.75,90.92500305175781,12.987500190734863
2026-02-25 10:58:00+05:30,34.0,30805.19921875,2649.699951171875,1307.5999755859375,25044.5,90.91999816894531,12.967499732971191
2026-02-25 10:59:00+05:30,33.9900016784668,30790.900390625,2648.699951171875,1306.9000244140625,25041.25,90.92250061035156,12.944999694824219
2026-02-25 11:00:00+05:30,34.0,30796.349609375,2647.5,1307.4000244140625,25044.25,90.92500305175781,13.0
2026-02-25 11:01:00+05:30,34.0,30799.30078125,2649.89990234375,1307.199951171875,25037.5,90.93000030517578,12.987500190734863
2026-02-25 11:02:00+05:30,34.040000915527344,30833.19921875,2651.5,1308.0,25040.0,90.92749786376953,12.9350004196167
2026-02-25 11:03:00+05:30,34.029998779296875,30829.099609375,2651.300048828125,1307.800048828125,25038.75,90.93250274658203,12.957500457763672
2026-02-25 11:04:00+05:30,34.0099983215332,30802.94921875,2651.0,1306.4000244140625,25036.75,90.93499755859375,12.957500457763672
2026-02-25 11:05:00+05:30,34.0099983215332,30796.099609375,2650.0,1306.300048828125,25036.25,90.93250274658203,12.895000457763672
2026-02-25 11:06:00+05:30,34.029998779296875,30810.599609375,2650.300048828125,1306.699951171875,25037.0,90.93000030517578,13.0
2026-02-25 11:07:00+05:30,34.029998779296875,30813.0,2651.199951171875,1306.699951171875,25032.5,90.93000030517578,13.020000457763672
2026-02-25 11:08:00+05:30,34.0099983215332,30788.75,2649.199951171875,1305.0999755859375,25040.25,90.93250274658203,12.9399995803833
2026-02-25 11:09:00+05:30,34.0,30779.25,2646.5,1304.699951171875,25045.25,90.93000030517578,12.979999542236328
2026-02-25 11:10:00+05:30,34.0,30797.94921875,2649.0,1305.5,25042.25,90.93250274658203,12.957500457763672
2026-02-25 11:11:00+05:30,34.060001373291016,30829.69921875,2650.0,1307.9000244140625,25039.5,90.93499755859375,12.914999961853027
2026-02-25 11:12:00+05:30,34.02000045776367,30812.44921875,2648.199951171875,1306.5,25038.25,90.93000030517578,12.875
2026-02-25 11:13:00+05:30,34.0,30783.150390625,2646.60009765625,1306.0,25039.75,90.93499755859375,12.904999732971191
2026-02-25 11:14:00+05:30,34.040000915527344,30815.44921875,2648.60009765625,1307.4000244140625,25041.25,90.9375,12.887499809265137
2026-02-25 11:15:00+05:30,34.0099983215332,30797.849609375,2645.199951171875,1306.5999755859375,25045.75,90.9375,12.875
2026-02-25 11:16:00+05:30,34.029998779296875,30810.400390625,2647.39990234375,1306.699951171875,25049.75,90.94249725341797,12.895000457763672
2026-02-25 11:17:00+05:30,34.02000045776367,30798.400390625,2646.0,1306.800048828125,25055.0,90.94499969482422,12.9375
2026-02-25 11:18:00+05:30,34.0099983215332,30788.25,2645.5,1306.0,25055.75,90.94750213623047,12.90999984741211
2026-02-25 11:19:00+05:30,33.9900016784668,30770.69921875,2644.0,1305.699951171875,25056.75,90.94499969482422,12.90999984741211
2026-02-25 11:20:00+05:30,33.95000076293945,30743.349609375,2643.0,1303.800048828125,25056.25,90.94999694824219,12.922499656677246
2026-02-25 11:21:00+05:30,33.95000076293945,30740.05078125,2643.0,1303.9000244140625,25055.0,90.94750213623047,12.90999984741211
2026-02-25 11:22:00+05:30,33.91999816894531,30743.150390625,2643.10009765625,1304.199951171875,25056.25,90.94499969482422,12.920000076293945
2026-02-25 11:23:00+05:30,33.91999816894531,30748.25,2642.10009765625,1303.5,25054.25,90.94750213623047,12.949999809265137
2026-02-25 11:24:00+05:30,33.93000030517578,30751.55078125,2643.800048828125,1303.699951171875,25049.25,90.94999694824219,12.917499542236328
2026-02-25 11:25:00+05:30,33.95000076293945,30751.05078125,2643.60009765625,1303.5999755859375,25047.5,90.927001953125,12.917499542236328
2026-02-25 11:26:00+05:30,33.959999084472656,30784.80078125,2646.5,1305.4000244140625,25041.25,90.95249938964844,12.904999732971191
2026-02-25 11:27:00+05:30,33.959999084472656,30782.150390625,2645.199951171875,1305.0,25038.25,90.94999694824219,12.9375
2026-02-25 11:28:00+05:30,34.0,30809.44921875,2647.5,1305.9000244140625,25040.0,90.94999694824219,12.914999961853027
2026-02-25 11:29:00+05:30,34.02000045776367,30808.0,2646.60009765625,1305.699951171875,25040.75,90.95500183105469,12.927499771118164
2026-02-25 11:30:00+05:30,34.02000045776367,30805.44921875,2646.39990234375,1305.5999755859375,25035.75,90.94999694824219,12.927499771118164
2026-02-25 11:31:00+05:30,34.0099983215332,30801.19921875,2646.39990234375,1304.699951171875,25035.5,90.93000030517578,12.989999771118164
2026-02-25 11:32:00+05:30,34.02000045776367,30808.80078125,2646.800048828125,1305.0999755859375,25037.0,90.94999694824219,12.952500343322754
2026-02-25 11:33:00+05:30,34.0099983215332,30800.94921875,2647.5,1305.0,25034.5,90.94999694824219,12.97249984741211
2026-02-25 11:34:00+05:30,34.02000045776367,30813.25,2648.10009765625,1305.800048828125,25035.25,90.9280014038086,12.932499885559082
2026-02-25 11:35:00+05:30,34.040000915527344,30834.5,2649.10009765625,1307.0,25038.5,90.95249938964844,12.90250015258789
2026-02-25 11:36:00+05:30,34.029998779296875,30824.599609375,2647.800048828125,1306.5,25041.75,90.94999694824219,12.90250015258789
2026-02-25 11:37:00+05:30,34.02000045776367,30799.80078125,2647.300048828125,1305.199951171875,25039.0,90.95249938964844,12.914999961853027
2026-02-25 11:38:00+05:30,34.02000045776367,30809.099609375,2647.699951171875,1305.0,25039.75,90.94999694824219,12.899999618530273
2026-02-25 11:39:00+05:30,34.0,30777.44921875,2646.0,1304.300048828125,25039.75,90.94999694824219,12.925000190734863
2026-02-25 11:40:00+05:30,33.97999954223633,30764.69921875,2645.5,1303.9000244140625,25041.75,90.95249938964844,12.947500228881836
2026-02-25 11:41:00+05:30,33.97999954223633,30759.94921875,2644.5,1302.9000244140625,25043.0,90.95249938964844,12.977499961853027
2026-02-25 11:42:00+05:30,33.9900016784668,30752.599609375,2644.5,1302.9000244140625,25042.0,90.93299865722656,12.97249984741211
2026-02-25 11:43:00+05:30,33.9900016784668,30779.0,2646.60009765625,1303.699951171875,25039.5,90.94999694824219,12.962499618530273
2026-02-25 11:44:00+05:30,34.0099983215332,30779.94921875,2645.89990234375,1303.699951171875,25045.5,90.94999694824219,12.975000381469727
2026-02-25 11:45:00+05:30,34.029998779296875,30816.150390625,2648.699951171875,1305.300048828125,25042.5,90.94999694824219,12.922499656677246
2026-02-25 11:46:00+05:30,34.029998779296875,30803.0,2647.89990234375,1304.4000244140625,25044.75,90.94999694824219,12.890000343322754
2026-02-25 11:47:00+05:30,34.040000915527344,30818.650390625,2649.699951171875,1305.300048828125,25044.75,90.94999694824219,12.880000114440918
2026-02-25 11:48:00+05:30,34.04999923706055,30835.80078125,2651.60009765625,1305.4000244140625,25044.75,90.9229965209961,12.90999984741211
2026-02-25 11:49:00+05:30,34.06999969482422,30855.150390625,2653.699951171875,1306.9000244140625,25047.5,90.95249938964844,12.90250015258789
2026-02-25 11:50:00+05:30,34.09000015258789,30862.349609375,2654.199951171875,1306.5999755859375,25047.0,90.94999694824219,12.890000343322754
2026-02-25 11:51:00+05:30,34.04999923706055,30823.400390625,2650.89990234375,1305.5,25058.0,90.94750213623047,12.899999618530273
2026-02-25 11:52:00+05:30,34.04999923706055,30825.849609375,2652.39990234375,1305.800048828125,25055.5,90.94750213623047,12.90999984741211
2026-02-25 11:53:00+05:30,34.06999969482422,30832.69921875,2652.300048828125,1307.0,25049.75,90.94999694824219,12.904999732971191
2026-02-25 11:54:00+05:30,34.060001373291016,30823.80078125,2652.0,1306.5,25049.25,90.94999694824219,12.952500343322754
2026-02-25 11:55:00+05:30,34.060001373291016,30832.94921875,2651.800048828125,1307.199951171875,25054.5,90.94750213623047,12.975000381469727
2026-02-25 11:56:00+05:30,34.060001373291016,30819.099609375,2650.10009765625,1307.0,25056.5,90.94750213623047,13.03499984741211
2026-02-25 11:57:00+05:30,34.040000915527344,30814.75,2650.60009765625,1307.0999755859375,25054.0,90.94750213623047,13.024999618530273
2026-02-25 11:58:00+05:30,34.029998779296875,30801.69921875,2649.5,1306.699951171875,25041.0,90.9209976196289,12.982500076293945
2026-02-25 11:59:00+05:30,34.040000915527344,30809.0,2649.800048828125,1307.0,25041.0,90.94750213623047,12.992500305175781
2026-02-25 12:00:00+05:30,34.04999923706055,30825.69921875,2651.0,1308.300048828125,25039.0,90.94249725341797,13.017499923706055
2026-02-25 12:01:00+05:30,34.02000045776367,30799.650390625,2649.199951171875,1306.0999755859375,25047.5,90.91600036621094,13.007499694824219
2026-02-25 12:02:00+05:30,34.040000915527344,30809.94921875,2650.89990234375,1305.5999755859375,25046.25,90.94000244140625,12.982500076293945
2026-02-25 12:03:00+05:30,34.060001373291016,30826.099609375,2651.300048828125,1307.0,25047.0,90.94249725341797,12.977499961853027
2026-02-25 12:04:00+05:30,34.060001373291016,30812.5,2650.89990234375,1306.199951171875,25048.75,90.94249725341797,12.987500190734863
2026-02-25 12:05:00+05:30,34.060001373291016,30833.400390625,2651.39990234375,1308.699951171875,25051.75,90.94499969482422,12.989999771118164
2026-02-25 12:06:00+05:30,34.04999923706055,30817.75,2649.60009765625,1308.0999755859375,25052.5,90.94249725341797,13.005000114440918
2026-02-25 12:07:00+05:30,34.04999923706055,30816.69921875,2649.5,1308.300048828125,25053.75,90.94249725341797,13.02750015258789
2026-02-25 12:08:00+05:30,34.04999923706055,30811.5,2649.300048828125,1308.0999755859375,25056.75,90.94000244140625,13.02750015258789
2026-02-25 12:09:00+05:30,34.04999923706055,30819.19921875,2649.10009765625,1308.4000244140625,25054.25,90.94249725341797,13.015000343322754
2026-02-25 12:10:00+05:30,34.060001373291016,30819.30078125,2649.0,1307.9000244140625,25044.75,90.94000244140625,13.037500381469727
2026-02-25 12:11:00+05:30,34.040000915527344,30804.150390625,2648.699951171875,1308.0,25050.0,90.94750213623047,13.007499694824219
2026-02-25 12:12:00+05:30,34.04999923706055,30819.55078125,2648.699951171875,1308.300048828125,25052.0,90.94750213623047,12.989999771118164
2026-02-25 12:13:00+05:30,34.04999923706055,30804.400390625,2647.0,1307.9000244140625,25050.75,90.94249725341797,13.02750015258789
2026-02-25 12:14:00+05:30,34.040000915527344,30802.30078125,2647.199951171875,1308.0999755859375,25044.75,90.94249725341797,13.02750015258789
2026-02-25 12:15:00+05:30,34.040000915527344,30802.650390625,2646.10009765625,1308.0999755859375,25039.25,90.94249725341797,13.02750015258789
2026-02-25 12:16:00+05:30,34.040000915527344,30806.349609375,2646.5,1307.800048828125,25040.75,90.94000244140625,12.9975004196167
2026-02-25 12:17:00+05:30,34.040000915527344,30814.55078125,2646.699951171875,1308.199951171875,25043.75,90.94000244140625,12.967499732971191
2026-02-25 12:18:00+05:30,34.04999923706055,30812.80078125,2646.199951171875,1308.300048828125,25041.0,90.94000244140625,13.0
2026-02-25 12:19:00+05:30,34.029998779296875,30804.05078125,2645.800048828125,1308.0,25043.5,90.94249725341797,13.032500267028809
2026-02-25 12:20:00+05:30,34.040000915527344,30805.650390625,2643.60009765625,1307.0999755859375,25040.5,90.91999816894531,13.022500038146973
2026-02-25 12:21:00+05:30,34.0,30770.900390625,2641.60009765625,1305.5999755859375,25042.5,90.93250274658203,12.989999771118164
2026-02-25 12:22:00+05:30,34.0,30758.05078125,2640.0,1305.0,25042.5,90.93250274658203,12.967499732971191
2026-02-25 12:23:00+05:30,34.0,30754.400390625,2640.699951171875,1304.199951171875,25044.0,90.92749786376953,12.982500076293945
2026-02-25 12:24:00+05:30,33.97999954223633,30744.80078125,2640.199951171875,1303.800048828125,25042.5,90.92500305175781,12.992500305175781
2026-02-25 12:25:00+05:30,33.970001220703125,30731.94921875,2639.39990234375,1303.199951171875,25041.25,90.90399932861328,12.97249984741211
2026-02-25 12:26:00+05:30,33.970001220703125,30729.75,2640.60009765625,1302.9000244140625,25040.25,90.91999816894531,12.962499618530273
2026-02-25 12:27:00+05:30,33.95000076293945,30713.25,2640.60009765625,1301.9000244140625,25041.25,90.92500305175781,12.960000038146973
2026-02-25 12:28:00+05:30,33.95000076293945,30711.25,2640.800048828125,1301.699951171875,25041.25,90.9175033569336,12.970000267028809
2026-02-25 12:29:00+05:30,33.95000076293945,30711.69921875,2640.89990234375,1301.5,25041.75,90.92250061035156,12.962499618530273
2026-02-25 12:30:00+05:30,33.95000076293945,30711.80078125,2640.800048828125,1301.5999755859375,25048.0,90.92749786376953,12.962499618530273
2026-02-25 12:31:00+05:30,33.939998626708984,30697.69921875,2640.699951171875,1301.0999755859375,25049.5,90.93499755859375,12.9350004196167
2026-02-25 12:32:00+05:30,33.91999816894531,30681.80078125,2639.300048828125,1300.4000244140625,25040.5,90.93250274658203,13.005000114440918
2026-02-25 12:33:00+05:30,33.900001525878906,30654.25,2635.60009765625,1299.699951171875,25038.5,90.93250274658203,13.010000228881836
2026-02-25 12:34:00+05:30,33.83000183105469,30608.75,2631.39990234375,1297.0999755859375,25045.0,90.93000030517578,13.157500267028809
2026-02-25 12:35:00+05:30,33.83000183105469,30601.400390625,2630.699951171875,1297.4000244140625,25043.0,90.90499877929688,13.217499732971191
2026-02-25 12:36:00+05:30,33.810001373291016,30591.400390625,2629.89990234375,1297.0,25038.0,90.91999816894531,13.212499618530273
2026-02-25 12:37:00+05:30,33.810001373291016,30592.0,2629.5,1296.5999755859375,25042.25,90.91999816894531,13.265000343322754
2026-02-25 12:38:00+05:30,33.81999969482422,30606.30078125,2629.199951171875,1297.5,25044.0,90.92250061035156,13.1850004196167
2026-02-25 12:39:00+05:30,33.810001373291016,30586.25,2628.199951171875,1296.699951171875,25048.0,90.92500305175781,13.217499732971191
2026-02-25 12:40:00+05:30,33.79999923706055,30568.849609375,2625.5,1296.0,25050.25,90.8949966430664,13.260000228881836
2026-02-25 12:41:00+05:30,33.790000915527344,30572.25,2625.300048828125,1296.5,25048.5,90.90799713134766,13.2524995803833
2026-02-25 12:42:00+05:30,33.77000045776367,30547.5,2622.199951171875,1295.300048828125,25051.0,90.91500091552734,13.262499809265137
2026-02-25 12:43:00+05:30,33.7599983215332,30532.849609375,2620.0,1294.9000244140625,25046.75,90.91799926757812,13.300000190734863
2026-02-25 12:44:00+05:30,33.709999084472656,30503.25,2616.39990234375,1293.199951171875,25041.25,90.94000244140625,13.362500190734863
2026-02-25 12:45:00+05:30,33.70000076293945,30489.5,2616.800048828125,1292.699951171875,25042.5,90.93499755859375,13.40999984741211
2026-02-25 12:46:00+05:30,33.709999084472656,30500.849609375,2617.5,1292.5999755859375,25045.5,90.91300201416016,13.387499809265137
2026-02-25 12:47:00+05:30,33.689998626708984,30489.30078125,2616.800048828125,1292.800048828125,25046.5,90.9375,13.414999961853027
2026-02-25 12:48:00+05:30,33.689998626708984,30483.94921875,2616.0,1291.9000244140625,25038.0,90.93250274658203,13.460000038146973
2026-02-25 12:49:00+05:30,33.65999984741211,30449.05078125,2613.800048828125,1291.300048828125,25038.0,90.93499755859375,13.489999771118164
2026-02-25 12:50:00+05:30,33.66999816894531,30454.44921875,2613.5,1291.9000244140625,25039.5,90.93499755859375,13.457500457763672
2026-02-25 12:51:00+05:30,33.65999984741211,30456.94921875,2613.60009765625,1291.699951171875,25039.25,90.93499755859375,13.427499771118164
2026-02-25 12:52:00+05:30,33.66999816894531,30474.80078125,2617.0,1292.5,25044.75,90.93250274658203,13.342499732971191
2026-02-25 12:53:00+05:30,33.68000030517578,30466.80078125,2616.800048828125,1292.0999755859375,25044.0,90.90799713134766,13.34749984741211
2026-02-25 12:54:00+05:30,33.65999984741211,30442.55078125,2612.5,1291.800048828125,25041.0,90.91500091552734,13.380000114440918
2026-02-25 12:55:00+05:30,33.689998626708984,30482.599609375,2616.0,1292.699951171875,25042.0,90.91500091552734,13.350000381469727
2026-02-25 12:56:00+05:30,33.68000030517578,30464.150390625,2615.300048828125,1292.199951171875,25037.5,90.91500091552734,13.3774995803833
2026-02-25 12:57:00+05:30,33.65999984741211,30461.599609375,2615.10009765625,1292.5,25037.25,90.9175033569336,13.447500228881836
2026-02-25 12:58:00+05:30,33.650001525878906,30446.80078125,2614.39990234375,1292.199951171875,25038.5,90.91500091552734,13.492500305175781
2026-02-25 12:59:00+05:30,33.68000030517578,30466.650390625,2614.39990234375,1293.4000244140625,25041.75,90.8949966430664,13.462499618530273
2026-02-25 13:00:00+05:30,33.650001525878906,30453.94921875,2613.800048828125,1293.0,25039.5,90.91999816894531,13.487500190734863
2026-02-25 13:01:00+05:30,33.650001525878906,30438.599609375,2613.89990234375,1291.9000244140625,25041.75,90.91999816894531,13.510000228881836
2026-02-25 13:02:00+05:30,33.650001525878906,30440.94921875,2614.699951171875,1292.0,25036.5,90.92749786376953,13.515000343322754
2026-02-25 13:03:00+05:30,33.650001525878906,30449.599609375,2615.800048828125,1292.300048828125,25028.0,90.92500305175781,13.467499732971191
2026-02-25 13:04:00+05:30,33.70000076293945,30496.5,2618.0,1294.300048828125,25029.5,90.91999816894531,13.47249984741211
2026-02-25 13:05:00+05:30,33.650001525878906,30449.80078125,2616.0,1291.800048828125,25019.25,90.92749786376953,13.487500190734863
2026-02-25 13:06:00+05:30,33.689998626708984,30475.0,2618.10009765625,1292.699951171875,25025.0,90.93000030517578,13.494999885559082
2026-02-25 13:07:00+05:30,33.68000030517578,30473.400390625,2618.199951171875,1292.5999755859375,25023.0,90.93250274658203,13.487500190734863
2026-02-25 13:08:00+05:30,33.68000030517578,30468.25,2617.199951171875,1292.5,25028.75,90.93000030517578,13.449999809265137
2026-02-25 13:09:00+05:30,33.689998626708984,30474.44921875,2617.60009765625,1292.199951171875,25028.75,90.92500305175781,13.47249984741211
2026-02-25 13:10:00+05:30,33.70000076293945,30488.94921875,2617.60009765625,1293.0999755859375,25028.5,90.93000030517578,13.5024995803833
2026-02-25 13:11:00+05:30,33.70000076293945,30480.55078125,2617.89990234375,1292.800048828125,25031.25,90.90750122070312,13.492500305175781
2026-02-25 13:12:00+05:30,33.709999084472656,30510.349609375,2619.0,1293.5,25031.5,90.90750122070312,13.492500305175781
2026-02-25 13:13:00+05:30,33.709999084472656,30494.849609375,2618.300048828125,1292.5999755859375,25026.75,90.90750122070312,13.449999809265137
2026-02-25 13:14:00+05:30,33.70000076293945,30488.19921875,2617.10009765625,1292.800048828125,25027.5,90.9124984741211,13.477499961853027
2026-02-25 13:15:00+05:30,33.709999084472656,30492.55078125,2617.699951171875,1292.9000244140625,25031.25,90.88700103759766,13.46500015258789
2026-02-25 13:16:00+05:30,33.709999084472656,30494.150390625,2617.5,1293.0999755859375,25032.5,90.9124984741211,13.5
2026-02-25 13:17:00+05:30,33.70000076293945,30484.400390625,2617.199951171875,1292.300048828125,25033.0,90.91000366210938,13.427499771118164
2026-02-25 13:18:00+05:30,33.68000030517578,30463.30078125,2616.199951171875,1290.5999755859375,25031.5,90.89250183105469,13.367500305175781
2026-02-25 13:19:00+05:30,33.68000030517578,30470.150390625,2616.0,1291.300048828125,25033.0,90.88999938964844,13.369999885559082
2026-02-25 13:20:00+05:30,33.66999816894531,30463.05078125,2614.10009765625,1290.5999755859375,25035.25,90.87999725341797,13.3774995803833
2026-02-25 13:21:00+05:30,33.650001525878906,30438.94921875,2613.60009765625,1289.199951171875,25036.0,90.89250183105469,13.4375
2026-02-25 13:22:00+05:30,33.63999938964844,30433.099609375,2613.10009765625,1288.300048828125,25037.5,90.88749694824219,13.407500267028809
2026-02-25 13:23:00+05:30,33.630001068115234,30434.05078125,2612.5,1288.699951171875,25039.5,90.87999725341797,13.46500015258789
2026-02-25 13:24:00+05:30,33.630001068115234,30424.400390625,2610.89990234375,1287.5999755859375,25041.25,90.87999725341797,13.477499961853027
2026-02-25 13:25:00+05:30,33.630001068115234,30417.099609375,2611.10009765625,1287.5999755859375,25039.5,90.88749694824219,13.477499961853027
2026-02-25 13:26:00+05:30,33.619998931884766,30405.150390625,2610.699951171875,1286.699951171875,25038.75,90.88749694824219,13.537500381469727
2026-02-25 13:27:00+05:30,33.599998474121094,30396.599609375,2608.89990234375,1287.0,25035.75,90.90249633789062,13.677499771118164
2026-02-25 13:28:00+05:30,33.61000061035156,30409.05078125,2610.800048828125,1288.300048828125,25039.0,90.88500213623047,13.552499771118164
2026-02-25 13:29:00+05:30,33.630001068115234,30426.599609375,2613.300048828125,1288.800048828125,25036.25,90.88300323486328,13.522500038146973
2026-02-25 13:30:00+05:30,33.65999984741211,30454.94921875,2614.0,1289.5999755859375,25049.25,90.90249633789062,13.587499618530273
2026-02-25 13:31:00+05:30,33.66999816894531,30469.19921875,2615.5,1290.800048828125,25053.0,90.86799621582031,13.512499809265137
2026-02-25 13:32:00+05:30,33.68000030517578,30477.099609375,2616.0,1291.0,25059.75,90.9000015258789,13.5649995803833
2026-02-25 13:33:00+05:30,33.68000030517578,30475.25,2616.0,1291.0,25058.0,90.87999725341797,13.552499771118164
2026-02-25 13:34:00+05:30,33.689998626708984,30474.05078125,2614.699951171875,1290.9000244140625,25071.25,90.9000015258789,13.555000305175781
2026-02-25 13:35:00+05:30,33.709999084472656,30498.150390625,2616.60009765625,1292.5999755859375,25075.25,90.91000366210938,13.545000076293945
2026-02-25 13:36:00+05:30,33.709999084472656,30492.75,2617.10009765625,1291.800048828125,25072.25,90.90249633789062,13.550000190734863
2026-02-25 13:37:00+05:30,33.709999084472656,30494.19921875,2616.800048828125,1292.0,25070.25,90.88200378417969,13.539999961853027
2026-02-25 13:38:00+05:30,33.689998626708984,30475.099609375,2614.89990234375,1291.0999755859375,25057.0,90.87799835205078,13.517499923706055
2026-02-25 13:39:00+05:30,33.68000030517578,30469.44921875,2614.699951171875,1291.699951171875,25060.75,90.9000015258789,13.507499694824219
2026-02-25 13:40:00+05:30,33.66999816894531,30461.900390625,2615.0,1290.800048828125,25055.0,90.9000015258789,13.545000076293945
2026-02-25 13:41:00+05:30,33.68000030517578,30492.400390625,2616.5,1291.9000244140625,25056.5,90.9000015258789,13.52750015258789
2026-02-25 13:42:00+05:30,33.70000076293945,30489.80078125,2617.10009765625,1292.0,25050.25,90.90750122070312,13.517499923706055
2026-02-25 13:43:00+05:30,33.68000030517578,30488.55078125,2617.0,1291.800048828125,25057.5,90.90750122070312,13.52750015258789
2026-02-25 13:44:00+05:30,33.68000030517578,30473.400390625,2615.800048828125,1291.0999755859375,25056.75,90.89299774169922,13.515000343322754
2026-02-25 13:45:00+05:30,33.68000030517578,30472.69921875,2615.300048828125,1290.9000244140625,25055.25,90.9175033569336,13.579999923706055
2026-02-25 13:46:00+05:30,33.68000030517578,30475.75,2615.699951171875,1291.0,25053.25,90.91999816894531,13.600000381469727
2026-02-25 13:47:00+05:30,33.70000076293945,30499.55078125,2617.0,1291.9000244140625,25057.25,90.88999938964844,13.545000076293945
2026-02-25 13:48:00+05:30,33.70000076293945,30497.44921875,2616.89990234375,1291.699951171875,25057.5,90.92250061035156,13.515000343322754
2026-02-25 13:49:00+05:30,33.689998626708984,30494.94921875,2616.300048828125,1292.0,25067.75,90.91999816894531,13.522500038146973
2026-02-25 13:50:00+05:30,33.70000076293945,30497.75,2616.800048828125,1291.9000244140625,25077.25,90.91999816894531,13.515000343322754
2026-02-25 13:51:00+05:30,33.689998626708984,30477.099609375,2616.0,1291.0999755859375,25069.5,90.91999816894531,13.522500038146973
2026-02-25 13:52:00+05:30,33.68000030517578,30473.69921875,2615.199951171875,1290.699951171875,25072.75,90.91999816894531,13.524999618530273
2026-02-25 13:53:00+05:30,33.689998626708984,30488.349609375,2616.699951171875,1291.800048828125,25077.25,90.91999816894531,13.517499923706055
2026-02-25 13:54:00+05:30,33.70000076293945,30492.75,2616.0,1291.800048828125,25078.25,90.9020004272461,13.4975004196167
2026-02-25 13:55:00+05:30,33.70000076293945,30489.150390625,2613.89990234375,1291.800048828125,25085.0,90.91999816894531,13.517499923706055
2026-02-25 13:56:00+05:30,33.70000076293945,30492.0,2615.300048828125,1291.699951171875,25083.75,90.92250061035156,13.524999618530273
2026-02-25 13:57:00+05:30,33.70000076293945,30497.849609375,2616.300048828125,1291.9000244140625,25077.5,90.92500305175781,13.524999618530273
2026-02-25 13:58:00+05:30,33.720001220703125,30508.75,2616.0,1292.800048828125,25077.25,90.92250061035156,13.515000343322754
2026-02-25 13:59:00+05:30,33.720001220703125,30513.150390625,2616.699951171875,1292.9000244140625,25075.0,90.92749786376953,13.515000343322754
2026-02-25 14:00:00+05:30,33.70000076293945,30489.650390625,2614.0,1292.0999755859375,25076.5,90.92749786376953,13.53499984741211
2026-02-25 14:01:00+05:30,33.709999084472656,30500.400390625,2615.5,1292.4000244140625,25070.0,90.90599822998047,13.537500381469727
2026-02-25 14:02:00+05:30,33.70000076293945,30485.400390625,2614.800048828125,1291.800048828125,25067.5,90.92749786376953,13.507499694824219
2026-02-25 14:03:00+05:30,33.68000030517578,30470.30078125,2613.60009765625,1291.300048828125,25063.75,90.93000030517578,13.619999885559082
2026-02-25 14:04:00+05:30,33.66999816894531,30469.150390625,2612.5,1291.300048828125,25064.75,90.90899658203125,13.582500457763672
2026-02-25 14:05:00+05:30,33.68000030517578,30466.94921875,2612.60009765625,1291.199951171875,25068.0,90.91200256347656,13.569999694824219
2026-02-25 14:06:00+05:30,33.65999984741211,30448.099609375,2611.699951171875,1290.0999755859375,25072.5,90.93000030517578,13.657500267028809
2026-02-25 14:07:00+05:30,33.650001525878906,30453.5,2611.699951171875,1290.300048828125,25076.25,90.91699981689453,13.657500267028809
2026-02-25 14:08:00+05:30,33.68000030517578,30473.44921875,2614.199951171875,1290.800048828125,25077.75,90.93250274658203,13.632499694824219
2026-02-25 14:09:00+05:30,33.65999984741211,30443.05078125,2610.699951171875,1289.800048828125,25069.75,90.9375,13.657500267028809
2026-02-25 14:10:00+05:30,33.65999984741211,30461.30078125,2612.10009765625,1290.300048828125,25072.75,90.94000244140625,13.567500114440918
2026-02-25 14:11:00+05:30,33.709999084472656,30500.80078125,2614.5,1292.800048828125,25072.5,90.94249725341797,13.52750015258789
2026-02-25 14:12:00+05:30,33.720001220703125,30525.349609375,2617.699951171875,1293.0,25075.75,90.94249725341797,13.539999961853027
2026-02-25 14:13:00+05:30,33.75,30529.75,2617.89990234375,1293.800048828125,25078.5,90.94249725341797,13.52750015258789
2026-02-25 14:14:00+05:30,33.7400016784668,30535.19921875,2618.800048828125,1294.300048828125,25076.25,90.91999816894531,13.52750015258789
2026-02-25 14:15:00+05:30,33.75,30546.25,2618.800048828125,1295.300048828125,25076.5,90.94000244140625,13.537500381469727
2026-02-25 14:16:00+05:30,33.75,30539.30078125,2618.800048828125,1295.4000244140625,25070.75,90.91999816894531,13.567500114440918
2026-02-25 14:17:00+05:30,33.75,30533.599609375,2619.199951171875,1295.5999755859375,25073.5,90.94000244140625,13.592499732971191
2026-02-25 14:18:00+05:30,33.77000045776367,30558.349609375,2620.0,1296.800048828125,25080.0,90.93000030517578,13.532500267028809
2026-02-25 14:19:00+05:30,33.79999923706055,30573.349609375,2621.300048828125,1297.9000244140625,25083.25,90.92749786376953,13.505000114440918
2026-02-25 14:20:00+05:30,33.790000915527344,30563.30078125,2620.699951171875,1297.300048828125,25074.5,90.93250274658203,13.449999809265137
2026-02-25 14:21:00+05:30,33.77000045776367,30559.80078125,2619.699951171875,1297.800048828125,25076.75,90.93499755859375,13.467499732971191
2026-02-25 14:22:00+05:30,33.779998779296875,30560.05078125,2619.89990234375,1296.9000244140625,25069.25,90.93000030517578,13.477499961853027
2026-02-25 14:23:00+05:30,33.77000045776367,30545.099609375,2619.0,1296.0999755859375,25068.75,90.93250274658203,13.470000267028809
2026-02-25 14:24:00+05:30,33.7400016784668,30516.0,2617.699951171875,1294.800048828125,25069.5,90.93499755859375,13.539999961853027
2026-02-25 14:25:00+05:30,33.720001220703125,30507.849609375,2617.39990234375,1293.699951171875,25070.25,90.91500091552734,13.510000228881836
2026-02-25 14:26:00+05:30,33.720001220703125,30510.5,2618.5,1293.9000244140625,25075.75,90.92250061035156,13.512499809265137
2026-02-25 14:27:00+05:30,33.720001220703125,30496.5,2616.5,1292.699951171875,25069.5,90.9000015258789,13.4975004196167
2026-02-25 14:28:00+05:30,33.70000076293945,30484.349609375,2616.39990234375,1291.699951171875,25068.0,90.90499877929688,13.522500038146973
2026-02-25 14:29:00+05:30,33.70000076293945,30481.55078125,2614.199951171875,1291.5,25074.5,90.90899658203125,13.522500038146973
2026-02-25 14:30:00+05:30,33.68000030517578,30474.55078125,2615.300048828125,1291.0999755859375,25067.0,90.91999816894531,13.515000343322754
2026-02-25 14:31:00+05:30,33.72999954223633,30505.349609375,2619.699951171875,1292.800048828125,25073.75,90.93000030517578,13.537500381469727
2026-02-25 14:32:00+05:30,33.720001220703125,30504.349609375,2618.39990234375,1293.0,25071.5,90.92500305175781,13.569999694824219
2026-02-25 14:33:00+05:30,33.7400016784668,30520.30078125,2619.0,1294.300048828125,25065.75,90.92749786376953,13.5600004196167
2026-02-25 14:34:00+05:30,33.7400016784668,30526.75,2619.199951171875,1293.9000244140625,25064.25,90.92500305175781,13.52750015258789
2026-02-25 14:35:00+05:30,33.7400016784668,30516.400390625,2618.5,1293.0,25063.5,90.93000030517578,13.524999618530273
2026-02-25 14:36:00+05:30,33.7400016784668,30528.900390625,2620.800048828125,1293.5,25068.25,90.92749786376953,13.52750015258789
2026-02-25 14:37:00+05:30,33.7599983215332,30538.349609375,2621.800048828125,1294.4000244140625,25070.25,90.92500305175781,13.574999809265137
2026-02-25 14:38:00+05:30,33.7599983215332,30533.0,2621.5,1293.5,25076.5,90.93000030517578,13.542499542236328
2026-02-25 14:39:00+05:30,33.75,30524.75,2621.199951171875,1293.5,25080.5,90.93000030517578,13.609999656677246
2026-02-25 14:40:00+05:30,33.7400016784668,30530.099609375,2622.800048828125,1293.0,25085.25,90.92500305175781,13.632499694824219
2026-02-25 14:41:00+05:30,33.7599983215332,30547.349609375,2624.10009765625,1294.199951171875,25078.5,90.93250274658203,13.609999656677246
2026-02-25 14:42:00+05:30,33.75,30529.849609375,2621.199951171875,1293.4000244140625,25075.0,90.93000030517578,13.600000381469727
2026-02-25 14:43:00+05:30,33.77000045776367,30552.94921875,2624.39990234375,1293.9000244140625,25079.25,90.93499755859375,13.602499961853027
2026-02-25 14:44:00+05:30,33.779998779296875,30566.349609375,2626.39990234375,1294.0999755859375,25081.0,90.93499755859375,13.640000343322754
2026-02-25 14:45:00+05:30,33.75,30538.44921875,2624.800048828125,1293.0999755859375,25072.25,90.94000244140625,13.630000114440918
2026-02-25 14:46:00+05:30,33.709999084472656,30487.349609375,2621.199951171875,1291.0999755859375,25074.25,90.9375,13.640000343322754
2026-02-25 14:47:00+05:30,33.70000076293945,30479.75,2621.39990234375,1290.300048828125,25079.25,90.94000244140625,13.609999656677246
2026-02-25 14:48:00+05:30,33.70000076293945,30483.75,2622.300048828125,1290.4000244140625,25079.25,90.94249725341797,13.617500305175781
2026-02-25 14:49:00+05:30,33.720001220703125,30502.69921875,2624.10009765625,1291.5,25073.75,90.94750213623047,13.609999656677246
2026-02-25 14:50:00+05:30,33.720001220703125,30499.94921875,2623.300048828125,1291.300048828125,25075.75,90.94000244140625,13.607500076293945
2026-02-25 14:51:00+05:30,33.720001220703125,30510.099609375,2624.10009765625,1292.0,25080.25,90.93000030517578,13.6225004196167
2026-02-25 14:52:00+05:30,33.70000076293945,30493.75,2622.89990234375,1291.0999755859375,25080.25,90.95249938964844,13.664999961853027
2026-02-25 14:53:00+05:30,33.68000030517578,30475.25,2620.39990234375,1289.5,25077.25,90.95500183105469,13.65999984741211
2026-02-25 14:54:00+05:30,33.720001220703125,30505.25,2621.199951171875,1290.800048828125,25072.5,90.95249938964844,13.569999694824219
2026-02-25 14:55:00+05:30,33.7599983215332,30536.75,2623.0,1292.4000244140625,25074.0,90.95249938964844,13.515000343322754
2026-02-25 14:56:00+05:30,33.7400016784668,30517.150390625,2621.10009765625,1291.0,25078.0,90.93499755859375,13.5625
2026-02-25 14:57:00+05:30,33.7400016784668,30517.5,2621.60009765625,1290.699951171875,25075.75,90.9574966430664,13.577500343322754
2026-02-25 14:58:00+05:30,33.7400016784668,30514.94921875,2622.0,1290.5,25067.25,90.95500183105469,13.545000076293945
2026-02-25 14:59:00+05:30,33.72999954223633,30513.80078125,2622.60009765625,1290.800048828125,25068.5,90.94000244140625,13.537500381469727
2026-02-25 15:00:00+05:30,33.790000915527344,30565.30078125,2628.199951171875,1292.5,25067.5,90.95500183105469,13.470000267028809
2026-02-25 15:01:00+05:30,33.779998779296875,30556.849609375,2628.5,1291.699951171875,25068.75,90.95249938964844,13.494999885559082
2026-02-25 15:02:00+05:30,33.790000915527344,30573.349609375,2630.800048828125,1292.4000244140625,25065.0,90.95500183105469,13.412500381469727
2026-02-25 15:03:00+05:30,33.790000915527344,30579.30078125,2631.60009765625,1292.0999755859375,25068.0,90.94999694824219,13.382499694824219
2026-02-25 15:04:00+05:30,33.779998779296875,30558.099609375,2630.10009765625,1291.0999755859375,25071.0,90.94999694824219,13.395000457763672
2026-02-25 15:05:00+05:30,33.779998779296875,30552.5,2628.199951171875,1291.0,25068.5,90.95249938964844,13.467499732971191
2026-02-25 15:06:00+05:30,33.77000045776367,30553.25,2628.60009765625,1290.699951171875,25069.0,90.927001953125,13.467499732971191
2026-02-25 15:07:00+05:30,33.79999923706055,30572.650390625,2631.10009765625,1291.800048828125,25075.5,90.93499755859375,13.40250015258789
2026-02-25 15:08:00+05:30,33.790000915527344,30559.05078125,2629.300048828125,1291.4000244140625,25074.0,90.95500183105469,13.447500228881836
2026-02-25 15:09:00+05:30,33.77000045776367,30561.30078125,2630.0,1291.0,25076.75,90.94999694824219,13.460000038146973
2026-02-25 15:10:00+05:30,33.7599983215332,30535.19921875,2627.5,1290.5,25078.25,90.95500183105469,13.462499618530273
2026-02-25 15:11:00+05:30,33.720001220703125,30504.94921875,2624.89990234375,1289.5,25079.0,90.95500183105469,13.5024995803833
2026-02-25 15:12:00+05:30,33.7400016784668,30514.349609375,2626.800048828125,1289.9000244140625,25080.5,90.95500183105469,13.479999542236328
2026-02-25 15:13:00+05:30,33.7400016784668,30527.349609375,2627.89990234375,1290.0,25079.5,90.9574966430664,13.470000267028809
2026-02-25 15:14:00+05:30,33.7400016784668,30529.599609375,2628.0,1289.800048828125,25082.0,90.9574966430664,13.479999542236328
2026-02-25 15:15:00+05:30,33.75,30536.19921875,2629.5,1290.5999755859375,25081.75,90.9574966430664,13.522500038146973
2026-02-25 15:16:00+05:30,33.7400016784668,30524.80078125,2628.39990234375,1290.0,25084.5,90.94999694824219,13.512499809265137
2026-02-25 15:17:00+05:30,33.7400016784668,30520.44921875,2628.699951171875,1290.199951171875,25078.0,90.95500183105469,13.545000076293945
2026-02-25 15:18:00+05:30,33.720001220703125,30505.150390625,2628.300048828125,1289.199951171875,25079.0,90.95249938964844,13.5649995803833
2026-02-25 15:19:00+05:30,33.720001220703125,30507.099609375,2629.0,1289.0,25075.75,90.94999694824219,13.555000305175781
2026-02-25 15:20:00+05:30,33.709999084472656,30511.55078125,2630.0,1289.199951171875,25074.75,90.95500183105469,13.574999809265137
2026-02-25 15:21:00+05:30,33.720001220703125,30518.0,2631.39990234375,1289.4000244140625,25075.75,90.93000030517578,13.585000038146973
2026-02-25 15:22:00+05:30,33.7400016784668,30517.150390625,2631.89990234375,1289.4000244140625,25077.75,90.94999694824219,13.547499656677246
2026-02-25 15:23:00+05:30,33.7400016784668,30521.05078125,2634.800048828125,1289.0,25078.0,90.94999694824219,13.53499984741211
2026-02-25 15:24:00+05:30,33.709999084472656,30492.44921875,2632.60009765625,1287.9000244140625,25080.5,90.95500183105469,13.505000114440918
2026-02-25 15:25:00+05:30,33.689998626708984,30492.0,2633.0,1288.5999755859375,25081.25,90.94999694824219,13.487500190734863
2026-02-25 15:26:00+05:30,33.709999084472656,30500.150390625,2631.39990234375,1289.5,25083.0,90.95249938964844,13.430000305175781
2026-02-25 15:27:00+05:30,33.70000076293945,30507.44921875,2630.300048828125,1289.5999755859375,25081.75,90.95249938964844,13.452500343322754
2026-02-25 15:28:00+05:30,33.689998626708984,30495.05078125,2631.0,1289.4000244140625,25081.5,90.94999694824219,13.442500114440918
2026-02-25 15:29:00+05:30,33.70000076293945,30493.19921875,2629.300048828125,1289.9000244140625,25082.5,90.95249938964844,13.462499618530273
2026-02-25 15:30:00+05:30,33.70000076293945,30493.19921875,2629.300048828125,1289.9000244140625,25085.0,90.93399810791016,13.462499618530273
2026-02-26 09:00:00+05:30,33.70000076293945,30493.19921875,2629.300048828125,1289.9000244140625,25306.25,90.83999633789062,13.462499618530273
2026-02-26 09:01:00+05:30,33.70000076293945,30493.19921875,2629.300048828125,1289.9000244140625,25306.5,90.85250091552734,13.462499618530273
2026-02-26 09:02:00+05:30,33.70000076293945,30493.19921875,2629.300048828125,1289.9000244140625,25306.25,90.8499984741211,13.462499618530273
2026-02-26 09:03:00+05:30,33.70000076293945,30493.19921875,2629.300048828125,1289.9000244140625,25309.5,90.81500244140625,13.462499618530273
2026-02-26 09:04:00+05:30,33.70000076293945,30493.19921875,2629.300048828125,1289.9000244140625,25312.5,90.82749938964844,13.462499618530273
2026-02-26 09:05:00+05:30,33.70000076293945,30493.19921875,2629.300048828125,1289.9000244140625,25313.0,90.83499908447266,13.462499618530273
2026-02-26 09:06:00+05:30,33.70000076293945,30493.19921875,2629.300048828125,1289.9000244140625,25312.0,90.84249877929688,13.462499618530273
2026-02-26 09:07:00+05:30,33.70000076293945,30493.19921875,2629.300048828125,1289.9000244140625,25311.25,90.8375015258789,13.462499618530273
2026-02-26 09:08:00+05:30,33.70000076293945,30493.19921875,2629.300048828125,1289.9000244140625,25315.0,90.81999969482422,13.462499618530273
2026-02-26 09:09:00+05:30,33.70000076293945,30493.19921875,2629.300048828125,1289.9000244140625,25311.0,90.81099700927734,13.462499618530273
2026-02-26 09:10:00+05:30,33.70000076293945,30493.19921875,2629.300048828125,1289.9000244140625,25314.0,90.83000183105469,13.462499618530273
2026-02-26 09:11:00+05:30,33.70000076293945,30493.19921875,2629.300048828125,1289.9000244140625,25317.0,90.82749938964844,13.462499618530273
2026-02-26 09:12:00+05:30,33.70000076293945,30493.19921875,2629.300048828125,1289.9000244140625,25313.25,90.82499694824219,13.462499618530273
2026-02-26 09:13:00+05:30,33.70000076293945,30493.19921875,2629.300048828125,1289.9000244140625,25311.75,90.80750274658203,13.462499618530273
2026-02-26 09:14:00+05:30,33.70000076293945,30493.19921875,2629.300048828125,1289.9000244140625,25313.0,90.79299926757812,13.462499618530273
2026-02-26 09:15:00+05:30,34.16999816894531,30947.44921875,2658.0,1309.4000244140625,25315.75,90.80500030517578,12.962499618530273
2026-02-26 09:16:00+05:30,34.150001525878906,30896.150390625,2655.10009765625,1308.5999755859375,25317.25,90.8125,13.1899995803833
2026-02-26 09:17:00+05:30,34.15999984741211,30989.55078125,2666.0,1311.300048828125,25315.75,90.82250213623047,13.1850004196167
2026-02-26 09:18:00+05:30,34.189998626708984,30956.900390625,2664.39990234375,1309.9000244140625,25315.25,90.83499908447266,13.287500381469727
2026-02-26 09:19:00+05:30,34.150001525878906,30962.099609375,2665.0,1310.0,25313.25,90.84249877929688,13.154999732971191
2026-02-26 09:20:00+05:30,34.18000030517578,30985.19921875,2665.89990234375,1310.800048828125,25310.75,90.8324966430664,13.107500076293945
2026-02-26 09:21:00+05:30,34.150001525878906,30942.400390625,2664.0,1309.0999755859375,25308.75,90.822998046875,13.287500381469727
2026-02-26 09:22:00+05:30,34.09000015258789,30874.80078125,2657.800048828125,1305.0,25310.25,90.84249877929688,13.322500228881836
2026-02-26 09:23:00+05:30,34.060001373291016,30837.099609375,2655.10009765625,1303.699951171875,25309.5,90.84500122070312,13.34000015258789
2026-02-26 09:24:00+05:30,34.040000915527344,30826.25,2652.699951171875,1303.0999755859375,25306.5,90.83999633789062,13.40250015258789
2026-02-26 09:25:00+05:30,34.04999923706055,30819.849609375,2651.800048828125,1303.300048828125,25306.0,90.8290023803711,13.487500190734863
2026-02-26 09:26:00+05:30,34.029998779296875,30808.150390625,2649.199951171875,1302.4000244140625,25307.5,90.84249877929688,13.417499542236328
2026-02-26 09:27:00+05:30,34.0099983215332,30801.0,2649.89990234375,1302.199951171875,25303.5,90.82749938964844,13.345000267028809
2026-02-26 09:28:00+05:30,34.02000045776367,30785.5,2650.10009765625,1301.0,25300.25,90.8324966430664,13.4350004196167
2026-02-26 09:29:00+05:30,34.0,30782.400390625,2649.60009765625,1300.199951171875,25301.75,90.83499908447266,13.414999961853027
2026-02-26 09:30:00+05:30,34.02000045776367,30787.69921875,2649.800048828125,1301.5,25302.75,90.83999633789062,13.3774995803833
2026-02-26 09:31:00+05:30,34.0,30764.650390625,2648.89990234375,1300.800048828125,25301.75,90.83499908447266,13.457500457763672
2026-02-26 09:32:00+05:30,34.02000045776367,30782.05078125,2651.10009765625,1301.5,25300.0,90.85250091552734,13.34000015258789
2026-02-26 09:33:00+05:30,34.0099983215332,30774.94921875,2652.39990234375,1301.300048828125,25301.75,90.86250305175781,13.329999923706055
2026-02-26 09:34:00+05:30,34.040000915527344,30794.599609375,2653.60009765625,1301.5,25300.0,90.86499786376953,13.3125
2026-02-26 09:35:00+05:30,34.09000015258789,30867.900390625,2658.0,1303.5999755859375,25301.25,90.875,13.262499809265137
2026-02-26 09:36:00+05:30,34.119998931884766,30889.849609375,2659.0,1305.5999755859375,25300.25,90.8499984741211,13.145000457763672
2026-02-26 09:37:00+05:30,34.130001068115234,30891.69921875,2658.5,1305.800048828125,25307.0,90.87000274658203,13.192500114440918
2026-02-26 09:38:00+05:30,34.150001525878906,30906.650390625,2658.39990234375,1306.5999755859375,25306.25,90.86750030517578,13.140000343322754
2026-02-26 09:39:00+05:30,34.18000030517578,30936.099609375,2658.39990234375,1307.9000244140625,25310.5,90.87000274658203,13.182499885559082
2026-02-26 09:40:00+05:30,34.209999084472656,31000.05078125,2664.39990234375,1310.300048828125,25310.25,90.875,13.125
2026-02-26 09:41:00+05:30,34.189998626708984,30957.900390625,2663.0,1309.0,25306.25,90.85700225830078,13.1274995803833
2026-02-26 09:42:00+05:30,34.189998626708984,30972.80078125,2663.300048828125,1309.300048828125,25308.75,90.875,13.172499656677246
2026-02-26 09:43:00+05:30,34.25,31047.150390625,2668.0,1312.300048828125,25306.75,90.87750244140625,13.147500038146973
2026-02-26 09:44:00+05:30,34.279998779296875,31062.44921875,2668.10009765625,1312.300048828125,25301.0,90.875,13.164999961853027
2026-02-26 09:45:00+05:30,34.290000915527344,31078.80078125,2667.89990234375,1312.699951171875,25299.25,90.87249755859375,13.137499809265137
2026-02-26 09:46:00+05:30,34.2599983215332,31050.25,2662.5,1312.0,25297.25,90.87000274658203,13.177499771118164
2026-02-26 09:47:00+05:30,34.27000045776367,31056.650390625,2663.699951171875,1312.5,25298.0,90.86000061035156,13.164999961853027
2026-02-26 09:48:00+05:30,34.2599983215332,31066.349609375,2663.5,1311.9000244140625,25302.0,90.86750030517578,13.149999618530273
2026-02-26 09:49:00+05:30,34.25,31048.94921875,2663.800048828125,1310.9000244140625,25301.25,90.84500122070312,13.157500267028809
2026-02-26 09:50:00+05:30,34.2599983215332,31049.5,2665.0,1311.5999755859375,25300.25,90.86750030517578,13.15999984741211
2026-02-26 09:51:00+05:30,34.220001220703125,31005.150390625,2662.5,1310.0999755859375,25300.5,90.87000274658203,13.162500381469727
2026-02-26 09:52:00+05:30,34.189998626708984,30985.19921875,2661.5,1309.300048828125,25302.5,90.87249755859375,13.125
2026-02-26 09:53:00+05:30,34.150001525878906,30955.0,2659.39990234375,1307.9000244140625,25303.25,90.86499786376953,13.132499694824219
2026-02-26 09:54:00+05:30,34.119998931884766,30911.349609375,2656.0,1306.0,25300.0,90.86499786376953,13.21500015258789
2026-02-26 09:55:00+05:30,34.130001068115234,30933.5,2656.89990234375,1306.699951171875,25301.5,90.81900024414062,13.225000381469727
2026-02-26 09:56:00+05:30,34.130001068115234,30942.5,2657.89990234375,1307.5999755859375,25299.5,90.86000061035156,13.255000114440918
2026-02-26 09:57:00+05:30,34.15999984741211,30954.19921875,2659.0,1308.199951171875,25299.25,90.86250305175781,13.244999885559082
2026-02-26 09:58:00+05:30,34.13999938964844,30939.900390625,2659.10009765625,1307.699951171875,25297.75,90.86250305175781,13.232500076293945
2026-02-26 09:59:00+05:30,34.150001525878906,30935.75,2658.0,1307.199951171875,25298.75,90.86250305175781,13.292499542236328
2026-02-26 10:00:00+05:30,34.150001525878906,30948.05078125,2658.800048828125,1308.699951171875,25298.0,90.86250305175781,13.282500267028809
2026-02-26 10:01:00+05:30,34.20000076293945,30976.80078125,2661.699951171875,1309.4000244140625,25296.5,90.86499786376953,13.192500114440918
2026-02-26 10:02:00+05:30,34.16999816894531,30947.44921875,2659.39990234375,1308.300048828125,25295.25,90.87000274658203,13.225000381469727
2026-02-26 10:03:00+05:30,34.20000076293945,30954.650390625,2658.60009765625,1309.300048828125,25297.0,90.86750030517578,13.162500381469727
2026-02-26 10:04:00+05:30,34.22999954223633,30995.599609375,2665.5,1311.0999755859375,25294.25,90.86000061035156,13.102499961853027
2026-02-26 10:05:00+05:30,34.2400016784668,30991.349609375,2663.0,1310.5,25297.75,90.86499786376953,13.147500038146973
2026-02-26 10:06:00+05:30,34.27000045776367,31022.44921875,2664.699951171875,1311.800048828125,25303.5,90.83799743652344,13.125
2026-02-26 10:07:00+05:30,34.27000045776367,31019.80078125,2663.800048828125,1311.5,25303.75,90.87999725341797,13.15250015258789
2026-02-26 10:08:00+05:30,34.2599983215332,31008.0,2663.10009765625,1310.5,25301.0,90.875,13.142499923706055
2026-02-26 10:09:00+05:30,34.2599983215332,31011.349609375,2663.0,1310.699951171875,25303.25,90.87999725341797,13.092499732971191
2026-02-26 10:10:00+05:30,34.27000045776367,31022.55078125,2663.0,1311.5,25300.0,90.87249755859375,13.114999771118164
2026-02-26 10:11:00+05:30,34.2400016784668,30983.650390625,2661.89990234375,1310.0,25299.5,90.875,13.15250015258789
2026-02-26 10:12:00+05:30,34.25,30996.849609375,2662.39990234375,1309.5,25302.25,90.84200286865234,13.210000038146973
2026-02-26 10:13:00+05:30,34.25,31014.05078125,2664.0,1310.0,25299.75,90.84500122070312,13.192500114440918
2026-02-26 10:14:00+05:30,34.25,30994.5,2661.300048828125,1308.800048828125,25300.25,90.86750030517578,13.172499656677246
2026-02-26 10:15:00+05:30,34.22999954223633,30961.69921875,2660.5,1307.0,25299.25,90.86750030517578,13.180000305175781
2026-02-26 10:16:00+05:30,34.189998626708984,30947.19921875,2658.5,1306.0,25297.25,90.86000061035156,13.202500343322754
2026-02-26 10:17:00+05:30,34.209999084472656,30951.099609375,2659.5,1306.0,25298.75,90.83999633789062,13.182499885559082
2026-02-26 10:18:00+05:30,34.20000076293945,30942.849609375,2659.39990234375,1305.800048828125,25300.25,90.86000061035156,13.172499656677246
2026-02-26 10:19:00+05:30,34.18000030517578,30930.599609375,2658.199951171875,1305.4000244140625,25300.25,90.86000061035156,13.154999732971191
2026-02-26 10:20:00+05:30,34.16999816894531,30904.30078125,2657.199951171875,1304.0,25301.5,90.84500122070312,13.1850004196167
2026-02-26 10:21:00+05:30,34.13999938964844,30878.80078125,2652.89990234375,1303.0,25302.5,90.84400177001953,13.15999984741211
2026-02-26 10:22:00+05:30,34.11000061035156,30868.0,2650.300048828125,1303.0999755859375,25304.0,90.85700225830078,13.142499923706055
2026-02-26 10:23:00+05:30,34.119998931884766,30875.44921875,2651.39990234375,1303.4000244140625,25304.0,90.87000274658203,13.15999984741211
2026-02-26 10:24:00+05:30,34.13999938964844,30882.55078125,2652.39990234375,1303.800048828125,25303.25,90.83799743652344,13.132499694824219
2026-02-26 10:25:00+05:30,34.150001525878906,30893.599609375,2653.89990234375,1304.5,25301.0,90.87000274658203,13.137499809265137
2026-02-26 10:26:00+05:30,34.16999816894531,30910.5,2654.5,1305.5,25300.5,90.87000274658203,13.154999732971191
2026-02-26 10:27:00+05:30,34.150001525878906,30893.25,2653.89990234375,1304.5,25301.0,90.86750030517578,13.149999618530273
2026-02-26 10:28:00+05:30,34.150001525878906,30897.30078125,2653.39990234375,1304.699951171875,25299.25,90.86000061035156,13.1875
2026-02-26 10:29:00+05:30,34.130001068115234,30865.599609375,2651.39990234375,1303.5,25299.25,90.86000061035156,13.207500457763672
2026-02-26 10:30:00+05:30,34.099998474121094,30835.30078125,2648.10009765625,1302.300048828125,25299.25,90.86250305175781,13.217499732971191
2026-02-26 10:31:00+05:30,34.099998474121094,30854.44921875,2650.0,1302.699951171875,25299.25,90.85749816894531,13.177499771118164
2026-02-26 10:32:00+05:30,34.09000015258789,30843.900390625,2649.0,1302.0999755859375,25299.25,90.86250305175781,13.207500457763672
2026-02-26 10:33:00+05:30,34.09000015258789,30838.900390625,2649.89990234375,1301.699951171875,25299.25,90.86250305175781,13.145000457763672
2026-02-26 10:34:00+05:30,34.11000061035156,30859.849609375,2650.89990234375,1302.4000244140625,25299.25,90.86250305175781,13.157500267028809
2026-02-26 10:35:00+05:30,34.130001068115234,30872.55078125,2650.199951171875,1302.5999755859375,25299.25,90.86250305175781,13.220000267028809
2026-02-26 10:36:00+05:30,34.13999938964844,30877.30078125,2651.60009765625,1302.0,25299.25,90.83200073242188,13.227499961853027
2026-02-26 10:37:00+05:30,34.09000015258789,30851.75,2650.39990234375,1301.0,25299.25,90.85250091552734,13.194999694824219
2026-02-26 10:38:00+05:30,34.09000015258789,30840.19921875,2649.89990234375,1300.300048828125,25299.25,90.85250091552734,13.2475004196167
2026-02-26 10:39:00+05:30,34.11000061035156,30854.599609375,2650.699951171875,1301.0,25290.0,90.8550033569336,13.234999656677246
2026-02-26 10:40:00+05:30,34.11000061035156,30851.0,2649.89990234375,1300.5,25291.5,90.84500122070312,13.3149995803833
2026-02-26 10:41:00+05:30,34.11000061035156,30856.69921875,2649.5,1301.800048828125,25285.25,90.83000183105469,13.265000343322754
2026-02-26 10:42:00+05:30,34.119998931884766,30863.80078125,2650.10009765625,1302.5,25284.75,90.85250091552734,13.21500015258789
2026-02-26 10:43:00+05:30,34.11000061035156,30870.69921875,2649.5,1302.300048828125,25292.0,90.86000061035156,13.197500228881836
2026-02-26 10:44:00+05:30,34.119998931884766,30858.400390625,2649.60009765625,1300.699951171875,25285.25,90.86000061035156,13.234999656677246
2026-02-26 10:45:00+05:30,34.119998931884766,30862.19921875,2650.300048828125,1300.5,25285.25,90.86000061035156,13.204999923706055
2026-02-26 10:46:00+05:30,34.130001068115234,30881.099609375,2652.0,1301.199951171875,25287.25,90.8550033569336,13.207500457763672
2026-02-26 10:47:00+05:30,34.13999938964844,30878.349609375,2652.0,1301.4000244140625,25293.0,90.83499908447266,13.109999656677246
2026-02-26 10:48:00+05:30,34.13999938964844,30885.25,2654.0,1301.4000244140625,25299.0,90.8499984741211,13.112500190734863
2026-02-26 10:49:00+05:30,34.150001525878906,30891.30078125,2653.0,1301.5999755859375,25300.0,90.84750366210938,13.082500457763672
2026-02-26 10:50:00+05:30,34.150001525878906,30884.900390625,2653.10009765625,1301.0999755859375,25302.0,90.84750366210938,13.085000038146973
2026-02-26 10:51:00+05:30,34.130001068115234,30869.44921875,2652.39990234375,1300.699951171875,25301.75,90.822998046875,13.087499618530273
2026-02-26 10:52:00+05:30,34.09000015258789,30836.19921875,2651.39990234375,1299.0,25298.5,90.83000183105469,13.114999771118164
2026-02-26 10:53:00+05:30,34.04999923706055,30801.30078125,2648.699951171875,1298.0999755859375,25298.25,90.85250091552734,13.092499732971191
2026-02-26 10:54:00+05:30,34.02000045776367,30752.400390625,2644.0,1296.199951171875,25300.25,90.85250091552734,13.114999771118164
2026-02-26 10:55:00+05:30,33.9900016784668,30743.25,2643.60009765625,1296.5999755859375,25300.25,90.8499984741211,13.170000076293945
2026-02-26 10:56:00+05:30,33.97999954223633,30726.099609375,2643.5,1296.0,25298.0,90.85749816894531,13.177499771118164
2026-02-26 10:57:00+05:30,34.0,30752.349609375,2647.800048828125,1296.5,25296.75,90.83999633789062,13.132499694824219
2026-02-26 10:58:00+05:30,33.9900016784668,30743.150390625,2646.60009765625,1296.0,25296.25,90.83499908447266,13.149999618530273
2026-02-26 10:59:00+05:30,34.0099983215332,30753.19921875,2647.199951171875,1298.199951171875,25295.75,90.86000061035156,13.177499771118164
2026-02-26 11:00:00+05:30,33.9900016784668,30747.30078125,2646.800048828125,1297.699951171875,25295.0,90.83300018310547,13.1850004196167
2026-02-26 11:01:00+05:30,34.0,30748.0,2649.0,1297.300048828125,25291.75,90.83399963378906,13.182499885559082
2026-02-26 11:02:00+05:30,34.0099983215332,30772.19921875,2650.5,1298.9000244140625,25295.75,90.84500122070312,13.1875
2026-02-26 11:03:00+05:30,34.040000915527344,30803.75,2652.699951171875,1299.5999755859375,25296.0,90.86499786376953,13.170000076293945
2026-02-26 11:04:00+05:30,34.04999923706055,30803.94921875,2653.300048828125,1299.300048828125,25295.75,90.8479995727539,13.170000076293945
2026-02-26 11:05:00+05:30,34.040000915527344,30792.650390625,2653.199951171875,1299.0999755859375,25296.25,90.87999725341797,13.177499771118164
2026-02-26 11:06:00+05:30,34.040000915527344,30794.30078125,2652.199951171875,1299.0,25296.75,90.86000061035156,13.180000305175781
2026-02-26 11:07:00+05:30,34.029998779296875,30797.099609375,2653.300048828125,1298.699951171875,25294.25,90.89250183105469,13.15999984741211
2026-02-26 11:08:00+05:30,34.040000915527344,30800.30078125,2653.0,1298.800048828125,25293.75,90.9000015258789,13.157500267028809
2026-02-26 11:09:00+05:30,34.040000915527344,30794.0,2652.10009765625,1298.5999755859375,25296.0,90.89749908447266,13.15999984741211
2026-02-26 11:10:00+05:30,34.04999923706055,30803.099609375,2652.800048828125,1298.9000244140625,25297.5,90.88999938964844,13.167499542236328
2026-02-26 11:11:00+05:30,34.040000915527344,30788.349609375,2651.60009765625,1298.4000244140625,25295.75,90.88249969482422,13.1274995803833
2026-02-26 11:12:00+05:30,34.02000045776367,30777.75,2649.89990234375,1298.5999755859375,25298.0,90.86299896240234,13.147500038146973
2026-02-26 11:13:00+05:30,34.029998779296875,30789.900390625,2651.300048828125,1298.5,25297.0,90.85399627685547,13.107500076293945
2026-02-26 11:14:00+05:30,34.029998779296875,30803.94921875,2653.0,1299.0999755859375,25297.5,90.86299896240234,13.1274995803833
2026-02-26 11:15:00+05:30,34.060001373291016,30806.25,2653.89990234375,1299.5999755859375,25307.5,90.88249969482422,13.1274995803833
2026-02-26 11:16:00+05:30,34.040000915527344,30790.25,2652.5,1298.9000244140625,25303.75,90.88249969482422,13.147500038146973
2026-02-26 11:17:00+05:30,34.04999923706055,30801.349609375,2653.5,1299.0999755859375,25309.25,90.88500213623047,13.109999656677246
2026-02-26 11:18:00+05:30,34.060001373291016,30808.94921875,2653.800048828125,1299.4000244140625,25308.0,90.88999938964844,13.067500114440918
2026-02-26 11:19:00+05:30,34.040000915527344,30792.599609375,2652.39990234375,1298.800048828125,25306.75,90.87000274658203,13.069999694824219
2026-02-26 11:20:00+05:30,34.02000045776367,30786.05078125,2650.800048828125,1298.5999755859375,25300.5,90.88249969482422,13.087499618530273
2026-02-26 11:21:00+05:30,34.029998779296875,30783.650390625,2651.89990234375,1299.0,25297.0,90.85399627685547,13.079999923706055
2026-02-26 11:22:00+05:30,34.029998779296875,30793.0,2653.0,1299.5999755859375,25300.75,90.87999725341797,13.057499885559082
2026-02-26 11:23:00+05:30,34.040000915527344,30791.849609375,2653.0,1299.4000244140625,25300.0,90.85099792480469,13.069999694824219
2026-02-26 11:24:00+05:30,34.040000915527344,30800.44921875,2654.0,1299.5,25298.75,90.88249969482422,13.055000305175781
2026-02-26 11:25:00+05:30,34.09000015258789,30844.349609375,2657.5,1300.4000244140625,25303.25,90.87750244140625,12.957500457763672
2026-02-26 11:26:00+05:30,34.09000015258789,30841.80078125,2658.0,1301.0,25308.5,90.875,12.979999542236328
2026-02-26 11:27:00+05:30,34.060001373291016,30809.25,2654.89990234375,1299.699951171875,25304.5,90.86299896240234,13.022500038146973
2026-02-26 11:28:00+05:30,34.02000045776367,30789.150390625,2653.199951171875,1299.0,25308.25,90.86299896240234,13.045000076293945
2026-02-26 11:29:00+05:30,34.040000915527344,30793.400390625,2653.0,1298.5,25308.0,90.84700012207031,13.067500114440918
2026-02-26 11:30:00+05:30,34.0,30763.150390625,2651.60009765625,1297.5999755859375,25316.0,90.89250183105469,13.069999694824219
2026-02-26 11:31:00+05:30,34.02000045776367,30779.099609375,2652.699951171875,1298.199951171875,25315.25,90.8949966430664,13.069999694824219
2026-02-26 11:32:00+05:30,34.0,30771.650390625,2652.0,1298.199951171875,25312.0,90.8949966430664,13.085000038146973
2026-02-26 11:33:00+05:30,34.040000915527344,30788.099609375,2653.699951171875,1298.800048828125,25309.0,90.90499877929688,13.074999809265137
2026-02-26 11:34:00+05:30,34.0099983215332,30766.25,2652.39990234375,1298.199951171875,25307.25,90.88200378417969,13.057499885559082
2026-02-26 11:35:00+05:30,34.0099983215332,30760.75,2652.699951171875,1298.0,25309.5,90.8949966430664,13.087499618530273
2026-02-26 11:36:00+05:30,34.0,30753.44921875,2652.0,1297.9000244140625,25317.5,90.89749908447266,13.0649995803833
2026-02-26 11:37:00+05:30,33.9900016784668,30741.099609375,2651.300048828125,1297.5,25321.25,90.86799621582031,13.104999542236328
2026-02-26 11:38:00+05:30,33.97999954223633,30741.94921875,2651.0,1297.4000244140625,25326.0,90.90750122070312,13.085000038146973
2026-02-26 11:39:00+05:30,33.959999084472656,30732.69921875,2650.300048828125,1297.4000244140625,25324.75,90.90499877929688,13.162500381469727
2026-02-26 11:40:00+05:30,33.93000030517578,30696.349609375,2643.300048828125,1296.5,25323.5,90.90249633789062,13.217499732971191
2026-02-26 11:41:00+05:30,33.91999816894531,30694.099609375,2645.300048828125,1296.0999755859375,25325.0,90.87999725341797,13.260000228881836
2026-02-26 11:42:00+05:30,33.88999938964844,30677.0,2644.300048828125,1295.5999755859375,25329.0,90.87000274658203,13.267499923706055
2026-02-26 11:43:00+05:30,33.91999816894531,30686.30078125,2645.39990234375,1295.9000244140625,25329.5,90.9000015258789,13.327500343322754
2026-02-26 11:44:00+05:30,33.93000030517578,30688.849609375,2646.0,1296.4000244140625,25333.0,90.89749908447266,13.307499885559082
2026-02-26 11:45:00+05:30,33.939998626708984,30701.94921875,2648.39990234375,1297.199951171875,25332.25,90.88200378417969,13.327500343322754
2026-02-26 11:46:00+05:30,33.939998626708984,30699.75,2647.10009765625,1297.5999755859375,25324.0,90.9000015258789,13.317500114440918
2026-02-26 11:47:00+05:30,33.93000030517578,30702.05078125,2647.300048828125,1297.9000244140625,25324.5,90.91000366210938,13.295000076293945
2026-02-26 11:48:00+05:30,33.93000030517578,30717.75,2649.10009765625,1298.0,25321.75,90.9000015258789,13.257499694824219
2026-02-26 11:49:00+05:30,33.93000030517578,30719.19921875,2648.89990234375,1297.9000244140625,25323.75,90.90249633789062,13.257499694824219
2026-02-26 11:50:00+05:30,33.93000030517578,30730.599609375,2650.699951171875,1298.5,25328.5,90.90499877929688,13.274999618530273
2026-02-26 11:51:00+05:30,33.93000030517578,30726.44921875,2650.300048828125,1298.0,25328.0,90.9000015258789,13.274999618530273
2026-02-26 11:52:00+05:30,33.93000030517578,30728.30078125,2650.0,1299.0,25323.25,90.90499877929688,13.27750015258789
2026-02-26 11:53:00+05:30,33.900001525878906,30683.19921875,2646.699951171875,1296.0999755859375,25323.25,90.90499877929688,13.354999542236328
2026-02-26 11:54:00+05:30,33.869998931884766,30691.69921875,2649.0,1296.4000244140625,25324.75,90.90249633789062,13.335000038146973
2026-02-26 11:55:00+05:30,33.900001525878906,30693.849609375,2649.39990234375,1296.5,25325.5,90.90249633789062,13.354999542236328
2026-02-26 11:56:00+05:30,33.900001525878906,30691.900390625,2649.0,1296.199951171875,25325.5,90.90499877929688,13.375
2026-02-26 11:57:00+05:30,33.88999938964844,30682.5,2648.0,1296.0,25324.25,90.89749908447266,13.40250015258789
2026-02-26 11:58:00+05:30,33.900001525878906,30692.19921875,2649.0,1295.800048828125,25319.75,90.87200164794922,13.354999542236328
2026-02-26 11:59:00+05:30,33.88999938964844,30683.80078125,2648.199951171875,1295.300048828125,25320.0,90.86799621582031,13.3774995803833
2026-02-26 12:00:00+05:30,33.900001525878906,30686.19921875,2648.300048828125,1295.4000244140625,25324.5,90.88999938964844,13.337499618530273
2026-02-26 12:01:00+05:30,33.88999938964844,30680.30078125,2648.800048828125,1295.0,25319.0,90.87799835205078,13.329999923706055
2026-02-26 12:02:00+05:30,33.90999984741211,30707.94921875,2651.60009765625,1297.4000244140625,25326.75,90.87000274658203,13.319999694824219
2026-02-26 12:03:00+05:30,33.900001525878906,30699.900390625,2650.5,1297.699951171875,25331.25,90.89250183105469,13.332500457763672
2026-02-26 12:04:00+05:30,33.93000030517578,30727.400390625,2653.5,1298.199951171875,25330.25,90.86599731445312,13.302499771118164
2026-02-26 12:05:00+05:30,33.95000076293945,30734.30078125,2653.89990234375,1299.0999755859375,25329.0,90.88749694824219,13.282500267028809
2026-02-26 12:06:00+05:30,33.95000076293945,30740.5,2653.800048828125,1299.199951171875,25329.5,90.87000274658203,13.260000228881836
2026-02-26 12:07:00+05:30,33.95000076293945,30728.25,2654.10009765625,1299.199951171875,25333.25,90.89749908447266,13.292499542236328
2026-02-26 12:08:00+05:30,33.91999816894531,30714.849609375,2653.0,1298.5999755859375,25334.25,90.89749908447266,13.329999923706055
2026-02-26 12:09:00+05:30,33.91999816894531,30709.400390625,2652.89990234375,1299.0999755859375,25335.0,90.89749908447266,13.3100004196167
2026-02-26 12:10:00+05:30,33.91999816894531,30706.099609375,2652.89990234375,1299.199951171875,25332.75,90.9000015258789,13.319999694824219
2026-02-26 12:11:00+05:30,33.900001525878906,30682.599609375,2653.0,1297.5999755859375,25337.75,90.89749908447266,13.34000015258789
2026-02-26 12:12:00+05:30,33.900001525878906,30685.30078125,2653.699951171875,1298.0,25334.5,90.87000274658203,13.319999694824219
2026-02-26 12:13:00+05:30,33.900001525878906,30671.80078125,2651.699951171875,1297.9000244140625,25333.25,90.86900329589844,13.319999694824219
2026-02-26 12:14:00+05:30,33.900001525878906,30676.19921875,2651.800048828125,1298.0,25334.75,90.9000015258789,13.352499961853027
2026-02-26 12:15:00+05:30,33.900001525878906,30691.0,2652.60009765625,1298.4000244140625,25339.5,90.88200378417969,13.329999923706055
2026-02-26 12:16:00+05:30,33.900001525878906,30701.650390625,2652.5,1298.800048828125,25340.75,90.9000015258789,13.329999923706055
2026-02-26 12:17:00+05:30,33.900001525878906,30706.5,2655.0,1298.0999755859375,25343.5,90.87200164794922,13.34749984741211
2026-02-26 12:18:00+05:30,33.88999938964844,30694.94921875,2652.60009765625,1297.800048828125,25338.75,90.87799835205078,13.34000015258789
2026-02-26 12:19:00+05:30,33.880001068115234,30682.650390625,2653.300048828125,1296.0999755859375,25336.0,90.89749908447266,13.322500228881836
2026-02-26 12:20:00+05:30,33.869998931884766,30667.75,2651.0,1295.300048828125,25337.75,90.87799835205078,13.40250015258789
2026-02-26 12:21:00+05:30,33.849998474121094,30652.900390625,2648.5,1295.199951171875,25334.75,90.87300109863281,13.47249984741211
2026-02-26 12:22:00+05:30,33.849998474121094,30630.150390625,2647.10009765625,1294.199951171875,25332.25,90.87300109863281,13.5024995803833
2026-02-26 12:23:00+05:30,33.83000183105469,30622.650390625,2643.89990234375,1294.0,25328.5,90.8949966430664,13.427499771118164
2026-02-26 12:24:00+05:30,33.83000183105469,30639.44921875,2645.199951171875,1295.199951171875,25324.75,90.88500213623047,13.399999618530273
2026-02-26 12:25:00+05:30,33.84000015258789,30633.75,2644.699951171875,1294.800048828125,25325.75,90.86799621582031,13.444999694824219
2026-02-26 12:26:00+05:30,33.79999923706055,30612.19921875,2644.10009765625,1293.800048828125,25326.0,90.86499786376953,13.454999923706055
2026-02-26 12:27:00+05:30,33.810001373291016,30624.05078125,2649.0,1293.300048828125,25325.0,90.88249969482422,13.454999923706055
2026-02-26 12:28:00+05:30,33.81999969482422,30617.69921875,2648.0,1293.4000244140625,25327.5,90.88500213623047,13.427499771118164
2026-02-26 12:29:00+05:30,33.810001373291016,30610.75,2647.60009765625,1293.199951171875,25327.5,90.88500213623047,13.4375
2026-02-26 12:30:00+05:30,33.790000915527344,30593.75,2647.699951171875,1293.5,25335.0,90.86499786376953,13.452500343322754
2026-02-26 12:31:00+05:30,33.790000915527344,30588.099609375,2645.0,1293.199951171875,25335.75,90.86000061035156,13.4350004196167
2026-02-26 12:32:00+05:30,33.779998779296875,30571.94921875,2644.10009765625,1292.300048828125,25333.25,90.86000061035156,13.4375
2026-02-26 12:33:00+05:30,33.790000915527344,30589.80078125,2645.800048828125,1292.9000244140625,25333.75,90.87000274658203,13.454999923706055
2026-02-26 12:34:00+05:30,33.79999923706055,30586.30078125,2645.300048828125,1292.4000244140625,25339.5,90.87000274658203,13.457500457763672
2026-02-26 12:35:00+05:30,33.790000915527344,30581.55078125,2646.0,1292.0999755859375,25339.0,90.88999938964844,13.46500015258789
2026-02-26 12:36:00+05:30,33.810001373291016,30588.25,2647.10009765625,1292.199951171875,25339.25,90.8550033569336,13.454999923706055
2026-02-26 12:37:00+05:30,33.779998779296875,30596.400390625,2646.60009765625,1293.0,25344.75,90.87999725341797,13.442500114440918
2026-02-26 12:38:00+05:30,33.790000915527344,30582.599609375,2647.39990234375,1292.4000244140625,25344.5,90.86299896240234,13.462499618530273
2026-02-26 12:39:00+05:30,33.790000915527344,30584.0,2646.800048828125,1292.5,25346.25,90.88249969482422,13.475000381469727
2026-02-26 12:40:00+05:30,33.79999923706055,30585.650390625,2646.300048828125,1292.5,25347.25,90.88249969482422,13.452500343322754
2026-02-26 12:41:00+05:30,33.790000915527344,30596.19921875,2648.5,1292.800048828125,25345.25,90.86000061035156,13.414999961853027
2026-02-26 12:42:00+05:30,33.79999923706055,30598.30078125,2649.60009765625,1293.0,25341.25,90.86100006103516,13.414999961853027
2026-02-26 12:43:00+05:30,33.790000915527344,30602.5,2650.89990234375,1293.0,25344.75,90.8550033569336,13.395000457763672
2026-02-26 12:44:00+05:30,33.81999969482422,30612.650390625,2650.89990234375,1292.300048828125,25347.5,90.87750244140625,13.3774995803833
2026-02-26 12:45:00+05:30,33.790000915527344,30592.94921875,2646.300048828125,1292.4000244140625,25345.75,90.87750244140625,13.432499885559082
2026-02-26 12:46:00+05:30,33.79999923706055,30601.099609375,2646.60009765625,1292.0999755859375,25344.25,90.86000061035156,13.425000190734863
2026-02-26 12:47:00+05:30,33.79999923706055,30587.44921875,2644.5,1292.0999755859375,25345.5,90.87999725341797,13.425000190734863
2026-02-26 12:48:00+05:30,33.77000045776367,30560.19921875,2641.60009765625,1291.0999755859375,25347.75,90.87999725341797,13.4399995803833
2026-02-26 12:49:00+05:30,33.790000915527344,30579.5,2645.0,1291.5,25347.0,90.85399627685547,13.449999809265137
2026-02-26 12:50:00+05:30,33.810001373291016,30588.19921875,2646.300048828125,1291.5999755859375,25348.5,90.8499984741211,13.462499618530273
2026-02-26 12:51:00+05:30,33.810001373291016,30599.900390625,2649.300048828125,1292.0,25355.0,90.86750030517578,13.470000267028809
2026-02-26 12:52:00+05:30,33.810001373291016,30600.400390625,2648.39990234375,1291.699951171875,25354.0,90.83899688720703,13.462499618530273
2026-02-26 12:53:00+05:30,33.810001373291016,30595.349609375,2646.5,1291.0,25339.0,90.86499786376953,13.47249984741211
2026-02-26 12:54:00+05:30,33.79999923706055,30585.599609375,2646.800048828125,1290.4000244140625,25332.25,90.86250305175781,13.484999656677246
2026-02-26 12:55:00+05:30,33.790000915527344,30571.94921875,2645.199951171875,1289.4000244140625,25332.75,90.86250305175781,13.515000343322754
2026-02-26 12:56:00+05:30,33.7599983215332,30546.0,2643.199951171875,1288.5999755859375,25337.5,90.86000061035156,13.52750015258789
2026-02-26 12:57:00+05:30,33.779998779296875,30559.75,2644.5,1288.9000244140625,25340.0,90.8479995727539,13.505000114440918
2026-02-26 12:58:00+05:30,33.75,30541.400390625,2643.39990234375,1288.300048828125,25342.25,90.875,13.517499923706055
2026-02-26 12:59:00+05:30,33.75,30536.75,2642.89990234375,1288.5,25341.25,90.87249755859375,13.515000343322754
2026-02-26 13:00:00+05:30,33.75,30552.25,2646.0,1289.699951171875,25346.0,90.87249755859375,13.524999618530273
2026-02-26 13:01:00+05:30,33.77000045776367,30571.599609375,2647.39990234375,1290.9000244140625,25344.75,90.86000061035156,13.494999885559082
2026-02-26 13:02:00+05:30,33.779998779296875,30567.19921875,2646.199951171875,1291.0999755859375,25341.0,90.84750366210938,13.494999885559082
2026-02-26 13:03:00+05:30,33.779998779296875,30561.599609375,2646.39990234375,1290.5,25342.25,90.8499984741211,13.505000114440918
2026-02-26 13:04:00+05:30,33.79999923706055,30584.55078125,2647.39990234375,1291.800048828125,25343.5,90.83999633789062,13.432499885559082
2026-02-26 13:05:00+05:30,33.79999923706055,30591.900390625,2648.0,1292.0999755859375,25341.25,90.84249877929688,13.452500343322754
2026-02-26 13:06:00+05:30,33.790000915527344,30570.400390625,2647.89990234375,1290.5,25343.0,90.84750366210938,13.475000381469727
2026-02-26 13:07:00+05:30,33.7599983215332,30547.650390625,2645.699951171875,1289.199951171875,25342.0,90.85250091552734,13.494999885559082
2026-02-26 13:08:00+05:30,33.7599983215332,30552.05078125,2645.60009765625,1290.199951171875,25340.25,90.85749816894531,13.494999885559082
2026-02-26 13:09:00+05:30,33.75,30546.80078125,2643.699951171875,1290.0,25343.5,90.83499908447266,13.505000114440918
2026-02-26 13:10:00+05:30,33.7400016784668,30531.80078125,2643.0,1289.5,25344.25,90.86000061035156,13.515000343322754
2026-02-26 13:11:00+05:30,33.72999954223633,30520.44921875,2642.10009765625,1288.800048828125,25347.75,90.85749816894531,13.510000228881836
2026-02-26 13:12:00+05:30,33.72999954223633,30523.69921875,2641.89990234375,1288.699951171875,25352.5,90.83499908447266,13.505000114440918
2026-02-26 13:13:00+05:30,33.72999954223633,30518.05078125,2642.39990234375,1288.199951171875,25359.75,90.83399963378906,13.515000343322754
2026-02-26 13:14:00+05:30,33.720001220703125,30508.19921875,2641.300048828125,1288.300048828125,25360.5,90.8499984741211,13.507499694824219
2026-02-26 13:15:00+05:30,33.720001220703125,30507.75,2642.10009765625,1287.800048828125,25357.0,90.85749816894531,13.477499961853027
2026-02-26 13:16:00+05:30,33.70000076293945,30497.75,2640.0,1287.800048828125,25358.0,90.86250305175781,13.524999618530273
2026-02-26 13:17:00+05:30,33.65999984741211,30466.19921875,2636.5,1286.699951171875,25353.25,90.84200286865234,13.537500381469727
2026-02-26 13:18:00+05:30,33.68000030517578,30484.900390625,2638.60009765625,1287.699951171875,25350.75,90.83999633789062,13.520000457763672
2026-02-26 13:19:00+05:30,33.689998626708984,30488.0,2640.0,1287.4000244140625,25352.75,90.86000061035156,13.537500381469727
2026-02-26 13:20:00+05:30,33.70000076293945,30492.69921875,2640.89990234375,1287.300048828125,25345.5,90.85399627685547,13.574999809265137
2026-02-26 13:21:00+05:30,33.709999084472656,30496.80078125,2640.60009765625,1287.9000244140625,25347.75,90.86499786376953,13.552499771118164
2026-02-26 13:22:00+05:30,33.7400016784668,30535.19921875,2641.699951171875,1289.4000244140625,25349.25,90.87750244140625,13.517499923706055
2026-02-26 13:23:00+05:30,33.7400016784668,30532.900390625,2643.800048828125,1289.0,25352.25,90.87999725341797,13.510000228881836
2026-02-26 13:24:00+05:30,33.72999954223633,30530.44921875,2643.800048828125,1289.300048828125,25354.75,90.875,13.507499694824219
2026-02-26 13:25:00+05:30,33.7400016784668,30546.650390625,2645.300048828125,1290.0,25354.25,90.85299682617188,13.517499923706055
2026-02-26 13:26:00+05:30,33.7599983215332,30547.25,2644.39990234375,1290.300048828125,25356.75,90.87999725341797,13.5024995803833
2026-02-26 13:27:00+05:30,33.779998779296875,30567.5,2646.0,1290.9000244140625,25354.75,90.87750244140625,13.512499809265137
2026-02-26 13:28:00+05:30,33.7599983215332,30546.05078125,2644.199951171875,1289.800048828125,25353.75,90.875,13.507499694824219
2026-02-26 13:29:00+05:30,33.7599983215332,30552.349609375,2643.800048828125,1289.9000244140625,25347.25,90.87000274658203,13.569999694824219
2026-02-26 13:30:00+05:30,33.75,30529.900390625,2641.89990234375,1289.300048828125,25344.75,90.85299682617188,13.579999923706055
2026-02-26 13:31:00+05:30,33.77000045776367,30554.400390625,2644.0,1290.300048828125,25353.0,90.86000061035156,13.512499809265137
2026-02-26 13:32:00+05:30,33.77000045776367,30544.599609375,2643.300048828125,1289.9000244140625,25348.0,90.87750244140625,13.532500267028809
2026-02-26 13:33:00+05:30,33.7400016784668,30518.69921875,2641.39990234375,1288.5,25355.25,90.86299896240234,13.547499656677246
2026-02-26 13:34:00+05:30,33.7400016784668,30526.80078125,2641.0,1288.800048828125,25353.5,90.88749694824219,13.547499656677246
2026-02-26 13:35:00+05:30,33.7599983215332,30546.44921875,2642.60009765625,1290.199951171875,25355.75,90.88749694824219,13.542499542236328
2026-02-26 13:36:00+05:30,33.7599983215332,30547.650390625,2642.60009765625,1290.0999755859375,25356.0,90.88749694824219,13.545000076293945
2026-02-26 13:37:00+05:30,33.75,30537.69921875,2642.39990234375,1289.9000244140625,25355.75,90.88999938964844,13.53499984741211
2026-02-26 13:38:00+05:30,33.7400016784668,30522.650390625,2640.800048828125,1289.199951171875,25350.25,90.88999938964844,13.524999618530273
2026-02-26 13:39:00+05:30,33.7400016784668,30523.30078125,2641.0,1289.0,25350.0,90.88999938964844,13.524999618530273
2026-02-26 13:40:00+05:30,33.75,30532.349609375,2641.60009765625,1289.300048828125,25348.25,90.89250183105469,13.532500267028809
2026-02-26 13:41:00+05:30,33.72999954223633,30528.849609375,2641.89990234375,1289.199951171875,25359.25,90.88999938964844,13.512499809265137
2026-02-26 13:42:00+05:30,33.77000045776367,30539.0,2641.10009765625,1289.800048828125,25357.0,90.89250183105469,13.515000343322754
2026-02-26 13:43:00+05:30,33.7400016784668,30526.19921875,2640.199951171875,1288.9000244140625,25361.0,90.86399841308594,13.524999618530273
2026-02-26 13:44:00+05:30,33.75,30535.0,2640.60009765625,1289.5999755859375,25365.0,90.86499786376953,13.512499809265137
2026-02-26 13:45:00+05:30,33.75,30543.099609375,2640.5,1290.5999755859375,25373.25,90.88249969482422,13.515000343322754
2026-02-26 13:46:00+05:30,33.72999954223633,30517.099609375,2638.60009765625,1289.5,25371.75,90.87999725341797,13.545000076293945
2026-02-26 13:47:00+05:30,33.7400016784668,30524.55078125,2638.0,1289.9000244140625,25368.0,90.8550033569336,13.557499885559082
2026-02-26 13:48:00+05:30,33.75,30528.150390625,2638.800048828125,1290.0,25378.0,90.89250183105469,13.555000305175781
2026-02-26 13:49:00+05:30,33.7400016784668,30515.69921875,2637.199951171875,1289.4000244140625,25381.0,90.88999938964844,13.537500381469727
2026-02-26 13:50:00+05:30,33.72999954223633,30514.94921875,2638.300048828125,1289.699951171875,25381.5,90.89250183105469,13.529999732971191
2026-02-26 13:51:00+05:30,33.75,30530.400390625,2638.800048828125,1290.699951171875,25391.25,90.8949966430664,13.492500305175781
2026-02-26 13:52:00+05:30,33.77000045776367,30554.349609375,2641.800048828125,1291.5999755859375,25382.25,90.8949966430664,13.52750015258789
2026-02-26 13:53:00+05:30,33.77000045776367,30562.44921875,2642.5,1291.800048828125,25374.0,90.89250183105469,13.53499984741211
2026-02-26 13:54:00+05:30,33.79999923706055,30579.650390625,2643.60009765625,1292.9000244140625,25369.75,90.88999938964844,13.5
2026-02-26 13:55:00+05:30,33.79999923706055,30586.650390625,2645.0,1293.0,25366.5,90.89250183105469,13.507499694824219
2026-02-26 13:56:00+05:30,33.79999923706055,30583.75,2645.199951171875,1292.800048828125,25366.25,90.89250183105469,13.52750015258789
2026-02-26 13:57:00+05:30,33.790000915527344,30580.400390625,2645.199951171875,1293.0999755859375,25370.75,90.88999938964844,13.517499923706055
2026-02-26 13:58:00+05:30,33.790000915527344,30574.44921875,2645.39990234375,1292.5999755859375,25369.75,90.89250183105469,13.475000381469727
2026-02-26 13:59:00+05:30,33.790000915527344,30575.650390625,2645.300048828125,1292.5999755859375,25372.0,90.88999938964844,13.47249984741211
2026-02-26 14:00:00+05:30,33.779998779296875,30575.400390625,2644.89990234375,1292.699951171875,25368.0,90.875,13.5
2026-02-26 14:01:00+05:30,33.790000915527344,30578.05078125,2646.10009765625,1292.800048828125,25362.25,90.88249969482422,13.492500305175781
2026-02-26 14:02:00+05:30,33.779998779296875,30571.900390625,2646.0,1292.800048828125,25357.5,90.87999725341797,13.482500076293945
2026-02-26 14:03:00+05:30,33.7599983215332,30543.19921875,2645.0,1290.699951171875,25357.25,90.88249969482422,13.512499809265137
2026-02-26 14:04:00+05:30,33.7599983215332,30537.0,2642.39990234375,1290.5999755859375,25359.25,90.88500213623047,13.492500305175781
2026-02-26 14:05:00+05:30,33.72999954223633,30523.849609375,2641.89990234375,1290.4000244140625,25362.5,90.87750244140625,13.537500381469727
2026-02-26 14:06:00+05:30,33.7400016784668,30519.349609375,2640.39990234375,1290.0,25365.5,90.87999725341797,13.520000457763672
2026-02-26 14:07:00+05:30,33.72999954223633,30516.80078125,2641.0,1289.800048828125,25355.75,90.85900115966797,13.539999961853027
2026-02-26 14:08:00+05:30,33.7599983215332,30561.44921875,2644.89990234375,1291.699951171875,25353.25,90.87750244140625,13.417499542236328
2026-02-26 14:09:00+05:30,33.7599983215332,30556.849609375,2643.60009765625,1291.0,25359.25,90.875,13.482500076293945
2026-02-26 14:10:00+05:30,33.790000915527344,30582.150390625,2644.89990234375,1292.9000244140625,25353.25,90.85099792480469,13.460000038146973
2026-02-26 14:11:00+05:30,33.79999923706055,30583.44921875,2646.60009765625,1292.699951171875,25352.25,90.875,13.462499618530273
2026-02-26 14:12:00+05:30,33.810001373291016,30586.400390625,2646.10009765625,1292.5,25354.5,90.87750244140625,13.432499885559082
2026-02-26 14:13:00+05:30,33.79999923706055,30577.0,2646.39990234375,1291.5,25354.25,90.87999725341797,13.432499885559082
2026-02-26 14:14:00+05:30,33.79999923706055,30577.099609375,2646.39990234375,1292.0,25355.75,90.85299682617188,13.412500381469727
2026-02-26 14:15:00+05:30,33.79999923706055,30579.69921875,2646.800048828125,1291.800048828125,25356.25,90.86000061035156,13.364999771118164
2026-02-26 14:16:00+05:30,33.790000915527344,30562.599609375,2645.0,1290.9000244140625,25355.0,90.87999725341797,13.417499542236328
2026-02-26 14:17:00+05:30,33.779998779296875,30564.349609375,2645.800048828125,1291.4000244140625,25345.5,90.85600280761719,13.397500038146973
2026-02-26 14:18:00+05:30,33.77000045776367,30549.80078125,2643.89990234375,1290.5999755859375,25349.75,90.87999725341797,13.444999694824219
2026-02-26 14:19:00+05:30,33.7599983215332,30537.80078125,2643.89990234375,1289.800048828125,25346.5,90.87999725341797,13.427499771118164
2026-02-26 14:20:00+05:30,33.7599983215332,30540.400390625,2644.60009765625,1289.9000244140625,25348.25,90.86000061035156,13.427499771118164
2026-02-26 14:21:00+05:30,33.720001220703125,30510.75,2642.60009765625,1289.0,25349.75,90.88249969482422,13.392499923706055
2026-02-26 14:22:00+05:30,33.7400016784668,30521.599609375,2642.699951171875,1289.5,25349.75,90.88249969482422,13.40250015258789
2026-02-26 14:23:00+05:30,33.7400016784668,30523.05078125,2642.800048828125,1289.4000244140625,25353.5,90.87999725341797,13.414999961853027
2026-02-26 14:24:00+05:30,33.72999954223633,30514.69921875,2642.0,1289.0999755859375,25348.25,90.875,13.385000228881836
2026-02-26 14:25:00+05:30,33.72999954223633,30513.25,2642.39990234375,1289.0999755859375,25354.25,90.86750030517578,13.3725004196167
2026-02-26 14:26:00+05:30,33.720001220703125,30510.75,2642.0,1288.800048828125,25357.25,90.87000274658203,13.404999732971191
2026-02-26 14:27:00+05:30,33.72999954223633,30512.099609375,2642.10009765625,1289.0999755859375,25355.0,90.84300231933594,13.385000228881836
2026-02-26 14:28:00+05:30,33.77000045776367,30562.55078125,2647.0,1291.4000244140625,25353.5,90.87750244140625,13.3725004196167
2026-02-26 14:29:00+05:30,33.77000045776367,30552.150390625,2645.39990234375,1290.4000244140625,25350.0,90.87999725341797,13.345000267028809
2026-02-26 14:30:00+05:30,33.77000045776367,30547.900390625,2644.800048828125,1290.0,25355.75,90.86000061035156,13.375
2026-02-26 14:31:00+05:30,33.7599983215332,30535.25,2643.5,1289.5999755859375,25354.0,90.87999725341797,13.354999542236328
2026-02-26 14:32:00+05:30,33.77000045776367,30544.900390625,2644.89990234375,1289.0999755859375,25349.75,90.87999725341797,13.332500457763672
2026-02-26 14:33:00+05:30,33.77000045776367,30547.349609375,2643.89990234375,1289.5999755859375,25351.25,90.8489990234375,13.317500114440918
2026-02-26 14:34:00+05:30,33.79999923706055,30572.30078125,2646.199951171875,1291.300048828125,25350.5,90.88500213623047,13.21500015258789
2026-02-26 14:35:00+05:30,33.790000915527344,30560.75,2647.300048828125,1290.699951171875,25351.25,90.87999725341797,13.21500015258789
2026-02-26 14:36:00+05:30,33.79999923706055,30572.05078125,2647.39990234375,1291.199951171875,25349.5,90.88249969482422,13.197500228881836
2026-02-26 14:37:00+05:30,33.79999923706055,30576.19921875,2646.89990234375,1291.5,25347.0,90.88500213623047,13.170000076293945
2026-02-26 14:38:00+05:30,33.779998779296875,30576.849609375,2647.89990234375,1291.699951171875,25354.5,90.85099792480469,13.217499732971191
2026-02-26 14:39:00+05:30,33.79999923706055,30576.80078125,2648.89990234375,1291.199951171875,25355.25,90.88500213623047,13.197500228881836
2026-02-26 14:40:00+05:30,33.79999923706055,30586.94921875,2649.699951171875,1292.199951171875,25354.25,90.88249969482422,13.175000190734863
2026-02-26 14:41:00+05:30,33.81999969482422,30609.400390625,2651.60009765625,1293.5,25362.0,90.88500213623047,13.092499732971191
2026-02-26 14:42:00+05:30,33.83000183105469,30603.0,2651.0,1293.199951171875,25369.75,90.87999725341797,13.145000457763672
2026-02-26 14:43:00+05:30,33.81999969482422,30614.19921875,2651.5,1293.300048828125,25368.75,90.88500213623047,13.119999885559082
2026-02-26 14:44:00+05:30,33.81999969482422,30622.30078125,2651.699951171875,1294.0,25372.0,90.8949966430664,13.1274995803833
2026-02-26 14:45:00+05:30,33.81999969482422,30607.69921875,2651.800048828125,1293.4000244140625,25372.5,90.89749908447266,13.092499732971191
2026-02-26 14:46:00+05:30,33.810001373291016,30601.25,2652.0,1293.5999755859375,25373.75,90.8949966430664,13.117500305175781
2026-02-26 14:47:00+05:30,33.83000183105469,30610.69921875,2653.39990234375,1294.0999755859375,25369.25,90.87999725341797,13.135000228881836
2026-02-26 14:48:00+05:30,33.83000183105469,30606.400390625,2653.300048828125,1293.5,25369.25,90.91000366210938,13.157500267028809
2026-02-26 14:49:00+05:30,33.83000183105469,30609.0,2653.89990234375,1293.800048828125,25366.25,90.9124984741211,13.132499694824219
2026-02-26 14:50:00+05:30,33.81999969482422,30613.69921875,2654.10009765625,1294.0,25367.75,90.9175033569336,13.137499809265137
2026-02-26 14:51:00+05:30,33.790000915527344,30584.05078125,2651.199951171875,1292.800048828125,25373.75,90.91500091552734,13.1274995803833
2026-02-26 14:52:00+05:30,33.810001373291016,30587.900390625,2651.89990234375,1292.5,25370.75,90.9000015258789,13.147500038146973
2026-02-26 14:53:00+05:30,33.83000183105469,30605.099609375,2652.199951171875,1293.5,25368.75,90.88600158691406,13.112500190734863
2026-02-26 14:54:00+05:30,33.83000183105469,30596.900390625,2652.10009765625,1293.0,25364.5,90.8949966430664,13.102499961853027
2026-02-26 14:55:00+05:30,33.810001373291016,30617.400390625,2653.0,1293.0,25370.5,90.8740005493164,13.102499961853027
2026-02-26 14:56:00+05:30,33.810001373291016,30583.0,2650.199951171875,1291.0,25377.0,90.87200164794922,13.177499771118164
2026-02-26 14:57:00+05:30,33.79999923706055,30594.5,2651.10009765625,1291.0999755859375,25378.75,90.90249633789062,13.095000267028809
2026-02-26 14:58:00+05:30,33.79999923706055,30587.849609375,2650.0,1291.0,25379.0,90.90249633789062,13.117500305175781
2026-02-26 14:59:00+05:30,33.810001373291016,30605.349609375,2651.89990234375,1290.699951171875,25379.75,90.9000015258789,13.087499618530273
2026-02-26 15:00:00+05:30,33.810001373291016,30602.150390625,2649.0,1290.699951171875,25377.5,90.87999725341797,13.072500228881836
2026-02-26 15:01:00+05:30,33.79999923706055,30569.80078125,2647.39990234375,1289.199951171875,25384.0,90.91000366210938,13.0625
2026-02-26 15:02:00+05:30,33.790000915527344,30563.80078125,2648.800048828125,1288.300048828125,25386.75,90.91500091552734,13.135000228881836
2026-02-26 15:03:00+05:30,33.790000915527344,30569.94921875,2648.0,1289.0,25382.0,90.91500091552734,13.0625
2026-02-26 15:04:00+05:30,33.790000915527344,30567.099609375,2647.10009765625,1288.699951171875,25379.0,90.9124984741211,13.102499961853027
2026-02-26 15:05:00+05:30,33.79999923706055,30577.80078125,2647.89990234375,1289.300048828125,25387.75,90.9124984741211,13.087499618530273
2026-02-26 15:06:00+05:30,33.79999923706055,30589.650390625,2647.60009765625,1290.199951171875,25385.75,90.91500091552734,13.085000038146973
2026-02-26 15:07:00+05:30,33.790000915527344,30573.900390625,2647.800048828125,1288.800048828125,25386.0,90.9124984741211,13.132499694824219
2026-02-26 15:08:00+05:30,33.779998779296875,30573.30078125,2647.0,1289.9000244140625,25391.25,90.9124984741211,13.104999542236328
2026-02-26 15:09:00+05:30,33.7599983215332,30552.80078125,2646.39990234375,1288.800048828125,25391.25,90.87799835205078,13.107500076293945
2026-02-26 15:10:00+05:30,33.77000045776367,30552.44921875,2648.0,1288.5999755859375,25390.5,90.9000015258789,13.107500076293945
2026-02-26 15:11:00+05:30,33.77000045776367,30551.94921875,2648.0,1288.699951171875,25389.75,90.90499877929688,13.109999656677246
2026-02-26 15:12:00+05:30,33.77000045776367,30554.0,2648.10009765625,1288.699951171875,25389.0,90.90249633789062,13.0600004196167
2026-02-26 15:13:00+05:30,33.75,30537.80078125,2647.0,1288.300048828125,25392.75,90.91000366210938,13.022500038146973
2026-02-26 15:14:00+05:30,33.75,30537.75,2648.10009765625,1288.199951171875,25393.5,90.89299774169922,13.092499732971191
2026-02-26 15:15:00+05:30,33.75,30542.94921875,2648.0,1287.9000244140625,25398.0,90.90750122070312,13.057499885559082
2026-02-26 15:16:00+05:30,33.77000045776367,30558.650390625,2648.60009765625,1288.5,25399.0,90.92250061035156,13.067500114440918
2026-02-26 15:17:00+05:30,33.7599983215332,30537.599609375,2646.39990234375,1288.0999755859375,25399.75,90.9175033569336,13.067500114440918
2026-02-26 15:18:00+05:30,33.7400016784668,30543.05078125,2646.5,1288.5999755859375,25398.5,90.88999938964844,13.069999694824219
2026-02-26 15:19:00+05:30,33.75,30555.150390625,2647.39990234375,1289.800048828125,25399.25,90.9000015258789,13.069999694824219
2026-02-26 15:20:00+05:30,33.77000045776367,30541.75,2647.5,1289.5,25391.75,90.8949966430664,13.077500343322754
2026-02-26 15:21:00+05:30,33.75,30548.0,2647.0,1289.5999755859375,25393.0,90.91999816894531,13.007499694824219
2026-02-26 15:22:00+05:30,33.7599983215332,30545.80078125,2648.300048828125,1289.4000244140625,25386.0,90.9124984741211,13.0
2026-02-26 15:23:00+05:30,33.7599983215332,30544.75,2647.800048828125,1289.9000244140625,25383.25,90.91000366210938,13.0024995803833
2026-02-26 15:24:00+05:30,33.7599983215332,30540.44921875,2647.0,1289.9000244140625,25381.75,90.91000366210938,13.0024995803833
2026-02-26 15:25:00+05:30,33.7400016784668,30540.75,2648.199951171875,1290.0,25379.5,90.91000366210938,13.007499694824219
2026-02-26 15:26:00+05:30,33.7599983215332,30531.30078125,2645.0,1289.5,25383.25,90.9175033569336,12.9975004196167
2026-02-26 15:27:00+05:30,33.75,30542.25,2648.60009765625,1290.0,25382.5,90.91999816894531,13.005000114440918
2026-02-26 15:28:00+05:30,33.75,30556.80078125,2646.199951171875,1290.5,25381.25,90.91500091552734,13.045000076293945
2026-02-26 15:29:00+05:30,33.79999923706055,30569.55078125,2648.39990234375,1291.0,25378.5,90.91000366210938,13.024999618530273
2026-02-26 15:30:00+05:30,33.79999923706055,30569.55078125,2648.39990234375,1291.0,25379.75,90.88200378417969,13.024999618530273
2026-02-27 09:00:00+05:30,33.79999923706055,30569.55078125,2648.39990234375,1291.0,25019.75,90.94999694824219,13.024999618530273
2026-02-27 09:01:00+05:30,33.79999923706055,30569.55078125,2648.39990234375,1291.0,25014.75,90.94300079345703,13.024999618530273
2026-02-27 09:02:00+05:30,33.79999923706055,30569.55078125,2648.39990234375,1291.0,25021.25,90.94249725341797,13.024999618530273
2026-02-27 09:03:00+05:30,33.79999923706055,30569.55078125,2648.39990234375,1291.0,25018.75,90.9229965209961,13.024999618530273
2026-02-27 09:04:00+05:30,33.79999923706055,30569.55078125,2648.39990234375,1291.0,25017.5,90.94000244140625,13.024999618530273
2026-02-27 09:05:00+05:30,33.79999923706055,30569.55078125,2648.39990234375,1291.0,25015.0,90.93000030517578,13.024999618530273
2026-02-27 09:06:00+05:30,33.79999923706055,30569.55078125,2648.39990234375,1291.0,25009.0,90.9375,13.024999618530273
2026-02-27 09:07:00+05:30,33.79999923706055,30569.55078125,2648.39990234375,1291.0,25005.5,90.94000244140625,13.024999618530273
2026-02-27 09:08:00+05:30,33.79999923706055,30569.55078125,2648.39990234375,1291.0,25013.25,90.9229965209961,13.024999618530273
2026-02-27 09:09:00+05:30,33.79999923706055,30569.55078125,2648.39990234375,1291.0,25011.25,90.94000244140625,13.024999618530273
2026-02-27 09:10:00+05:30,33.79999923706055,30569.55078125,2648.39990234375,1291.0,25014.25,90.92900085449219,13.024999618530273
2026-02-27 09:11:00+05:30,33.79999923706055,30569.55078125,2648.39990234375,1291.0,25014.0,90.94750213623047,13.024999618530273
2026-02-27 09:12:00+05:30,33.79999923706055,30569.55078125,2648.39990234375,1291.0,25015.0,90.93299865722656,13.024999618530273
2026-02-27 09:13:00+05:30,33.79999923706055,30569.55078125,2648.39990234375,1291.0,25014.25,90.94499969482422,13.024999618530273
2026-02-27 09:14:00+05:30,33.79999923706055,30569.55078125,2648.39990234375,1291.0,25017.75,90.93399810791016,13.024999618530273
2026-02-27 09:15:00+05:30,34.349998474121094,31178.150390625,2678.5,1326.699951171875,25014.5,90.94400024414062,13.279999732971191
2026-02-27 09:16:00+05:30,34.25,31094.650390625,2671.300048828125,1323.300048828125,25014.0,90.93299865722656,13.180000305175781
2026-02-27 09:17:00+05:30,34.220001220703125,31045.75,2668.199951171875,1320.0999755859375,25018.75,90.95249938964844,13.2475004196167
2026-02-27 09:18:00+05:30,34.18000030517578,31017.5,2666.199951171875,1318.0,25020.0,90.95500183105469,13.279999732971191
2026-02-27 09:19:00+05:30,34.209999084472656,31014.0,2666.699951171875,1317.0999755859375,25022.0,90.95500183105469,13.202500343322754
2026-02-27 09:20:00+05:30,34.220001220703125,31055.400390625,2667.699951171875,1320.0,25020.25,90.94750213623047,13.28499984741211
2026-02-27 09:21:00+05:30,34.20000076293945,31022.099609375,2665.10009765625,1318.199951171875,25019.0,90.94750213623047,13.267499923706055
2026-02-27 09:22:00+05:30,34.22999954223633,31039.099609375,2665.0,1318.199951171875,25026.25,90.94750213623047,13.237500190734863
2026-02-27 09:23:00+05:30,34.209999084472656,31022.44921875,2664.0,1318.0999755859375,25028.0,90.927001953125,13.2475004196167
2026-02-27 09:24:00+05:30,34.150001525878906,30983.25,2662.0,1315.5,25023.5,90.94499969482422,13.262499809265137
2026-02-27 09:25:00+05:30,34.13999938964844,30950.30078125,2660.699951171875,1313.9000244140625,25027.75,90.93000030517578,13.237500190734863
2026-02-27 09:26:00+05:30,34.119998931884766,30932.349609375,2661.0,1313.800048828125,25031.75,90.93299865722656,13.2524995803833
2026-02-27 09:27:00+05:30,34.08000183105469,30906.0,2659.0,1312.5999755859375,25029.5,90.94999694824219,13.319999694824219
2026-02-27 09:28:00+05:30,34.09000015258789,30918.349609375,2659.60009765625,1313.300048828125,25029.0,90.95249938964844,13.337499618530273
2026-02-27 09:29:00+05:30,34.060001373291016,30884.44921875,2655.5,1311.300048828125,25024.75,90.93499755859375,13.417499542236328
2026-02-27 09:30:00+05:30,34.08000183105469,30917.099609375,2658.800048828125,1312.0,25030.25,90.93299865722656,13.385000228881836
2026-02-27 09:31:00+05:30,34.06999969482422,30899.19921875,2659.0,1309.5,25027.25,90.94750213623047,13.367500305175781
2026-02-27 09:32:00+05:30,34.04999923706055,30880.44921875,2658.5,1309.4000244140625,25028.0,90.93000030517578,13.337499618530273
2026-02-27 09:33:00+05:30,34.0099983215332,30828.900390625,2656.800048828125,1306.0,25031.0,90.93499755859375,13.337499618530273
2026-02-27 09:34:00+05:30,34.0,30812.0,2655.800048828125,1305.300048828125,25033.5,90.94999694824219,13.34000015258789
2026-02-27 09:35:00+05:30,33.970001220703125,30796.44921875,2654.800048828125,1305.0,25032.0,90.927001953125,13.417499542236328
2026-02-27 09:36:00+05:30,33.959999084472656,30813.400390625,2656.0,1305.5,25032.5,90.94750213623047,13.484999656677246
2026-02-27 09:37:00+05:30,33.970001220703125,30811.30078125,2656.300048828125,1306.0999755859375,25033.0,90.93000030517578,13.489999771118164
2026-02-27 09:38:00+05:30,33.9900016784668,30830.849609375,2657.199951171875,1307.9000244140625,25032.25,90.93000030517578,13.447500228881836
2026-02-27 09:39:00+05:30,34.040000915527344,30857.30078125,2660.0,1307.9000244140625,25030.25,90.93299865722656,13.390000343322754
2026-02-27 09:40:00+05:30,33.97999954223633,30824.400390625,2656.60009765625,1307.0,25032.0,90.92400360107422,13.40250015258789
2026-02-27 09:41:00+05:30,33.9900016784668,30814.55078125,2657.10009765625,1305.699951171875,25029.75,90.92400360107422,13.4399995803833
2026-02-27 09:42:00+05:30,33.9900016784668,30797.5,2653.699951171875,1305.5999755859375,25027.0,90.94999694824219,13.4350004196167
2026-02-27 09:43:00+05:30,34.0,30789.69921875,2653.60009765625,1305.4000244140625,25024.5,90.95249938964844,13.457500457763672
2026-02-27 09:44:00+05:30,34.0099983215332,30797.30078125,2654.60009765625,1306.300048828125,25024.25,90.95249938964844,13.462499618530273
2026-02-27 09:45:00+05:30,34.0099983215332,30798.30078125,2654.199951171875,1306.0,25019.25,90.94999694824219,13.492500305175781
2026-02-27 09:46:00+05:30,34.029998779296875,30826.099609375,2655.699951171875,1307.0999755859375,25017.5,90.95249938964844,13.457500457763672
2026-02-27 09:47:00+05:30,34.040000915527344,30821.25,2657.0,1306.5999755859375,25012.0,90.94999694824219,13.460000038146973
2026-02-27 09:48:00+05:30,34.029998779296875,30820.25,2656.800048828125,1306.4000244140625,25015.0,90.95500183105469,13.5024995803833
2026-02-27 09:49:00+05:30,34.02000045776367,30802.599609375,2655.60009765625,1305.5999755859375,25015.0,90.93299865722656,13.515000343322754
2026-02-27 09:50:00+05:30,34.0099983215332,30793.80078125,2656.0,1305.5999755859375,25013.75,90.93800354003906,13.53499984741211
2026-02-27 09:51:00+05:30,34.02000045776367,30804.099609375,2657.699951171875,1306.800048828125,25018.25,90.95500183105469,13.475000381469727
2026-02-27 09:52:00+05:30,34.0099983215332,30794.75,2658.0,1306.5,25020.25,90.94999694824219,13.494999885559082
2026-02-27 09:53:00+05:30,34.0099983215332,30795.80078125,2656.5,1306.0,25025.0,90.94999694824219,13.4975004196167
2026-02-27 09:54:00+05:30,34.0,30797.599609375,2656.800048828125,1305.9000244140625,25027.75,90.95500183105469,13.545000076293945
2026-02-27 09:55:00+05:30,34.0099983215332,30809.849609375,2658.39990234375,1307.0,25026.75,90.95249938964844,13.4975004196167
2026-02-27 09:56:00+05:30,34.02000045776367,30813.349609375,2658.199951171875,1307.4000244140625,25027.25,90.94999694824219,13.52750015258789
2026-02-27 09:57:00+05:30,34.040000915527344,30817.849609375,2658.300048828125,1308.5,25027.75,90.95249938964844,13.5625
2026-02-27 09:58:00+05:30,34.040000915527344,30820.5,2658.699951171875,1308.0999755859375,25027.75,90.93199920654297,13.545000076293945
2026-02-27 09:59:00+05:30,34.04999923706055,30818.30078125,2659.199951171875,1308.5,25027.5,90.95249938964844,13.53499984741211
2026-02-27 10:00:00+05:30,34.040000915527344,30813.19921875,2658.89990234375,1308.0,25023.0,90.93000030517578,13.53499984741211
2026-02-27 10:01:00+05:30,34.029998779296875,30796.30078125,2657.60009765625,1306.300048828125,25023.5,90.93699645996094,13.507499694824219
2026-02-27 10:02:00+05:30,34.02000045776367,30789.650390625,2657.10009765625,1306.4000244140625,25025.25,90.9574966430664,13.4975004196167
2026-02-27 10:03:00+05:30,34.0,30770.75,2656.300048828125,1305.0999755859375,25025.5,90.9574966430664,13.52750015258789
2026-02-27 10:04:00+05:30,33.97999954223633,30754.69921875,2654.60009765625,1304.0,25025.25,90.9574966430664,13.489999771118164
2026-02-27 10:05:00+05:30,33.959999084472656,30729.0,2651.0,1303.300048828125,25022.25,90.95999908447266,13.520000457763672
2026-02-27 10:06:00+05:30,33.939998626708984,30715.19921875,2650.5,1302.699951171875,25026.0,90.95249938964844,13.600000381469727
2026-02-27 10:07:00+05:30,33.970001220703125,30744.849609375,2653.199951171875,1303.699951171875,25032.0,90.95500183105469,13.4975004196167
2026-02-27 10:08:00+05:30,33.959999084472656,30733.349609375,2652.800048828125,1303.0999755859375,25033.25,90.9574966430664,13.492500305175781
2026-02-27 10:09:00+05:30,33.959999084472656,30740.849609375,2652.60009765625,1304.0,25029.5,90.93499755859375,13.512499809265137
2026-02-27 10:10:00+05:30,33.970001220703125,30748.05078125,2652.800048828125,1303.4000244140625,25030.0,90.9574966430664,13.5024995803833
2026-02-27 10:11:00+05:30,34.0,30782.349609375,2654.5,1304.699951171875,25030.75,90.9574966430664,13.482500076293945
2026-02-27 10:12:00+05:30,33.9900016784668,30771.69921875,2654.0,1304.300048828125,25030.0,90.9574966430664,13.46500015258789
2026-02-27 10:13:00+05:30,33.97999954223633,30756.25,2652.300048828125,1303.5,25029.5,90.93900299072266,13.457500457763672
2026-02-27 10:14:00+05:30,33.970001220703125,30749.80078125,2652.5,1303.0999755859375,25032.5,90.95999908447266,13.512499809265137
2026-02-27 10:15:00+05:30,33.959999084472656,30740.25,2651.89990234375,1302.9000244140625,25029.25,90.9625015258789,13.569999694824219
2026-02-27 10:16:00+05:30,33.959999084472656,30740.5,2651.699951171875,1302.199951171875,25026.0,90.95999908447266,13.617500305175781
2026-02-27 10:17:00+05:30,33.959999084472656,30722.849609375,2651.300048828125,1302.0999755859375,25027.75,90.94000244140625,13.6274995803833
2026-02-27 10:18:00+05:30,33.959999084472656,30737.55078125,2651.300048828125,1302.5999755859375,25028.25,90.94000244140625,13.600000381469727
2026-02-27 10:19:00+05:30,33.959999084472656,30741.099609375,2651.199951171875,1302.9000244140625,25029.0,90.94100189208984,13.600000381469727
2026-02-27 10:20:00+05:30,33.95000076293945,30724.849609375,2650.10009765625,1302.5999755859375,25030.5,90.95999908447266,13.585000038146973
2026-02-27 10:21:00+05:30,33.959999084472656,30710.80078125,2648.10009765625,1301.0,25030.0,90.93699645996094,13.635000228881836
2026-02-27 10:22:00+05:30,33.939998626708984,30723.900390625,2647.89990234375,1302.0,25030.75,90.9625015258789,13.667499542236328
2026-02-27 10:23:00+05:30,34.0,30774.55078125,2653.39990234375,1303.5999755859375,25028.25,90.9625015258789,13.569999694824219
2026-02-27 10:24:00+05:30,34.0099983215332,30780.80078125,2653.0,1303.9000244140625,25023.5,90.9574966430664,13.552499771118164
2026-02-27 10:25:00+05:30,34.0099983215332,30797.05078125,2653.39990234375,1304.5,25022.5,90.94000244140625,13.4975004196167
2026-02-27 10:26:00+05:30,34.0099983215332,30783.900390625,2652.800048828125,1303.9000244140625,25023.25,90.9625015258789,13.515000343322754
2026-02-27 10:27:00+05:30,34.0,30763.849609375,2651.39990234375,1303.4000244140625,25023.5,90.9625015258789,13.555000305175781
2026-02-27 10:28:00+05:30,34.0,30776.69921875,2653.0,1303.699951171875,25021.5,90.95999908447266,13.447500228881836
2026-02-27 10:29:00+05:30,34.0,30765.69921875,2652.10009765625,1303.699951171875,25021.5,90.94000244140625,13.470000267028809
2026-02-27 10:30:00+05:30,34.0,30763.150390625,2649.89990234375,1304.300048828125,25021.5,90.94000244140625,13.4975004196167
2026-02-27 10:31:00+05:30,34.0099983215332,30771.69921875,2650.89990234375,1304.300048828125,25021.5,90.95999908447266,13.40999984741211
2026-02-27 10:32:00+05:30,34.02000045776367,30779.25,2652.199951171875,1304.9000244140625,25021.5,90.94000244140625,13.420000076293945
2026-02-27 10:33:00+05:30,34.0099983215332,30776.5,2651.300048828125,1304.5999755859375,25021.5,90.9625015258789,13.385000228881836
2026-02-27 10:34:00+05:30,34.0,30774.44921875,2650.699951171875,1304.699951171875,25021.5,90.95999908447266,13.407500267028809
2026-02-27 10:35:00+05:30,34.029998779296875,30806.25,2653.0,1306.0999755859375,25021.5,90.95999908447266,13.395000457763672
2026-02-27 10:36:00+05:30,34.04999923706055,30819.94921875,2654.300048828125,1306.4000244140625,25021.5,90.9625015258789,13.420000076293945
2026-02-27 10:37:00+05:30,34.040000915527344,30813.80078125,2653.300048828125,1306.0,25021.5,90.9625015258789,13.392499923706055
2026-02-27 10:38:00+05:30,34.04999923706055,30806.69921875,2652.300048828125,1305.9000244140625,25021.5,90.95999908447266,13.452500343322754
2026-02-27 10:39:00+05:30,34.02000045776367,30803.30078125,2652.0,1305.0,25037.25,90.95999908447266,13.432499885559082
2026-02-27 10:40:00+05:30,34.04999923706055,30816.94921875,2653.800048828125,1306.199951171875,25033.5,90.94300079345703,13.462499618530273
2026-02-27 10:41:00+05:30,34.029998779296875,30813.94921875,2653.300048828125,1306.0,25039.0,90.9625015258789,13.517499923706055
2026-02-27 10:42:00+05:30,34.04999923706055,30806.30078125,2653.60009765625,1305.300048828125,25043.75,90.94400024414062,13.517499923706055
2026-02-27 10:43:00+05:30,34.0099983215332,30779.69921875,2651.10009765625,1304.5,25045.0,90.9625015258789,13.545000076293945
2026-02-27 10:44:00+05:30,34.0099983215332,30786.099609375,2652.300048828125,1304.5,25046.75,90.9625015258789,13.5625
2026-02-27 10:45:00+05:30,34.02000045776367,30784.44921875,2650.300048828125,1305.0,25046.25,90.95999908447266,13.579999923706055
2026-02-27 10:46:00+05:30,34.0099983215332,30777.55078125,2650.39990234375,1304.5,25049.0,90.94499969482422,13.59749984741211
2026-02-27 10:47:00+05:30,34.040000915527344,30798.900390625,2652.199951171875,1305.9000244140625,25050.25,90.96499633789062,13.515000343322754
2026-02-27 10:48:00+05:30,34.029998779296875,30803.849609375,2652.10009765625,1306.0,25051.75,90.95999908447266,13.515000343322754
2026-02-27 10:49:00+05:30,34.029998779296875,30789.19921875,2651.199951171875,1305.5999755859375,25052.0,90.94200134277344,13.507499694824219
2026-02-27 10:50:00+05:30,34.0099983215332,30785.650390625,2650.699951171875,1305.4000244140625,25056.5,90.9625015258789,13.524999618530273
2026-02-27 10:51:00+05:30,34.0,30763.650390625,2647.800048828125,1304.699951171875,25049.5,90.94599914550781,13.53499984741211
2026-02-27 10:52:00+05:30,33.9900016784668,30763.599609375,2648.300048828125,1304.699951171875,25052.0,90.94499969482422,13.53499984741211
2026-02-27 10:53:00+05:30,33.939998626708984,30725.94921875,2645.5,1303.199951171875,25048.25,90.9625015258789,13.545000076293945
2026-02-27 10:54:00+05:30,33.959999084472656,30730.349609375,2645.199951171875,1303.300048828125,25049.0,90.9625015258789,13.52750015258789
2026-02-27 10:55:00+05:30,33.959999084472656,30728.75,2643.0,1303.4000244140625,25051.25,90.9574966430664,13.515000343322754
2026-02-27 10:56:00+05:30,33.970001220703125,30737.80078125,2645.60009765625,1304.0999755859375,25050.0,90.9625015258789,13.517499923706055
2026-02-27 10:57:00+05:30,33.959999084472656,30735.849609375,2645.89990234375,1303.699951171875,25055.0,90.95999908447266,13.520000457763672
2026-02-27 10:58:00+05:30,33.970001220703125,30741.55078125,2646.0,1304.300048828125,25055.5,90.95999908447266,13.529999732971191
2026-02-27 10:59:00+05:30,33.970001220703125,30737.05078125,2644.60009765625,1304.0,25055.5,90.95999908447266,13.52750015258789
2026-02-27 11:00:00+05:30,33.970001220703125,30738.75,2645.699951171875,1303.300048828125,25057.5,90.94999694824219,13.517499923706055
2026-02-27 11:01:00+05:30,33.959999084472656,30723.94921875,2645.10009765625,1302.5,25059.0,90.9574966430664,13.524999618530273
2026-02-27 11:02:00+05:30,33.959999084472656,30733.150390625,2645.699951171875,1301.9000244140625,25058.5,90.95500183105469,13.479999542236328
2026-02-27 11:03:00+05:30,33.959999084472656,30736.94921875,2645.89990234375,1302.0999755859375,25055.75,90.9574966430664,13.462499618530273
2026-02-27 11:04:00+05:30,33.9900016784668,30754.599609375,2647.199951171875,1303.0,25058.25,90.93499755859375,13.425000190734863
2026-02-27 11:05:00+05:30,33.9900016784668,30758.19921875,2647.10009765625,1303.0999755859375,25056.0,90.94100189208984,13.417499542236328
2026-02-27 11:06:00+05:30,33.9900016784668,30757.75,2646.60009765625,1303.0999755859375,25050.0,90.94750213623047,13.414999961853027
2026-02-27 11:07:00+05:30,33.9900016784668,30766.5,2647.60009765625,1304.0,25055.25,90.92500305175781,13.417499542236328
2026-02-27 11:08:00+05:30,34.0,30785.400390625,2647.800048828125,1304.699951171875,25052.25,90.94499969482422,13.404999732971191
2026-02-27 11:09:00+05:30,34.040000915527344,30825.80078125,2650.39990234375,1306.5999755859375,25055.0,90.94750213623047,13.425000190734863
2026-02-27 11:10:00+05:30,34.06999969482422,30830.849609375,2649.10009765625,1307.199951171875,25051.0,90.93000030517578,13.380000114440918
2026-02-27 11:11:00+05:30,34.06999969482422,30821.30078125,2649.199951171875,1306.5999755859375,25050.25,90.94750213623047,13.427499771118164
2026-02-27 11:12:00+05:30,34.04999923706055,30808.25,2647.60009765625,1305.9000244140625,25052.75,90.93099975585938,13.417499542236328
2026-02-27 11:13:00+05:30,34.040000915527344,30799.19921875,2646.0,1306.199951171875,25053.75,90.94750213623047,13.425000190734863
2026-02-27 11:14:00+05:30,34.040000915527344,30795.5,2645.0,1306.0999755859375,25054.5,90.94999694824219,13.442500114440918
2026-02-27 11:15:00+05:30,34.029998779296875,30796.80078125,2643.800048828125,1306.0999755859375,25055.75,90.94750213623047,13.380000114440918
2026-02-27 11:16:00+05:30,34.040000915527344,30814.0,2645.0,1307.0999755859375,25056.25,90.93000030517578,13.4350004196167
2026-02-27 11:17:00+05:30,34.060001373291016,30823.25,2647.699951171875,1307.0999755859375,25053.75,90.93399810791016,13.414999961853027
2026-02-27 11:18:00+05:30,34.06999969482422,30818.19921875,2646.300048828125,1307.199951171875,25054.75,90.93000030517578,13.417499542236328
2026-02-27 11:19:00+05:30,34.060001373291016,30815.94921875,2645.0,1306.699951171875,25055.75,90.94750213623047,13.447500228881836
2026-02-27 11:20:00+05:30,34.06999969482422,30840.05078125,2647.800048828125,1308.300048828125,25055.0,90.93199920654297,13.4375
2026-02-27 11:21:00+05:30,34.06999969482422,30843.599609375,2647.800048828125,1308.300048828125,25055.0,90.93199920654297,13.447500228881836
2026-02-27 11:22:00+05:30,34.099998474121094,30850.69921875,2648.0,1308.199951171875,25054.0,90.94999694824219,13.457500457763672
2026-02-27 11:23:00+05:30,34.06999969482422,30819.80078125,2645.89990234375,1306.300048828125,25045.75,90.92500305175781,13.467499732971191
2026-02-27 11:24:00+05:30,34.060001373291016,30830.099609375,2646.300048828125,1307.0999755859375,25049.0,90.927001953125,13.447500228881836
2026-02-27 11:25:00+05:30,34.060001373291016,30819.94921875,2645.60009765625,1307.0,25051.0,90.94750213623047,13.477499961853027
2026-02-27 11:26:00+05:30,34.04999923706055,30823.05078125,2644.39990234375,1307.5999755859375,25042.5,90.91999816894531,13.505000114440918
2026-02-27 11:27:00+05:30,34.04999923706055,30823.25,2645.0,1307.0999755859375,25043.25,90.94750213623047,13.53499984741211
2026-02-27 11:28:00+05:30,34.04999923706055,30842.400390625,2645.800048828125,1308.5,25042.75,90.94999694824219,13.529999732971191
2026-02-27 11:29:00+05:30,34.060001373291016,30848.19921875,2646.0,1309.5,25039.5,90.92500305175781,13.532500267028809
2026-02-27 11:30:00+05:30,34.06999969482422,30856.650390625,2647.699951171875,1310.199951171875,25040.5,90.91999816894531,13.5625
2026-02-27 11:31:00+05:30,34.04999923706055,30834.900390625,2646.300048828125,1309.0,25042.0,90.9375,13.5649995803833
2026-02-27 11:32:00+05:30,34.040000915527344,30798.94921875,2644.39990234375,1307.0,25037.0,90.93000030517578,13.582500457763672
2026-02-27 11:33:00+05:30,34.0,30772.650390625,2642.199951171875,1306.199951171875,25038.75,90.94249725341797,13.595000267028809
2026-02-27 11:34:00+05:30,33.9900016784668,30765.400390625,2641.199951171875,1306.0999755859375,25040.25,90.93000030517578,13.642499923706055
2026-02-27 11:35:00+05:30,33.9900016784668,30781.0,2641.800048828125,1306.9000244140625,25039.5,90.92500305175781,13.642499923706055
2026-02-27 11:36:00+05:30,33.97999954223633,30779.5,2641.0,1306.699951171875,25043.0,90.927001953125,13.707500457763672
2026-02-27 11:37:00+05:30,33.97999954223633,30784.69921875,2641.800048828125,1306.5,25041.75,90.94999694824219,13.7524995803833
2026-02-27 11:38:00+05:30,34.02000045776367,30802.0,2643.89990234375,1307.5,25038.5,90.94999694824219,13.694999694824219
2026-02-27 11:39:00+05:30,33.9900016784668,30787.75,2641.800048828125,1306.800048828125,25041.25,90.927001953125,13.694999694824219
2026-02-27 11:40:00+05:30,34.0,30801.94921875,2643.60009765625,1307.5,25034.25,90.93000030517578,13.619999885559082
2026-02-27 11:41:00+05:30,34.0,30796.30078125,2642.39990234375,1307.199951171875,25028.5,90.93299865722656,13.6225004196167
2026-02-27 11:42:00+05:30,33.9900016784668,30786.80078125,2642.699951171875,1306.300048828125,25015.5,90.93399810791016,13.707500457763672
2026-02-27 11:43:00+05:30,34.0,30793.19921875,2642.0,1307.0999755859375,25016.5,90.94750213623047,13.657500267028809
2026-02-27 11:44:00+05:30,33.97999954223633,30793.19921875,2642.0,1306.9000244140625,25014.5,90.93299865722656,13.630000114440918
2026-02-27 11:45:00+05:30,34.0099983215332,30797.650390625,2640.800048828125,1307.4000244140625,25012.25,90.93399810791016,13.600000381469727
2026-02-27 11:46:00+05:30,34.0,30789.44921875,2641.39990234375,1306.5999755859375,25005.25,90.94750213623047,13.602499961853027
2026-02-27 11:47:00+05:30,34.0,30784.0,2641.39990234375,1306.199951171875,25002.75,90.94750213623047,13.612500190734863
2026-02-27 11:48:00+05:30,33.97999954223633,30767.650390625,2641.300048828125,1305.5,25003.0,90.94999694824219,13.6225004196167
2026-02-27 11:49:00+05:30,34.0,30784.94921875,2645.0,1306.0,25004.75,90.94750213623047,13.637499809265137
2026-02-27 11:50:00+05:30,33.97999954223633,30761.650390625,2643.39990234375,1305.199951171875,25007.25,90.92900085449219,13.649999618530273
2026-02-27 11:51:00+05:30,33.97999954223633,30762.599609375,2644.699951171875,1305.0,24996.75,90.93099975585938,13.657500267028809
2026-02-27 11:52:00+05:30,33.9900016784668,30776.44921875,2645.699951171875,1305.5,24995.75,90.95249938964844,13.617500305175781
2026-02-27 11:53:00+05:30,33.97999954223633,30759.400390625,2643.10009765625,1305.199951171875,25000.75,90.95249938964844,13.619999885559082
2026-02-27 11:54:00+05:30,33.959999084472656,30743.650390625,2642.60009765625,1304.5,24997.5,90.94999694824219,13.600000381469727
2026-02-27 11:55:00+05:30,33.95000076293945,30735.0,2641.89990234375,1304.300048828125,24998.5,90.95249938964844,13.609999656677246
2026-02-27 11:56:00+05:30,33.95000076293945,30740.55078125,2641.300048828125,1305.0,25002.5,90.93199920654297,13.595000267028809
2026-02-27 11:57:00+05:30,33.95000076293945,30734.349609375,2641.89990234375,1305.0999755859375,25001.25,90.93000030517578,13.612500190734863
2026-02-27 11:58:00+05:30,33.970001220703125,30762.900390625,2645.800048828125,1306.0999755859375,25000.75,90.94499969482422,13.604999542236328
2026-02-27 11:59:00+05:30,33.970001220703125,30758.80078125,2645.699951171875,1305.800048828125,25006.0,90.9229965209961,13.59749984741211
2026-02-27 12:00:00+05:30,33.970001220703125,30758.25,2645.10009765625,1305.9000244140625,25024.0,90.94999694824219,13.579999923706055
2026-02-27 12:01:00+05:30,33.970001220703125,30759.05078125,2644.800048828125,1306.0999755859375,25018.0,90.94750213623047,13.577500343322754
2026-02-27 12:02:00+05:30,33.959999084472656,30746.849609375,2645.0,1305.5,25026.5,90.94999694824219,13.532500267028809
2026-02-27 12:03:00+05:30,33.959999084472656,30743.25,2644.89990234375,1305.4000244140625,25018.25,90.94999694824219,13.585000038146973
2026-02-27 12:04:00+05:30,33.95000076293945,30727.75,2643.5,1305.0,25024.75,90.927001953125,13.6274995803833
2026-02-27 12:05:00+05:30,33.959999084472656,30723.0,2642.39990234375,1305.0999755859375,25029.5,90.927001953125,13.630000114440918
2026-02-27 12:06:00+05:30,33.95000076293945,30720.849609375,2642.800048828125,1304.699951171875,25034.0,90.94750213623047,13.637499809265137
2026-02-27 12:07:00+05:30,33.93000030517578,30718.05078125,2642.0,1304.0999755859375,25033.0,90.94750213623047,13.647500038146973
2026-02-27 12:08:00+05:30,33.93000030517578,30713.099609375,2640.699951171875,1304.9000244140625,25025.5,90.93000030517578,13.65250015258789
2026-02-27 12:09:00+05:30,33.93000030517578,30702.599609375,2640.5,1304.199951171875,25028.0,90.93099975585938,13.65999984741211
2026-02-27 12:10:00+05:30,33.93000030517578,30711.349609375,2641.300048828125,1304.5,25028.0,90.94999694824219,13.65250015258789
2026-02-27 12:11:00+05:30,33.939998626708984,30717.5,2641.10009765625,1304.5,25032.25,90.94999694824219,13.670000076293945
2026-02-27 12:12:00+05:30,33.93000030517578,30718.849609375,2640.5,1305.199951171875,25034.0,90.94499969482422,13.65999984741211
2026-02-27 12:13:00+05:30,33.95000076293945,30712.099609375,2640.0,1304.9000244140625,25030.75,90.94750213623047,13.65250015258789
2026-02-27 12:14:00+05:30,33.95000076293945,30722.05078125,2640.10009765625,1305.699951171875,25031.25,90.93299865722656,13.65250015258789
2026-02-27 12:15:00+05:30,33.95000076293945,30726.80078125,2640.89990234375,1306.300048828125,25037.0,90.94750213623047,13.662500381469727
2026-02-27 12:16:00+05:30,33.95000076293945,30725.30078125,2640.10009765625,1306.0999755859375,25030.5,90.94750213623047,13.6899995803833
2026-02-27 12:17:00+05:30,33.939998626708984,30721.44921875,2639.800048828125,1306.5,25031.0,90.94499969482422,13.672499656677246
2026-02-27 12:18:00+05:30,33.95000076293945,30739.849609375,2641.300048828125,1307.199951171875,25032.5,90.94249725341797,13.645000457763672
2026-02-27 12:19:00+05:30,33.95000076293945,30740.55078125,2641.199951171875,1307.199951171875,25035.5,90.94249725341797,13.635000228881836
2026-02-27 12:20:00+05:30,33.959999084472656,30744.150390625,2641.800048828125,1307.4000244140625,25034.5,90.9375,13.604999542236328
2026-02-27 12:21:00+05:30,33.959999084472656,30733.599609375,2641.10009765625,1306.9000244140625,25028.5,90.9375,13.6850004196167
2026-02-27 12:22:00+05:30,33.939998626708984,30711.80078125,2638.699951171875,1306.300048828125,25030.25,90.91799926757812,13.737500190734863
2026-02-27 12:23:00+05:30,33.939998626708984,30713.69921875,2639.0,1305.9000244140625,25032.5,90.93499755859375,13.737500190734863
2026-02-27 12:24:00+05:30,33.939998626708984,30708.75,2638.0,1305.5999755859375,25026.75,90.93250274658203,13.737500190734863
2026-02-27 12:25:00+05:30,33.95000076293945,30715.69921875,2638.300048828125,1306.0999755859375,25028.25,90.93499755859375,13.710000038146973
2026-02-27 12:26:00+05:30,33.939998626708984,30733.150390625,2640.0,1307.0999755859375,25032.0,90.91500091552734,13.6274995803833
2026-02-27 12:27:00+05:30,33.959999084472656,30745.94921875,2643.60009765625,1307.300048828125,25031.0,90.91500091552734,13.604999542236328
2026-02-27 12:28:00+05:30,33.97999954223633,30753.900390625,2643.800048828125,1307.0999755859375,25032.25,90.91999816894531,13.582500457763672
2026-02-27 12:29:00+05:30,33.970001220703125,30741.05078125,2642.60009765625,1306.5999755859375,25032.0,90.9375,13.569999694824219
2026-02-27 12:30:00+05:30,33.97999954223633,30746.05078125,2644.10009765625,1306.9000244140625,25048.25,90.91999816894531,13.587499618530273
2026-02-27 12:31:00+05:30,33.970001220703125,30739.400390625,2643.199951171875,1306.5999755859375,25044.75,90.93499755859375,13.617500305175781
2026-02-27 12:32:00+05:30,33.97999954223633,30743.900390625,2643.5,1306.9000244140625,25047.75,90.93499755859375,13.585000038146973
2026-02-27 12:33:00+05:30,33.959999084472656,30740.44921875,2643.300048828125,1306.699951171875,25046.0,90.93499755859375,13.585000038146973
2026-02-27 12:34:00+05:30,33.970001220703125,30734.05078125,2642.0,1306.5999755859375,25042.5,90.91799926757812,13.569999694824219
2026-02-27 12:35:00+05:30,33.95000076293945,30727.0,2641.300048828125,1306.5,25046.0,90.93499755859375,13.617500305175781
2026-02-27 12:36:00+05:30,33.95000076293945,30723.25,2641.300048828125,1306.0999755859375,25044.25,90.9375,13.637499809265137
2026-02-27 12:37:00+05:30,33.959999084472656,30726.349609375,2640.0,1306.0999755859375,25048.5,90.93000030517578,13.640000343322754
2026-02-27 12:38:00+05:30,33.959999084472656,30725.19921875,2640.60009765625,1305.800048828125,25053.75,90.91200256347656,13.657500267028809
2026-02-27 12:39:00+05:30,33.939998626708984,30720.349609375,2639.89990234375,1305.800048828125,25050.0,90.91699981689453,13.647500038146973
2026-02-27 12:40:00+05:30,33.95000076293945,30711.5,2638.800048828125,1305.199951171875,25053.5,90.91500091552734,13.677499771118164
2026-02-27 12:41:00+05:30,33.95000076293945,30721.19921875,2640.0,1305.4000244140625,25050.5,90.92500305175781,13.637499809265137
2026-02-27 12:42:00+05:30,33.95000076293945,30716.0,2639.39990234375,1304.9000244140625,25047.0,90.92749786376953,13.637499809265137
2026-02-27 12:43:00+05:30,33.939998626708984,30706.099609375,2639.10009765625,1304.5999755859375,25047.25,90.93250274658203,13.649999618530273
2026-02-27 12:44:00+05:30,33.939998626708984,30706.650390625,2639.199951171875,1304.4000244140625,25047.75,90.94000244140625,13.677499771118164
2026-02-27 12:45:00+05:30,33.939998626708984,30715.900390625,2641.0,1304.5999755859375,25049.25,90.927001953125,13.637499809265137
2026-02-27 12:46:00+05:30,33.970001220703125,30736.400390625,2643.0,1304.9000244140625,25054.25,90.94999694824219,13.577500343322754
2026-02-27 12:47:00+05:30,33.95000076293945,30713.75,2640.89990234375,1304.0999755859375,25056.25,90.94750213623047,13.657500267028809
2026-02-27 12:48:00+05:30,33.93000030517578,30700.44921875,2640.800048828125,1302.699951171875,25054.0,90.94499969482422,13.6850004196167
2026-02-27 12:49:00+05:30,33.91999816894531,30702.650390625,2640.89990234375,1303.199951171875,25058.75,90.95249938964844,13.637499809265137
2026-02-27 12:50:00+05:30,33.95000076293945,30715.05078125,2641.800048828125,1304.199951171875,25056.5,90.94999694824219,13.614999771118164
2026-02-27 12:51:00+05:30,33.939998626708984,30707.099609375,2640.300048828125,1303.9000244140625,25061.0,90.94750213623047,13.635000228881836
2026-02-27 12:52:00+05:30,33.91999816894531,30697.849609375,2641.89990234375,1303.800048828125,25057.75,90.95249938964844,13.637499809265137
2026-02-27 12:53:00+05:30,33.939998626708984,30699.44921875,2641.800048828125,1304.300048828125,25060.75,90.94750213623047,13.630000114440918
2026-02-27 12:54:00+05:30,33.91999816894531,30683.44921875,2639.10009765625,1303.699951171875,25064.5,90.94750213623047,13.675000190734863
2026-02-27 12:55:00+05:30,33.91999816894531,30682.44921875,2639.800048828125,1303.5,25070.5,90.94499969482422,13.647500038146973
2026-02-27 12:56:00+05:30,33.90999984741211,30677.44921875,2639.699951171875,1303.5,25070.0,90.94750213623047,13.702500343322754
2026-02-27 12:57:00+05:30,33.90999984741211,30679.19921875,2639.300048828125,1303.5,25069.5,90.94499969482422,13.6850004196167
2026-02-27 12:58:00+05:30,33.900001525878906,30686.55078125,2641.0,1303.5,25071.0,90.95249938964844,13.647500038146973
2026-02-27 12:59:00+05:30,33.91999816894531,30689.349609375,2641.699951171875,1303.4000244140625,25071.0,90.93199920654297,13.6850004196167
2026-02-27 13:00:00+05:30,33.939998626708984,30707.25,2642.39990234375,1304.199951171875,25069.0,90.93299865722656,13.694999694824219
2026-02-27 13:01:00+05:30,33.970001220703125,30725.75,2644.0,1304.5999755859375,25070.75,90.95249938964844,13.657500267028809
2026-02-27 13:02:00+05:30,33.959999084472656,30722.849609375,2643.300048828125,1304.800048828125,25065.25,90.94999694824219,13.647500038146973
2026-02-27 13:03:00+05:30,33.970001220703125,30726.849609375,2643.89990234375,1305.0,25067.25,90.93499755859375,13.675000190734863
2026-02-27 13:04:00+05:30,33.970001220703125,30734.650390625,2643.300048828125,1305.699951171875,25069.0,90.94999694824219,13.667499542236328
2026-02-27 13:05:00+05:30,34.0,30757.25,2645.800048828125,1306.300048828125,25072.5,90.94999694824219,13.637499809265137
2026-02-27 13:06:00+05:30,34.0,30763.599609375,2645.39990234375,1306.300048828125,25071.0,90.93299865722656,13.630000114440918
2026-02-27 13:07:00+05:30,34.0099983215332,30764.30078125,2645.300048828125,1307.0999755859375,25071.5,90.94999694824219,13.59749984741211
2026-02-27 13:08:00+05:30,33.97999954223633,30756.94921875,2644.60009765625,1307.0999755859375,25068.0,90.95249938964844,13.609999656677246
2026-02-27 13:09:00+05:30,34.0,30758.349609375,2644.60009765625,1306.9000244140625,25067.5,90.95249938964844,13.602499961853027
2026-02-27 13:10:00+05:30,33.9900016784668,30748.80078125,2644.0,1306.5999755859375,25061.5,90.95249938964844,13.630000114440918
2026-02-27 13:11:00+05:30,34.0,30754.25,2644.39990234375,1307.300048828125,25064.75,90.94750213623047,13.619999885559082
2026-02-27 13:12:00+05:30,33.9900016784668,30752.55078125,2644.300048828125,1307.4000244140625,25067.5,90.94750213623047,13.600000381469727
2026-02-27 13:13:00+05:30,33.97999954223633,30738.650390625,2642.800048828125,1307.0,25067.0,90.94999694824219,13.640000343322754
2026-02-27 13:14:00+05:30,33.970001220703125,30729.55078125,2642.0,1306.4000244140625,25071.0,90.927001953125,13.640000343322754
2026-02-27 13:15:00+05:30,33.97999954223633,30739.900390625,2642.800048828125,1307.300048828125,25070.75,90.94499969482422,13.619999885559082
2026-02-27 13:16:00+05:30,33.97999954223633,30738.900390625,2642.5,1307.0,25074.25,90.927001953125,13.640000343322754
2026-02-27 13:17:00+05:30,33.970001220703125,30730.5,2642.300048828125,1306.9000244140625,25076.25,90.93499755859375,13.640000343322754
2026-02-27 13:18:00+05:30,33.959999084472656,30720.0,2642.300048828125,1306.0,25076.0,90.94000244140625,13.640000343322754
2026-02-27 13:19:00+05:30,33.939998626708984,30716.849609375,2642.199951171875,1306.0999755859375,25074.5,90.93250274658203,13.649999618530273
2026-02-27 13:20:00+05:30,33.95000076293945,30708.69921875,2642.10009765625,1305.300048828125,25076.75,90.93000030517578,13.649999618530273
2026-02-27 13:21:00+05:30,33.95000076293945,30710.349609375,2642.0,1305.300048828125,25077.75,90.91600036621094,13.602499961853027
2026-02-27 13:22:00+05:30,33.93000030517578,30708.099609375,2642.300048828125,1305.199951171875,25073.75,90.93499755859375,13.602499961853027
2026-02-27 13:23:00+05:30,33.95000076293945,30707.80078125,2642.300048828125,1305.0999755859375,25069.0,90.9375,13.630000114440918
2026-02-27 13:24:00+05:30,33.939998626708984,30713.650390625,2642.89990234375,1305.5,25069.75,90.94000244140625,13.632499694824219
2026-02-27 13:25:00+05:30,33.95000076293945,30717.099609375,2642.89990234375,1305.9000244140625,25065.5,90.9229965209961,13.609999656677246
2026-02-27 13:26:00+05:30,33.959999084472656,30720.05078125,2642.89990234375,1306.0999755859375,25073.5,90.94000244140625,13.572500228881836
2026-02-27 13:27:00+05:30,33.970001220703125,30725.650390625,2643.0,1306.9000244140625,25073.25,90.94000244140625,13.572500228881836
2026-02-27 13:28:00+05:30,33.959999084472656,30729.25,2642.800048828125,1307.0999755859375,25071.0,90.9375,13.579999923706055
2026-02-27 13:29:00+05:30,33.97999954223633,30740.849609375,2643.10009765625,1307.5999755859375,25074.5,90.94000244140625,13.5625
2026-02-27 13:30:00+05:30,33.970001220703125,30734.05078125,2642.800048828125,1307.5,25069.0,90.91799926757812,13.5649995803833
2026-02-27 13:31:00+05:30,33.97999954223633,30739.849609375,2643.39990234375,1307.699951171875,25084.5,90.94000244140625,13.579999923706055
2026-02-27 13:32:00+05:30,33.97999954223633,30742.19921875,2643.60009765625,1307.5999755859375,25075.75,90.9375,13.59000015258789
2026-02-27 13:33:00+05:30,33.97999954223633,30741.599609375,2643.300048828125,1307.4000244140625,25083.0,90.94000244140625,13.592499732971191
2026-02-27 13:34:00+05:30,33.97999954223633,30744.0,2643.0,1308.4000244140625,25075.5,90.9209976196289,13.602499961853027
2026-02-27 13:35:00+05:30,34.0,30757.44921875,2643.5,1309.800048828125,25075.75,90.94000244140625,13.602499961853027
2026-02-27 13:36:00+05:30,34.0,30784.19921875,2644.39990234375,1311.699951171875,25084.25,90.9375,13.609999656677246
2026-02-27 13:37:00+05:30,34.0099983215332,30762.599609375,2642.39990234375,1310.4000244140625,25067.25,90.9375,13.574999809265137
2026-02-27 13:38:00+05:30,34.02000045776367,30780.19921875,2644.60009765625,1311.699951171875,25063.25,90.93250274658203,13.595000267028809
2026-02-27 13:39:00+05:30,34.02000045776367,30776.19921875,2644.300048828125,1311.800048828125,25068.25,90.91999816894531,13.592499732971191
2026-02-27 13:40:00+05:30,34.0099983215332,30770.849609375,2643.199951171875,1311.9000244140625,25068.0,90.93499755859375,13.572500228881836
2026-02-27 13:41:00+05:30,34.02000045776367,30781.349609375,2644.800048828125,1313.199951171875,25071.5,90.91799926757812,13.567500114440918
2026-02-27 13:42:00+05:30,34.02000045776367,30771.599609375,2643.800048828125,1312.199951171875,25069.25,90.91999816894531,13.537500381469727
2026-02-27 13:43:00+05:30,34.02000045776367,30770.900390625,2644.10009765625,1312.0,25057.5,90.9375,13.524999618530273
2026-02-27 13:44:00+05:30,34.0,30753.349609375,2643.0,1311.4000244140625,25048.0,90.9229965209961,13.557499885559082
2026-02-27 13:45:00+05:30,33.9900016784668,30748.5,2642.800048828125,1311.5,25041.0,90.927001953125,13.547499656677246
2026-02-27 13:46:00+05:30,33.9900016784668,30747.099609375,2643.0,1311.4000244140625,25044.5,90.9260025024414,13.552499771118164
2026-02-27 13:47:00+05:30,33.9900016784668,30758.69921875,2643.5,1311.699951171875,25061.75,90.92500305175781,13.447500228881836
2026-02-27 13:48:00+05:30,34.0,30764.0,2643.800048828125,1311.699951171875,25061.5,90.94000244140625,13.420000076293945
2026-02-27 13:49:00+05:30,34.02000045776367,30781.400390625,2644.5,1312.9000244140625,25065.5,90.94000244140625,13.422499656677246
2026-02-27 13:50:00+05:30,34.0099983215332,30769.599609375,2643.5,1311.9000244140625,25069.75,90.94249725341797,13.489999771118164
2026-02-27 13:51:00+05:30,34.0,30756.55078125,2643.39990234375,1311.5999755859375,25063.0,90.94499969482422,13.522500038146973
2026-02-27 13:52:00+05:30,34.0,30763.400390625,2643.300048828125,1312.5,25063.75,90.94000244140625,13.505000114440918
2026-02-27 13:53:00+05:30,34.0,30762.099609375,2643.300048828125,1312.5,25058.0,90.94249725341797,13.494999885559082
2026-02-27 13:54:00+05:30,34.02000045776367,30776.400390625,2644.5,1312.5999755859375,25054.0,90.94499969482422,13.4975004196167
2026-02-27 13:55:00+05:30,34.029998779296875,30797.69921875,2645.89990234375,1314.0,25052.0,90.94000244140625,13.4375
2026-02-27 13:56:00+05:30,34.04999923706055,30799.900390625,2645.60009765625,1314.0,25052.5,90.94000244140625,13.345000267028809
2026-02-27 13:57:00+05:30,34.060001373291016,30806.55078125,2645.800048828125,1314.5999755859375,25060.0,90.94000244140625,13.354999542236328
2026-02-27 13:58:00+05:30,34.02000045776367,30795.44921875,2645.60009765625,1313.4000244140625,25061.0,90.94000244140625,13.345000267028809
2026-02-27 13:59:00+05:30,34.02000045776367,30796.400390625,2645.89990234375,1313.300048828125,25056.0,90.94249725341797,13.307499885559082
2026-02-27 14:00:00+05:30,34.0099983215332,30812.349609375,2648.300048828125,1314.0,25071.5,90.94000244140625,13.27750015258789
2026-02-27 14:01:00+05:30,34.0099983215332,30792.5,2646.10009765625,1313.199951171875,25073.5,90.91999816894531,13.289999961853027
2026-02-27 14:02:00+05:30,34.0099983215332,30773.349609375,2644.89990234375,1312.0,25060.0,90.94249725341797,13.350000381469727
2026-02-27 14:03:00+05:30,34.0099983215332,30774.400390625,2644.0,1312.0999755859375,25057.75,90.94249725341797,13.357500076293945
2026-02-27 14:04:00+05:30,33.97999954223633,30741.69921875,2643.0,1308.9000244140625,25049.0,90.94499969482422,13.395000457763672
2026-02-27 14:05:00+05:30,33.970001220703125,30735.30078125,2643.0,1308.199951171875,25052.5,90.94750213623047,13.387499809265137
2026-02-27 14:06:00+05:30,33.95000076293945,30721.5,2641.89990234375,1307.5999755859375,25054.5,90.94999694824219,13.395000457763672
2026-02-27 14:07:00+05:30,33.95000076293945,30724.5,2642.0,1307.800048828125,25053.5,90.94999694824219,13.414999961853027
2026-02-27 14:08:00+05:30,33.970001220703125,30724.75,2642.0,1308.199951171875,25058.5,90.94999694824219,13.385000228881836
2026-02-27 14:09:00+05:30,33.970001220703125,30728.80078125,2641.89990234375,1308.0999755859375,25060.0,90.93800354003906,13.385000228881836
2026-02-27 14:10:00+05:30,33.970001220703125,30729.55078125,2642.699951171875,1308.0,25059.25,90.93699645996094,13.345000267028809
2026-02-27 14:11:00+05:30,33.959999084472656,30723.5,2641.300048828125,1308.0,25059.25,90.94999694824219,13.34749984741211
2026-02-27 14:12:00+05:30,33.939998626708984,30707.849609375,2640.60009765625,1307.300048828125,25056.75,90.95249938964844,13.367500305175781
2026-02-27 14:13:00+05:30,33.95000076293945,30708.150390625,2640.300048828125,1307.300048828125,25055.25,90.93900299072266,13.3774995803833
2026-02-27 14:14:00+05:30,33.95000076293945,30711.19921875,2640.300048828125,1307.699951171875,25057.0,90.9574966430664,13.387499809265137
2026-02-27 14:15:00+05:30,33.95000076293945,30711.25,2640.800048828125,1307.5,25055.25,90.94000244140625,13.357500076293945
2026-02-27 14:16:00+05:30,33.93000030517578,30709.099609375,2639.800048828125,1307.4000244140625,25057.75,90.94999694824219,13.387499809265137
2026-02-27 14:17:00+05:30,33.95000076293945,30712.05078125,2640.199951171875,1307.5,25063.0,90.95500183105469,13.397500038146973
2026-02-27 14:18:00+05:30,33.939998626708984,30707.30078125,2639.60009765625,1306.699951171875,25059.25,90.9574966430664,13.387499809265137
2026-02-27 14:19:00+05:30,33.95000076293945,30708.94921875,2639.39990234375,1306.9000244140625,25057.75,90.9574966430664,13.395000457763672
2026-02-27 14:20:00+05:30,33.95000076293945,30709.150390625,2640.0,1306.699951171875,25063.0,90.95500183105469,13.3774995803833
2026-02-27 14:21:00+05:30,33.95000076293945,30709.599609375,2640.0,1306.5999755859375,25064.25,90.9574966430664,13.367500305175781
2026-02-27 14:22:00+05:30,33.93000030517578,30693.30078125,2639.199951171875,1305.9000244140625,25059.0,90.93000030517578,13.397500038146973
2026-02-27 14:23:00+05:30,33.939998626708984,30700.900390625,2639.89990234375,1306.0999755859375,25062.75,90.9574966430664,13.387499809265137
2026-02-27 14:24:00+05:30,33.93000030517578,30695.05078125,2639.10009765625,1305.800048828125,25061.0,90.94100189208984,13.387499809265137
2026-02-27 14:25:00+05:30,33.90999984741211,30693.849609375,2638.800048828125,1305.5999755859375,25063.25,90.9574966430664,13.380000114440918
2026-02-27 14:26:00+05:30,33.91999816894531,30681.69921875,2637.699951171875,1305.800048828125,25066.75,90.9574966430664,13.3725004196167
2026-02-27 14:27:00+05:30,33.90999984741211,30677.150390625,2636.699951171875,1305.5999755859375,25065.75,90.9574966430664,13.414999961853027
2026-02-27 14:28:00+05:30,33.88999938964844,30659.599609375,2635.10009765625,1305.0,25069.0,90.95500183105469,13.444999694824219
2026-02-27 14:29:00+05:30,33.880001068115234,30652.55078125,2634.800048828125,1304.5,25067.25,90.93900299072266,13.475000381469727
2026-02-27 14:30:00+05:30,33.88999938964844,30655.69921875,2635.300048828125,1304.199951171875,25064.5,90.9574966430664,13.4375
2026-02-27 14:31:00+05:30,33.900001525878906,30669.75,2636.10009765625,1305.0999755859375,25064.0,90.94999694824219,13.364999771118164
2026-02-27 14:32:00+05:30,33.88999938964844,30659.650390625,2635.89990234375,1304.199951171875,25051.75,90.95500183105469,13.475000381469727
2026-02-27 14:33:00+05:30,33.900001525878906,30672.25,2638.0,1304.0,25057.5,90.95249938964844,13.477499961853027
2026-02-27 14:34:00+05:30,33.90999984741211,30672.0,2637.699951171875,1303.699951171875,25060.25,90.93000030517578,13.4350004196167
2026-02-27 14:35:00+05:30,33.90999984741211,30686.75,2639.300048828125,1304.5,25071.75,90.93599700927734,13.385000228881836
2026-02-27 14:36:00+05:30,33.91999816894531,30689.349609375,2639.60009765625,1304.0999755859375,25077.5,90.94999694824219,13.357500076293945
2026-02-27 14:37:00+05:30,33.90999984741211,30689.650390625,2639.800048828125,1303.800048828125,25073.25,90.93599700927734,13.3774995803833
2026-02-27 14:38:00+05:30,33.91999816894531,30699.19921875,2640.89990234375,1304.0999755859375,25073.25,90.95249938964844,13.397500038146973
2026-02-27 14:39:00+05:30,33.93000030517578,30696.5,2641.199951171875,1303.800048828125,25068.0,90.95249938964844,13.417499542236328
2026-02-27 14:40:00+05:30,33.93000030517578,30695.849609375,2640.89990234375,1303.800048828125,25073.5,90.95500183105469,13.4350004196167
2026-02-27 14:41:00+05:30,33.91999816894531,30689.150390625,2639.800048828125,1303.699951171875,25073.5,90.95500183105469,13.492500305175781
2026-02-27 14:42:00+05:30,33.91999816894531,30697.55078125,2640.5,1304.300048828125,25086.0,90.93900299072266,13.447500228881836
2026-02-27 14:43:00+05:30,33.93000030517578,30712.30078125,2640.699951171875,1304.800048828125,25076.0,90.95500183105469,13.4350004196167
2026-02-27 14:44:00+05:30,33.93000030517578,30698.349609375,2640.199951171875,1304.4000244140625,25081.0,90.95500183105469,13.482500076293945
2026-02-27 14:45:00+05:30,33.93000030517578,30692.25,2640.800048828125,1304.4000244140625,25090.5,90.93699645996094,13.484999656677246
2026-02-27 14:46:00+05:30,33.93000030517578,30696.349609375,2640.0,1304.5999755859375,25092.0,90.95500183105469,13.494999885559082
2026-02-27 14:47:00+05:30,33.91999816894531,30686.650390625,2638.800048828125,1304.199951171875,25092.5,90.94999694824219,13.487500190734863
2026-02-27 14:48:00+05:30,33.91999816894531,30699.75,2640.89990234375,1305.0999755859375,25095.0,90.95500183105469,13.417499542236328
2026-02-27 14:49:00+05:30,33.91999816894531,30689.44921875,2639.60009765625,1304.5999755859375,25092.5,90.9574966430664,13.417499542236328
2026-02-27 14:50:00+05:30,33.93000030517578,30691.900390625,2639.699951171875,1304.800048828125,25097.5,90.95500183105469,13.390000343322754
2026-02-27 14:51:00+05:30,33.93000030517578,30689.099609375,2639.89990234375,1304.4000244140625,25086.75,90.95999908447266,13.397500038146973
2026-02-27 14:52:00+05:30,33.90999984741211,30686.44921875,2638.60009765625,1304.300048828125,25081.25,90.95999908447266,13.420000076293945
2026-02-27 14:53:00+05:30,33.939998626708984,30717.05078125,2640.60009765625,1306.300048828125,25071.0,90.9625015258789,13.40999984741211
2026-02-27 14:54:00+05:30,33.939998626708984,30706.75,2641.0,1305.300048828125,25072.5,90.94200134277344,13.420000076293945
2026-02-27 14:55:00+05:30,33.939998626708984,30698.150390625,2640.5,1304.5999755859375,25075.0,90.9574966430664,13.4399995803833
2026-02-27 14:56:00+05:30,33.95000076293945,30718.80078125,2641.39990234375,1305.5999755859375,25072.25,90.95999908447266,13.385000228881836
2026-02-27 14:57:00+05:30,33.95000076293945,30717.80078125,2641.5,1305.699951171875,25074.25,90.95999908447266,13.375
2026-02-27 14:58:00+05:30,33.95000076293945,30726.69921875,2643.10009765625,1305.9000244140625,25076.25,90.9625015258789,13.335000038146973
2026-02-27 14:59:00+05:30,33.959999084472656,30733.75,2643.89990234375,1305.699951171875,25078.5,90.94999694824219,13.319999694824219
2026-02-27 15:00:00+05:30,33.849998474121094,30621.80078125,2637.0,1300.300048828125,25074.5,90.95249938964844,13.462499618530273
2026-02-27 15:01:00+05:30,33.810001373291016,30600.30078125,2634.5,1299.5999755859375,25072.5,90.94999694824219,13.489999771118164
2026-02-27 15:02:00+05:30,33.79999923706055,30597.849609375,2632.89990234375,1300.800048828125,25075.0,90.94750213623047,13.545000076293945
2026-02-27 15:03:00+05:30,33.810001373291016,30579.849609375,2633.0,1299.300048828125,25070.0,90.94750213623047,13.65250015258789
2026-02-27 15:04:00+05:30,33.81999969482422,30592.05078125,2635.5,1299.800048828125,25064.0,90.94750213623047,13.707500457763672
2026-02-27 15:05:00+05:30,33.79999923706055,30568.25,2632.10009765625,1298.300048828125,25067.75,90.95249938964844,13.880000114440918
2026-02-27 15:06:00+05:30,33.79999923706055,30584.099609375,2635.5,1299.699951171875,25057.75,90.93499755859375,13.9975004196167
2026-02-27 15:07:00+05:30,33.810001373291016,30584.0,2633.10009765625,1299.5999755859375,25049.0,90.94999694824219,13.942500114440918
2026-02-27 15:08:00+05:30,33.779998779296875,30554.69921875,2629.5,1298.699951171875,25041.25,90.9574966430664,13.960000038146973
2026-02-27 15:09:00+05:30,33.79999923706055,30599.099609375,2634.199951171875,1299.800048828125,25050.75,90.95999908447266,13.712499618530273
2026-02-27 15:10:00+05:30,33.849998474121094,30633.44921875,2638.39990234375,1301.0999755859375,25043.0,90.95999908447266,13.649999618530273
2026-02-27 15:11:00+05:30,33.869998931884766,30632.599609375,2640.60009765625,1300.9000244140625,25035.5,90.96499633789062,13.737500190734863
2026-02-27 15:12:00+05:30,33.849998474121094,30614.55078125,2638.800048828125,1300.199951171875,25035.5,90.9625015258789,13.819999694824219
2026-02-27 15:13:00+05:30,33.849998474121094,30610.599609375,2639.60009765625,1301.0,25034.75,90.96499633789062,13.78499984741211
2026-02-27 15:14:00+05:30,33.86000061035156,30622.19921875,2639.60009765625,1300.5999755859375,25031.0,90.96499633789062,13.8100004196167
2026-02-27 15:15:00+05:30,33.849998474121094,30627.599609375,2640.0,1301.4000244140625,25025.25,90.96749877929688,13.727499961853027
2026-02-27 15:16:00+05:30,33.849998474121094,30633.69921875,2641.5,1301.800048828125,25031.0,90.947998046875,13.657500267028809
2026-02-27 15:17:00+05:30,33.86000061035156,30633.30078125,2640.39990234375,1301.699951171875,25035.5,90.94999694824219,13.664999961853027
2026-02-27 15:18:00+05:30,33.86000061035156,30631.25,2641.5,1301.5,25034.75,90.94499969482422,13.585000038146973
2026-02-27 15:19:00+05:30,33.849998474121094,30613.849609375,2640.39990234375,1300.9000244140625,25035.0,90.94000244140625,13.657500267028809
2026-02-27 15:20:00+05:30,33.869998931884766,30622.150390625,2641.5,1300.199951171875,25037.25,90.9749984741211,13.65250015258789
2026-02-27 15:21:00+05:30,33.81999969482422,30606.69921875,2639.89990234375,1300.199951171875,25043.5,90.97000122070312,13.710000038146973
2026-02-27 15:22:00+05:30,33.81999969482422,30588.849609375,2639.199951171875,1299.800048828125,25038.0,90.97000122070312,13.694999694824219
2026-02-27 15:23:00+05:30,33.83000183105469,30594.0,2638.39990234375,1299.5,25031.0,90.97250366210938,13.640000343322754
2026-02-27 15:24:00+05:30,33.83000183105469,30597.69921875,2640.0,1299.800048828125,25030.75,90.97000122070312,13.657500267028809
2026-02-27 15:25:00+05:30,33.84000015258789,30605.849609375,2640.800048828125,1300.199951171875,25034.5,90.97000122070312,13.6850004196167
2026-02-27 15:26:00+05:30,33.84000015258789,30596.650390625,2637.60009765625,1300.0999755859375,25035.25,90.97000122070312,13.692500114440918
2026-02-27 15:27:00+05:30,33.81999969482422,30598.349609375,2639.699951171875,1298.300048828125,25037.5,90.95500183105469,13.697500228881836
2026-02-27 15:28:00+05:30,33.84000015258789,30593.599609375,2640.0,1298.5,25036.25,90.97000122070312,13.699999809265137
2026-02-27 15:29:00+05:30,33.79999923706055,30568.30078125,2637.39990234375,1299.0,25029.25,90.97750091552734,13.682499885559082
2026-02-27 15:30:00+05:30,33.79999923706055,30568.30078125,2637.39990234375,1299.0,25028.5,90.97750091552734,13.682499885559082
2026-03-02 09:00:00+05:30,33.79999923706055,30568.30078125,2639.699951171875,1299.0,24816.5,91.27999877929688,13.682499885559082
2026-03-02 09:01:00+05:30,33.79999923706055,30568.30078125,2639.699951171875,1299.0,24815.25,91.25,13.682499885559082
2026-03-02 09:02:00+05:30,33.79999923706055,30568.30078125,2639.699951171875,1299.0,24806.5,91.30000305175781,13.682499885559082
2026-03-02 09:03:00+05:30,33.79999923706055,30568.30078125,2639.699951171875,1299.0,24806.5,91.3125,13.682499885559082
2026-03-02 09:04:00+05:30,33.79999923706055,30568.30078125,2639.699951171875,1299.0,24797.0,91.30999755859375,13.682499885559082
2026-03-02 09:05:00+05:30,33.79999923706055,30568.30078125,2639.699951171875,1299.0,24800.75,91.31749725341797,13.682499885559082
2026-03-02 09:06:00+05:30,33.79999923706055,30568.30078125,2639.699951171875,1299.0,24801.5,91.32250213623047,13.682499885559082
2026-03-02 09:07:00+05:30,33.79999923706055,30568.30078125,2639.699951171875,1299.0,24802.0,91.29299926757812,13.682499885559082
2026-03-02 09:08:00+05:30,33.79999923706055,30568.30078125,2639.699951171875,1299.0,24807.25,91.29000091552734,13.682499885559082
2026-03-02 09:09:00+05:30,33.79999923706055,30568.30078125,2639.699951171875,1299.0,24804.0,91.30750274658203,13.682499885559082
2026-03-02 09:10:00+05:30,33.79999923706055,30568.30078125,2639.699951171875,1299.0,24803.75,91.27999877929688,13.682499885559082
2026-03-02 09:11:00+05:30,33.79999923706055,30568.30078125,2639.699951171875,1299.0,24805.75,91.25250244140625,13.682499885559082
2026-03-02 09:12:00+05:30,33.79999923706055,30568.30078125,2639.699951171875,1299.0,24800.25,91.25399780273438,13.682499885559082
2026-03-02 09:13:00+05:30,33.79999923706055,30568.30078125,2639.699951171875,1299.0,24793.75,91.2699966430664,13.682499885559082
2026-03-02 09:14:00+05:30,33.79999923706055,30568.30078125,2639.699951171875,1299.0,24795.25,91.26000213623047,13.682499885559082
2026-03-02 09:15:00+05:30,33.29999923706055,30141.650390625,2598.10009765625,1286.5999755859375,24797.25,91.25749969482422,15.0649995803833
2026-03-02 09:16:00+05:30,33.290000915527344,30155.650390625,2594.39990234375,1289.300048828125,24797.25,91.23500061035156,15.755000114440918
2026-03-02 09:17:00+05:30,33.290000915527344,30151.599609375,2595.300048828125,1288.5999755859375,24797.0,91.25250244140625,15.77750015258789
2026-03-02 09:18:00+05:30,33.2599983215332,30140.0,2592.800048828125,1289.0999755859375,24796.75,91.25499725341797,15.967499732971191
2026-03-02 09:19:00+05:30,33.290000915527344,30168.44921875,2596.0,1290.300048828125,24801.5,91.25250244140625,16.002500534057617
2026-03-02 09:20:00+05:30,33.40999984741211,30283.75,2605.5,1293.300048828125,24806.75,91.26000213623047,15.962499618530273
2026-03-02 09:21:00+05:30,33.40999984741211,30240.0,2602.10009765625,1292.300048828125,24799.25,91.25,16.084999084472656
2026-03-02 09:22:00+05:30,33.470001220703125,30308.150390625,2606.10009765625,1295.9000244140625,24804.75,91.23249816894531,16.1875
2026-03-02 09:23:00+05:30,33.400001525878906,30217.849609375,2598.5,1291.199951171875,24804.0,91.23750305175781,16.237499237060547
2026-03-02 09:24:00+05:30,33.43000030517578,30270.0,2601.10009765625,1293.0,24796.75,91.23500061035156,16.322500228881836
2026-03-02 09:25:00+05:30,33.40999984741211,30252.75,2601.800048828125,1292.300048828125,24794.25,91.23750305175781,16.342500686645508
2026-03-02 09:26:00+05:30,33.43000030517578,30271.900390625,2603.39990234375,1293.800048828125,24794.25,91.22750091552734,16.127500534057617
2026-03-02 09:27:00+05:30,33.47999954223633,30304.69921875,2606.39990234375,1295.0,24790.0,91.2249984741211,16.15250015258789
2026-03-02 09:28:00+05:30,33.4900016784668,30308.44921875,2605.60009765625,1294.0,24792.75,91.23750305175781,16.0674991607666
2026-03-02 09:29:00+05:30,33.459999084472656,30304.099609375,2603.0,1292.800048828125,24791.5,91.23750305175781,16.102500915527344
2026-03-02 09:30:00+05:30,33.52000045776367,30361.69921875,2606.60009765625,1294.199951171875,24789.0,91.25,16.0049991607666
2026-03-02 09:31:00+05:30,33.529998779296875,30362.30078125,2607.300048828125,1294.0,24793.25,91.26750183105469,16.0575008392334
2026-03-02 09:32:00+05:30,33.58000183105469,30390.099609375,2609.800048828125,1295.300048828125,24793.75,91.27999877929688,16.049999237060547
2026-03-02 09:33:00+05:30,33.61000061035156,30447.900390625,2614.10009765625,1297.699951171875,24795.0,91.2750015258789,15.862500190734863
2026-03-02 09:34:00+05:30,33.66999816894531,30481.69921875,2618.39990234375,1298.4000244140625,24793.0,91.2750015258789,15.84749984741211
2026-03-02 09:35:00+05:30,33.66999816894531,30469.80078125,2618.300048828125,1298.0,24792.75,91.27249908447266,15.71500015258789
2026-03-02 09:36:00+05:30,33.650001525878906,30460.150390625,2615.60009765625,1296.5999755859375,24795.0,91.27249908447266,15.729999542236328
2026-03-02 09:37:00+05:30,33.61000061035156,30410.099609375,2609.10009765625,1294.199951171875,24792.25,91.26000213623047,15.90250015258789
2026-03-02 09:38:00+05:30,33.63999938964844,30435.150390625,2611.300048828125,1294.800048828125,24794.75,91.26000213623047,15.942500114440918
2026-03-02 09:39:00+05:30,33.65999984741211,30462.55078125,2613.5,1295.5999755859375,24794.75,91.26249694824219,15.927499771118164
2026-03-02 09:40:00+05:30,33.619998931884766,30411.25,2610.10009765625,1293.0999755859375,24793.5,91.25499725341797,15.895000457763672
2026-03-02 09:41:00+05:30,33.630001068115234,30424.5,2611.199951171875,1293.0,24783.25,91.27999877929688,15.867500305175781
2026-03-02 09:42:00+05:30,33.619998931884766,30433.900390625,2610.89990234375,1293.300048828125,24782.0,91.27999877929688,15.90250015258789
2026-03-02 09:43:00+05:30,33.68000030517578,30460.80078125,2614.199951171875,1294.5999755859375,24797.25,91.29499816894531,15.882499694824219
2026-03-02 09:44:00+05:30,33.68000030517578,30461.75,2614.199951171875,1294.4000244140625,24796.75,91.3125,15.854999542236328
2026-03-02 09:45:00+05:30,33.709999084472656,30492.19921875,2618.0,1294.800048828125,24799.5,91.3375015258789,15.84749984741211
2026-03-02 09:46:00+05:30,33.720001220703125,30518.650390625,2619.60009765625,1295.0999755859375,24806.25,91.33200073242188,15.832500457763672
2026-03-02 09:47:00+05:30,33.75,30555.25,2620.0,1296.5999755859375,24806.25,91.30999755859375,15.859999656677246
2026-03-02 09:48:00+05:30,33.7599983215332,30542.5,2620.10009765625,1295.800048828125,24796.75,91.32499694824219,15.824999809265137
2026-03-02 09:49:00+05:30,33.7400016784668,30518.69921875,2618.5,1294.4000244140625,24768.0,91.31749725341797,15.895000457763672
2026-03-02 09:50:00+05:30,33.72999954223633,30517.5,2617.300048828125,1294.4000244140625,24765.5,91.33999633789062,15.904999732971191
2026-03-02 09:51:00+05:30,33.75,30528.650390625,2619.10009765625,1294.4000244140625,24772.0,91.33999633789062,15.899999618530273
2026-03-02 09:52:00+05:30,33.720001220703125,30491.849609375,2616.0,1293.300048828125,24754.25,91.37750244140625,15.932499885559082
2026-03-02 09:53:00+05:30,33.70000076293945,30477.25,2614.5,1292.9000244140625,24762.5,91.37999725341797,16.059999465942383
2026-03-02 09:54:00+05:30,33.68000030517578,30469.599609375,2614.39990234375,1292.300048828125,24775.25,91.37999725341797,16.03499984741211
2026-03-02 09:55:00+05:30,33.689998626708984,30480.69921875,2614.89990234375,1292.800048828125,24773.75,91.33000183105469,16.100000381469727
2026-03-02 09:56:00+05:30,33.689998626708984,30482.05078125,2614.89990234375,1292.800048828125,24783.75,91.35700225830078,16.09000015258789
2026-03-02 09:57:00+05:30,33.75,30532.30078125,2619.0,1295.0999755859375,24792.5,91.3550033569336,16.0049991607666
2026-03-02 09:58:00+05:30,33.75,30533.19921875,2619.10009765625,1295.199951171875,24794.5,91.35600280761719,15.954999923706055
2026-03-02 09:59:00+05:30,33.77000045776367,30567.099609375,2620.800048828125,1296.5999755859375,24799.5,91.35250091552734,15.952500343322754
2026-03-02 10:00:00+05:30,33.790000915527344,30561.19921875,2621.89990234375,1296.9000244140625,24797.0,91.35399627685547,15.97249984741211
2026-03-02 10:01:00+05:30,33.790000915527344,30555.400390625,2621.0,1296.800048828125,24802.75,91.36000061035156,16.010000228881836
2026-03-02 10:02:00+05:30,33.7400016784668,30517.69921875,2618.199951171875,1295.4000244140625,24805.25,91.36000061035156,16.032499313354492
2026-03-02 10:03:00+05:30,33.7400016784668,30514.099609375,2618.10009765625,1294.300048828125,24800.5,91.36250305175781,16.100000381469727
2026-03-02 10:04:00+05:30,33.720001220703125,30496.55078125,2616.89990234375,1293.800048828125,24800.25,91.35749816894531,16.15250015258789
2026-03-02 10:05:00+05:30,33.75,30521.349609375,2617.800048828125,1295.5999755859375,24801.0,91.38249969482422,16.072500228881836
2026-03-02 10:06:00+05:30,33.72999954223633,30504.150390625,2617.800048828125,1294.9000244140625,24799.5,91.37999725341797,16.087499618530273
2026-03-02 10:07:00+05:30,33.720001220703125,30497.349609375,2617.699951171875,1294.199951171875,24805.75,91.38249969482422,16.084999084472656
2026-03-02 10:08:00+05:30,33.709999084472656,30491.650390625,2617.39990234375,1294.300048828125,24805.5,91.38500213623047,16.104999542236328
2026-03-02 10:09:00+05:30,33.709999084472656,30503.55078125,2617.800048828125,1294.800048828125,24806.75,91.38249969482422,16.107500076293945
2026-03-02 10:10:00+05:30,33.689998626708984,30475.849609375,2615.300048828125,1293.5,24810.75,91.38500213623047,16.15999984741211
2026-03-02 10:11:00+05:30,33.70000076293945,30499.94921875,2617.10009765625,1294.300048828125,24812.75,91.37000274658203,16.15999984741211
2026-03-02 10:12:00+05:30,33.720001220703125,30505.349609375,2617.60009765625,1295.199951171875,24804.0,91.3949966430664,16.104999542236328
2026-03-02 10:13:00+05:30,33.72999954223633,30520.5,2618.89990234375,1295.9000244140625,24803.0,91.38500213623047,16.06999969482422
2026-03-02 10:14:00+05:30,33.72999954223633,30521.849609375,2617.800048828125,1295.4000244140625,24793.0,91.39900207519531,15.952500343322754
2026-03-02 10:15:00+05:30,33.72999954223633,30519.400390625,2618.300048828125,1295.300048828125,24788.0,91.36750030517578,15.925000190734863
2026-03-02 10:16:00+05:30,33.720001220703125,30497.849609375,2616.800048828125,1294.699951171875,24790.25,91.375,15.984999656677246
2026-03-02 10:17:00+05:30,33.709999084472656,30502.44921875,2616.39990234375,1294.4000244140625,24787.75,91.37000274658203,15.960000038146973
2026-03-02 10:18:00+05:30,33.72999954223633,30519.19921875,2619.800048828125,1295.300048828125,24784.75,91.36000061035156,15.960000038146973
2026-03-02 10:19:00+05:30,33.75,30525.44921875,2619.300048828125,1296.0,24783.75,91.36750030517578,15.952500343322754
2026-03-02 10:20:00+05:30,33.720001220703125,30496.849609375,2618.5,1294.800048828125,24768.5,91.38249969482422,16.00749969482422
2026-03-02 10:21:00+05:30,33.720001220703125,30498.599609375,2618.39990234375,1294.699951171875,24772.0,91.37999725341797,16.002500534057617
2026-03-02 10:22:00+05:30,33.7400016784668,30516.400390625,2619.39990234375,1294.800048828125,24775.25,91.38249969482422,15.967499732971191
2026-03-02 10:23:00+05:30,33.75,30520.400390625,2620.300048828125,1294.699951171875,24773.75,91.375,15.975000381469727
2026-03-02 10:24:00+05:30,33.7400016784668,30507.349609375,2619.60009765625,1294.300048828125,24773.5,91.37750244140625,15.960000038146973
2026-03-02 10:25:00+05:30,33.70000076293945,30473.44921875,2615.0,1293.300048828125,24768.5,91.37000274658203,15.975000381469727
2026-03-02 10:26:00+05:30,33.689998626708984,30470.44921875,2614.800048828125,1293.199951171875,24770.75,91.37249755859375,15.942500114440918
2026-03-02 10:27:00+05:30,33.68000030517578,30455.150390625,2614.0,1293.0,24763.0,91.37999725341797,15.952500343322754
2026-03-02 10:28:00+05:30,33.70000076293945,30469.75,2616.300048828125,1294.0,24761.75,91.38249969482422,15.9399995803833
2026-03-02 10:29:00+05:30,33.68000030517578,30463.05078125,2615.5,1294.199951171875,24761.75,91.4000015258789,15.917499542236328
2026-03-02 10:30:00+05:30,33.68000030517578,30456.5,2614.89990234375,1293.699951171875,24762.75,91.39749908447266,15.927499771118164
2026-03-02 10:31:00+05:30,33.689998626708984,30474.5,2615.5,1294.199951171875,24766.75,91.4000015258789,15.854999542236328
2026-03-02 10:32:00+05:30,33.68000030517578,30459.25,2614.199951171875,1293.5,24759.5,91.4124984741211,15.864999771118164
2026-03-02 10:33:00+05:30,33.70000076293945,30481.099609375,2615.0,1294.0,24763.25,91.42500305175781,15.822500228881836
2026-03-02 10:34:00+05:30,33.709999084472656,30488.099609375,2615.5,1294.5,24748.25,91.4175033569336,15.795000076293945
2026-03-02 10:35:00+05:30,33.68000030517578,30461.349609375,2613.60009765625,1293.9000244140625,24743.0,91.36000061035156,15.805000305175781
2026-03-02 10:36:00+05:30,33.65999984741211,30447.55078125,2612.0,1293.5,24742.75,91.36499786376953,15.84749984741211
2026-03-02 10:37:00+05:30,33.68000030517578,30464.19921875,2613.39990234375,1293.699951171875,24738.75,91.37999725341797,15.84000015258789
2026-03-02 10:38:00+05:30,33.689998626708984,30462.69921875,2613.39990234375,1294.199951171875,24744.25,91.38249969482422,15.829999923706055
2026-03-02 10:39:00+05:30,33.689998626708984,30471.05078125,2613.5,1294.0,24738.0,91.39299774169922,15.829999923706055
2026-03-02 10:40:00+05:30,33.689998626708984,30467.900390625,2612.89990234375,1293.9000244140625,24750.0,91.38500213623047,15.822500228881836
2026-03-02 10:41:00+05:30,33.689998626708984,30478.69921875,2613.300048828125,1294.300048828125,24748.0,91.38999938964844,15.77750015258789
2026-03-02 10:42:00+05:30,33.70000076293945,30482.349609375,2614.0,1294.9000244140625,24750.0,91.38500213623047,15.800000190734863
2026-03-02 10:43:00+05:30,33.70000076293945,30482.94921875,2612.199951171875,1295.9000244140625,24744.0,91.38749694824219,15.869999885559082
2026-03-02 10:44:00+05:30,33.66999816894531,30445.25,2610.39990234375,1294.800048828125,24743.25,91.38749694824219,15.949999809265137
2026-03-02 10:45:00+05:30,33.689998626708984,30463.44921875,2612.10009765625,1294.5,24750.25,91.39749908447266,15.912500381469727
2026-03-02 10:46:00+05:30,33.689998626708984,30471.25,2612.60009765625,1295.0999755859375,24749.0,91.38500213623047,15.917499542236328
2026-03-02 10:47:00+05:30,33.70000076293945,30471.900390625,2613.0,1295.300048828125,24750.5,91.40750122070312,15.925000190734863
2026-03-02 10:48:00+05:30,33.66999816894531,30469.150390625,2612.39990234375,1294.699951171875,24750.25,91.41000366210938,15.9350004196167
2026-03-02 10:49:00+05:30,33.66999816894531,30451.94921875,2611.60009765625,1294.0999755859375,24748.5,91.40249633789062,15.954999923706055
2026-03-02 10:50:00+05:30,33.68000030517578,30460.650390625,2612.5,1294.300048828125,24744.5,91.4000015258789,15.944999694824219
2026-03-02 10:51:00+05:30,33.68000030517578,30460.650390625,2612.39990234375,1294.0,24742.5,91.40249633789062,15.932499885559082
2026-03-02 10:52:00+05:30,33.689998626708984,30477.650390625,2613.89990234375,1294.9000244140625,24733.75,91.40499877929688,15.907500267028809
2026-03-02 10:53:00+05:30,33.689998626708984,30474.94921875,2613.800048828125,1294.5999755859375,24724.5,91.39749908447266,15.922499656677246
2026-03-02 10:54:00+05:30,33.709999084472656,30499.599609375,2618.0,1295.800048828125,24722.75,91.39749908447266,15.917499542236328
2026-03-02 10:55:00+05:30,33.709999084472656,30505.650390625,2617.89990234375,1296.800048828125,24727.5,91.4000015258789,15.890000343322754
2026-03-02 10:56:00+05:30,33.709999084472656,30492.94921875,2616.89990234375,1296.199951171875,24733.0,91.40249633789062,15.854999542236328
2026-03-02 10:57:00+05:30,33.709999084472656,30488.0,2615.5,1295.800048828125,24730.25,91.4000015258789,15.835000038146973
2026-03-02 10:58:00+05:30,33.70000076293945,30508.05078125,2617.10009765625,1296.300048828125,24726.25,91.38999938964844,15.84749984741211
2026-03-02 10:59:00+05:30,33.72999954223633,30519.30078125,2617.60009765625,1296.5,24729.0,91.37249755859375,15.84749984741211
2026-03-02 11:00:00+05:30,33.720001220703125,30506.19921875,2616.89990234375,1296.199951171875,24737.75,91.37249755859375,15.850000381469727
2026-03-02 11:01:00+05:30,33.720001220703125,30499.30078125,2617.10009765625,1296.699951171875,24735.0,91.37249755859375,15.84749984741211
2026-03-02 11:02:00+05:30,33.70000076293945,30481.099609375,2615.199951171875,1296.199951171875,24730.0,91.36499786376953,15.84000015258789
2026-03-02 11:03:00+05:30,33.689998626708984,30473.44921875,2614.300048828125,1295.5999755859375,24736.0,91.36750030517578,15.829999923706055
2026-03-02 11:04:00+05:30,33.68000030517578,30464.44921875,2614.10009765625,1296.0,24736.75,91.37999725341797,15.827500343322754
2026-03-02 11:05:00+05:30,33.68000030517578,30463.849609375,2614.60009765625,1295.9000244140625,24742.0,91.38500213623047,15.864999771118164
2026-03-02 11:06:00+05:30,33.689998626708984,30466.19921875,2614.800048828125,1296.4000244140625,24746.25,91.39250183105469,15.899999618530273
2026-03-02 11:07:00+05:30,33.66999816894531,30443.099609375,2614.0,1295.800048828125,24732.75,91.3949966430664,15.864999771118164
2026-03-02 11:08:00+05:30,33.65999984741211,30438.150390625,2614.10009765625,1295.5,24738.25,91.40499877929688,15.864999771118164
2026-03-02 11:09:00+05:30,33.650001525878906,30432.599609375,2612.60009765625,1294.5999755859375,24730.75,91.37999725341797,15.869999885559082
2026-03-02 11:10:00+05:30,33.63999938964844,30421.0,2612.10009765625,1293.699951171875,24728.75,91.40249633789062,15.857500076293945
2026-03-02 11:11:00+05:30,33.650001525878906,30431.400390625,2613.199951171875,1294.0,24733.0,91.40750122070312,15.852499961853027
2026-03-02 11:12:00+05:30,33.630001068115234,30412.94921875,2611.300048828125,1293.5,24740.5,91.41500091552734,15.867500305175781
2026-03-02 11:13:00+05:30,33.61000061035156,30407.349609375,2610.60009765625,1292.9000244140625,24736.5,91.41000366210938,15.867500305175781
2026-03-02 11:14:00+05:30,33.599998474121094,30387.900390625,2609.39990234375,1291.800048828125,24734.75,91.41500091552734,15.885000228881836
2026-03-02 11:15:00+05:30,33.56999969482422,30366.75,2608.5,1290.699951171875,24736.0,91.4124984741211,15.895000457763672
2026-03-02 11:16:00+05:30,33.560001373291016,30342.5,2608.300048828125,1289.5,24730.5,91.41999816894531,15.917499542236328
2026-03-02 11:17:00+05:30,33.5099983215332,30329.599609375,2607.300048828125,1288.199951171875,24731.25,91.4175033569336,15.922499656677246
2026-03-02 11:18:00+05:30,33.529998779296875,30341.849609375,2607.89990234375,1289.9000244140625,24730.75,91.4175033569336,15.907500267028809
2026-03-02 11:19:00+05:30,33.54999923706055,30338.900390625,2608.800048828125,1289.5,24727.0,91.4280014038086,15.897500038146973
2026-03-02 11:20:00+05:30,33.529998779296875,30326.0,2608.199951171875,1288.9000244140625,24718.5,91.42500305175781,15.904999732971191
2026-03-02 11:21:00+05:30,33.52000045776367,30332.55078125,2609.199951171875,1289.4000244140625,24719.25,91.43000030517578,15.904999732971191
2026-03-02 11:22:00+05:30,33.5099983215332,30334.349609375,2609.199951171875,1289.4000244140625,24713.0,91.43499755859375,15.899999618530273
2026-03-02 11:23:00+05:30,33.52000045776367,30315.05078125,2608.0,1288.9000244140625,24720.75,91.43000030517578,15.925000190734863
2026-03-02 11:24:00+05:30,33.5099983215332,30313.650390625,2607.10009765625,1289.0,24716.0,91.43250274658203,15.90999984741211
2026-03-02 11:25:00+05:30,33.4900016784668,30295.69921875,2604.39990234375,1288.800048828125,24705.75,91.44999694824219,15.864999771118164
2026-03-02 11:26:00+05:30,33.470001220703125,30275.150390625,2602.800048828125,1287.300048828125,24695.25,91.44000244140625,15.944999694824219
2026-03-02 11:27:00+05:30,33.459999084472656,30268.0,2603.60009765625,1286.5999755859375,24688.0,91.42250061035156,15.97249984741211
2026-03-02 11:28:00+05:30,33.459999084472656,30269.599609375,2603.5,1286.800048828125,24676.0,91.42749786376953,15.970000267028809
2026-03-02 11:29:00+05:30,33.45000076293945,30255.30078125,2603.10009765625,1285.699951171875,24677.25,91.44999694824219,15.949999809265137
2026-03-02 11:30:00+05:30,33.41999816894531,30224.05078125,2601.0,1283.199951171875,24679.0,91.44999694824219,15.962499618530273
2026-03-02 11:31:00+05:30,33.400001525878906,30216.349609375,2600.89990234375,1282.699951171875,24682.0,91.45249938964844,15.982500076293945
2026-03-02 11:32:00+05:30,33.38999938964844,30202.400390625,2601.5,1281.800048828125,24684.25,91.43499755859375,15.982500076293945
2026-03-02 11:33:00+05:30,33.369998931884766,30198.75,2601.0,1281.9000244140625,24686.25,91.44000244140625,15.984999656677246
2026-03-02 11:34:00+05:30,33.38999938964844,30206.650390625,2602.10009765625,1282.0,24693.0,91.44499969482422,16.03499984741211
2026-03-02 11:35:00+05:30,33.400001525878906,30209.150390625,2602.699951171875,1282.0,24690.0,91.44000244140625,16.020000457763672
2026-03-02 11:36:00+05:30,33.369998931884766,30185.400390625,2600.60009765625,1280.300048828125,24699.75,91.44000244140625,15.987500190734863
2026-03-02 11:37:00+05:30,33.36000061035156,30171.69921875,2600.300048828125,1279.800048828125,24688.25,91.4375,15.989999771118164
2026-03-02 11:38:00+05:30,33.380001068115234,30202.55078125,2605.5,1281.0,24696.75,91.4375,15.979999542236328
2026-03-02 11:39:00+05:30,33.41999816894531,30242.69921875,2607.60009765625,1283.199951171875,24696.25,91.43900299072266,15.895000457763672
2026-03-02 11:40:00+05:30,33.43000030517578,30238.25,2607.0,1282.0,24698.25,91.44750213623047,15.960000038146973
2026-03-02 11:41:00+05:30,33.439998626708984,30266.55078125,2609.10009765625,1283.800048828125,24695.0,91.447998046875,15.960000038146973
2026-03-02 11:42:00+05:30,33.470001220703125,30274.75,2610.60009765625,1284.0,24690.25,91.4520034790039,15.962499618530273
2026-03-02 11:43:00+05:30,33.45000076293945,30264.400390625,2610.39990234375,1283.199951171875,24691.25,91.43299865722656,15.970000267028809
2026-03-02 11:44:00+05:30,33.459999084472656,30269.599609375,2610.199951171875,1283.5,24691.0,91.4520034790039,15.977499961853027
2026-03-02 11:45:00+05:30,33.459999084472656,30270.05078125,2610.699951171875,1283.199951171875,24694.25,91.46499633789062,15.957500457763672
2026-03-02 11:46:00+05:30,33.47999954223633,30280.19921875,2611.800048828125,1283.9000244140625,24689.25,91.44999694824219,15.890000343322754
2026-03-02 11:47:00+05:30,33.459999084472656,30272.25,2612.10009765625,1283.300048828125,24686.5,91.45249938964844,15.882499694824219
2026-03-02 11:48:00+05:30,33.470001220703125,30265.55078125,2611.10009765625,1282.800048828125,24668.5,91.44999694824219,15.90250015258789
2026-03-02 11:49:00+05:30,33.45000076293945,30250.349609375,2609.800048828125,1282.300048828125,24658.0,91.45249938964844,15.960000038146973
2026-03-02 11:50:00+05:30,33.43000030517578,30232.69921875,2608.300048828125,1282.0999755859375,24644.0,91.45249938964844,15.967499732971191
2026-03-02 11:51:00+05:30,33.439998626708984,30239.30078125,2609.10009765625,1282.4000244140625,24649.75,91.45999908447266,15.977499961853027
2026-03-02 11:52:00+05:30,33.41999816894531,30228.80078125,2608.39990234375,1281.5,24641.0,91.44000244140625,15.977499961853027
2026-03-02 11:53:00+05:30,33.40999984741211,30211.400390625,2607.699951171875,1280.199951171875,24648.5,91.44249725341797,16.05500030517578
2026-03-02 11:54:00+05:30,33.41999816894531,30218.599609375,2608.89990234375,1280.699951171875,24644.25,91.44000244140625,16.0575008392334
2026-03-02 11:55:00+05:30,33.40999984741211,30217.94921875,2608.199951171875,1280.4000244140625,24650.75,91.44750213623047,16.024999618530273
2026-03-02 11:56:00+05:30,33.380001068115234,30205.30078125,2607.300048828125,1280.0999755859375,24655.75,91.44999694824219,16.03499984741211
2026-03-02 11:57:00+05:30,33.369998931884766,30192.55078125,2606.60009765625,1279.0999755859375,24657.5,91.44999694824219,16.014999389648438
2026-03-02 11:58:00+05:30,33.380001068115234,30187.19921875,2606.60009765625,1278.800048828125,24659.5,91.45249938964844,16.0
2026-03-02 11:59:00+05:30,33.36000061035156,30161.900390625,2605.800048828125,1277.0999755859375,24668.25,91.46499633789062,16.012500762939453
2026-03-02 12:00:00+05:30,33.29999923706055,30123.25,2606.0,1275.5,24670.25,91.45249938964844,16.0625
2026-03-02 12:01:00+05:30,33.290000915527344,30125.849609375,2605.60009765625,1275.5999755859375,24673.5,91.44249725341797,16.05500030517578
2026-03-02 12:02:00+05:30,33.29999923706055,30117.69921875,2604.0,1275.9000244140625,24666.25,91.44499969482422,16.0575008392334
2026-03-02 12:03:00+05:30,33.290000915527344,30112.75,2602.800048828125,1276.0,24667.25,91.44499969482422,16.072500228881836
2026-03-02 12:04:00+05:30,33.290000915527344,30114.80078125,2603.199951171875,1276.0,24670.25,91.44499969482422,16.065000534057617
2026-03-02 12:05:00+05:30,33.279998779296875,30108.900390625,2602.0,1276.300048828125,24657.5,91.44999694824219,16.107500076293945
2026-03-02 12:06:00+05:30,33.310001373291016,30122.30078125,2602.5,1277.5,24649.75,91.44499969482422,16.122499465942383
2026-03-02 12:07:00+05:30,33.310001373291016,30138.25,2604.89990234375,1277.800048828125,24645.0,91.44750213623047,16.107500076293945
2026-03-02 12:08:00+05:30,33.34000015258789,30150.849609375,2606.199951171875,1277.9000244140625,24638.5,91.44750213623047,16.092500686645508
2026-03-02 12:09:00+05:30,33.34000015258789,30150.0,2606.39990234375,1277.699951171875,24632.0,91.44499969482422,16.114999771118164
2026-03-02 12:10:00+05:30,33.349998474121094,30153.80078125,2605.800048828125,1278.5,24625.0,91.44999694824219,16.165000915527344
2026-03-02 12:11:00+05:30,33.349998474121094,30169.80078125,2607.0,1279.4000244140625,24637.25,91.4625015258789,16.125
2026-03-02 12:12:00+05:30,33.369998931884766,30178.650390625,2607.5,1279.5,24641.25,91.45500183105469,16.1299991607666
2026-03-02 12:13:00+05:30,33.369998931884766,30169.099609375,2608.0,1278.5999755859375,24628.0,91.45249938964844,16.114999771118164
2026-03-02 12:14:00+05:30,33.33000183105469,30140.150390625,2605.300048828125,1277.300048828125,24620.75,91.44750213623047,16.27750015258789
2026-03-02 12:15:00+05:30,33.310001373291016,30122.150390625,2603.89990234375,1277.0,24618.0,91.44999694824219,16.342500686645508
2026-03-02 12:16:00+05:30,33.33000183105469,30134.44921875,2605.39990234375,1277.199951171875,24610.5,91.44200134277344,16.3174991607666
2026-03-02 12:17:00+05:30,33.33000183105469,30136.5,2604.800048828125,1278.0,24601.0,91.45999908447266,16.34749984741211
2026-03-02 12:18:00+05:30,33.29999923706055,30125.099609375,2603.199951171875,1276.699951171875,24586.0,91.45999908447266,16.40250015258789
2026-03-02 12:19:00+05:30,33.290000915527344,30104.25,2602.10009765625,1276.800048828125,24581.5,91.46099853515625,16.447500228881836
2026-03-02 12:20:00+05:30,33.27000045776367,30092.75,2600.300048828125,1276.300048828125,24568.5,91.45500183105469,16.375
2026-03-02 12:21:00+05:30,33.2599983215332,30082.900390625,2599.39990234375,1276.0,24547.25,91.45500183105469,16.427499771118164
2026-03-02 12:22:00+05:30,33.25,30079.599609375,2599.699951171875,1276.0999755859375,24581.25,91.45999908447266,16.462499618530273
2026-03-02 12:23:00+05:30,33.279998779296875,30102.94921875,2600.300048828125,1276.9000244140625,24581.5,91.44000244140625,16.43000030517578
2026-03-02 12:24:00+05:30,33.29999923706055,30114.30078125,2600.89990234375,1278.0,24578.5,91.45999908447266,16.34749984741211
2026-03-02 12:25:00+05:30,33.29999923706055,30116.349609375,2601.5,1277.800048828125,24585.0,91.4625015258789,16.322500228881836
2026-03-02 12:26:00+05:30,33.29999923706055,30109.349609375,2602.60009765625,1278.0,24593.5,91.45999908447266,16.299999237060547
2026-03-02 12:27:00+05:30,33.290000915527344,30110.69921875,2602.699951171875,1278.0999755859375,24585.75,91.4625015258789,16.299999237060547
2026-03-02 12:28:00+05:30,33.279998779296875,30103.30078125,2602.199951171875,1277.199951171875,24585.0,91.47899627685547,16.332500457763672
2026-03-02 12:29:00+05:30,33.279998779296875,30106.69921875,2602.199951171875,1277.5999755859375,24590.75,91.47250366210938,16.350000381469727
2026-03-02 12:30:00+05:30,33.27000045776367,30090.5,2601.0,1276.800048828125,24592.5,91.45999908447266,16.357500076293945
2026-03-02 12:31:00+05:30,33.2599983215332,30090.900390625,2601.10009765625,1276.5999755859375,24593.5,91.4574966430664,16.4325008392334
2026-03-02 12:32:00+05:30,33.279998779296875,30093.400390625,2601.0,1276.800048828125,24588.5,91.4625015258789,16.3700008392334
2026-03-02 12:33:00+05:30,33.27000045776367,30099.349609375,2600.699951171875,1277.699951171875,24592.75,91.46499633789062,16.424999237060547
2026-03-02 12:34:00+05:30,33.279998779296875,30105.599609375,2601.0,1278.199951171875,24588.25,91.45999908447266,16.40999984741211
2026-03-02 12:35:00+05:30,33.279998779296875,30104.69921875,2600.5,1278.9000244140625,24583.5,91.45999908447266,16.46500015258789
2026-03-02 12:36:00+05:30,33.290000915527344,30111.05078125,2602.0,1279.0,24595.0,91.4625015258789,16.47249984741211
2026-03-02 12:37:00+05:30,33.279998779296875,30105.05078125,2601.300048828125,1278.699951171875,24579.0,91.46499633789062,16.434999465942383
2026-03-02 12:38:00+05:30,33.2400016784668,30058.69921875,2599.60009765625,1276.199951171875,24547.0,91.4574966430664,16.510000228881836
2026-03-02 12:39:00+05:30,33.25,30063.900390625,2599.5,1276.4000244140625,24542.0,91.46900177001953,16.612499237060547
2026-03-02 12:40:00+05:30,33.25,30090.099609375,2601.39990234375,1277.300048828125,24567.5,91.38999938964844,16.5625
2026-03-02 12:41:00+05:30,33.25,30076.650390625,2600.300048828125,1276.9000244140625,24563.75,91.41000366210938,16.6200008392334
2026-03-02 12:42:00+05:30,33.25,30068.400390625,2599.89990234375,1276.4000244140625,24569.25,91.39900207519531,16.65250015258789
2026-03-02 12:43:00+05:30,33.2400016784668,30062.349609375,2599.199951171875,1276.0,24563.0,91.40249633789062,16.6924991607666
2026-03-02 12:44:00+05:30,33.2599983215332,30066.94921875,2599.0,1276.5,24541.0,91.4000015258789,16.700000762939453
2026-03-02 12:45:00+05:30,33.2400016784668,30054.19921875,2597.89990234375,1275.5,24564.0,91.40750122070312,16.725000381469727
2026-03-02 12:46:00+05:30,33.22999954223633,30049.30078125,2598.10009765625,1275.0,24570.75,91.42500305175781,16.702499389648438
2026-03-02 12:47:00+05:30,33.220001220703125,30038.30078125,2596.5,1273.800048828125,24558.0,91.41999816894531,16.704999923706055
2026-03-02 12:48:00+05:30,33.220001220703125,30034.349609375,2595.10009765625,1273.9000244140625,24540.25,91.42500305175781,16.709999084472656
2026-03-02 12:49:00+05:30,33.22999954223633,30041.900390625,2595.800048828125,1274.5,24544.75,91.43250274658203,16.767499923706055
2026-03-02 12:50:00+05:30,33.2400016784668,30058.80078125,2596.39990234375,1276.0999755859375,24539.75,91.43000030517578,16.782499313354492
2026-03-02 12:51:00+05:30,33.22999954223633,30059.05078125,2597.60009765625,1276.0999755859375,24560.5,91.42749786376953,16.77750015258789
2026-03-02 12:52:00+05:30,33.25,30075.150390625,2598.10009765625,1276.9000244140625,24579.0,91.41999816894531,16.75
2026-03-02 12:53:00+05:30,33.2400016784668,30078.19921875,2599.60009765625,1276.699951171875,24585.25,91.41500091552734,16.739999771118164
2026-03-02 12:54:00+05:30,33.2599983215332,30085.69921875,2598.800048828125,1277.0,24574.5,91.43000030517578,16.712499618530273
2026-03-02 12:55:00+05:30,33.25,30078.099609375,2598.199951171875,1276.800048828125,24582.25,91.41999816894531,16.719999313354492
2026-03-02 12:56:00+05:30,33.25,30063.099609375,2598.0,1276.699951171875,24578.25,91.4020004272461,16.71500015258789
2026-03-02 12:57:00+05:30,33.22999954223633,30067.400390625,2598.0,1277.0,24570.5,91.42500305175781,16.739999771118164
2026-03-02 12:58:00+05:30,33.22999954223633,30059.599609375,2598.0,1276.300048828125,24572.0,91.42500305175781,16.770000457763672
2026-03-02 12:59:00+05:30,33.220001220703125,30062.5,2598.199951171875,1276.800048828125,24567.25,91.40499877929688,16.80500030517578
2026-03-02 13:00:00+05:30,33.25,30071.25,2600.60009765625,1277.199951171875,24557.75,91.43000030517578,16.8075008392334
2026-03-02 13:01:00+05:30,33.27000045776367,30079.44921875,2601.300048828125,1277.4000244140625,24572.5,91.43000030517578,16.802499771118164
2026-03-02 13:02:00+05:30,33.2400016784668,30077.849609375,2601.300048828125,1276.9000244140625,24579.0,91.43250274658203,16.8125
2026-03-02 13:03:00+05:30,33.25,30083.94921875,2601.0,1277.5999755859375,24563.5,91.4010009765625,16.799999237060547
2026-03-02 13:04:00+05:30,33.2599983215332,30076.349609375,2601.300048828125,1276.800048828125,24555.75,91.43499755859375,16.815000534057617
2026-03-02 13:05:00+05:30,33.25,30066.5,2600.0,1276.5,24561.75,91.44000244140625,16.822500228881836
2026-03-02 13:06:00+05:30,33.2599983215332,30079.900390625,2601.800048828125,1276.800048828125,24564.5,91.45249938964844,16.837499618530273
2026-03-02 13:07:00+05:30,33.2400016784668,30080.75,2602.60009765625,1276.699951171875,24560.25,91.45249938964844,16.837499618530273
2026-03-02 13:08:00+05:30,33.2599983215332,30081.30078125,2602.199951171875,1276.699951171875,24552.25,91.4625015258789,16.832500457763672
2026-03-02 13:09:00+05:30,33.25,30066.44921875,2601.39990234375,1276.0999755859375,24567.5,91.4625015258789,16.829999923706055
2026-03-02 13:10:00+05:30,33.2400016784668,30072.0,2600.89990234375,1276.0999755859375,24564.5,91.44499969482422,16.837499618530273
2026-03-02 13:11:00+05:30,33.2599983215332,30086.150390625,2601.60009765625,1277.0,24569.0,91.44999694824219,16.84000015258789
2026-03-02 13:12:00+05:30,33.27000045776367,30081.5,2601.10009765625,1276.699951171875,24557.75,91.45999908447266,16.844999313354492
2026-03-02 13:13:00+05:30,33.25,30078.94921875,2601.300048828125,1276.5999755859375,24562.5,91.4625015258789,16.8125
2026-03-02 13:14:00+05:30,33.2400016784668,30077.0,2600.800048828125,1276.5999755859375,24577.0,91.45999908447266,16.829999923706055
2026-03-02 13:15:00+05:30,33.2599983215332,30078.55078125,2601.39990234375,1276.5999755859375,24569.25,91.4625015258789,16.822500228881836
2026-03-02 13:16:00+05:30,33.2599983215332,30075.0,2601.10009765625,1277.0,24563.25,91.4625015258789,16.797500610351562
2026-03-02 13:17:00+05:30,33.25,30074.099609375,2600.60009765625,1276.9000244140625,24559.5,91.47000122070312,16.832500457763672
2026-03-02 13:18:00+05:30,33.2599983215332,30073.44921875,2600.60009765625,1276.9000244140625,24564.75,91.47000122070312,16.81999969482422
2026-03-02 13:19:00+05:30,33.2599983215332,30078.19921875,2600.39990234375,1277.300048828125,24558.25,91.4574966430664,16.834999084472656
2026-03-02 13:20:00+05:30,33.2599983215332,30080.25,2600.60009765625,1277.4000244140625,24561.25,91.4574966430664,16.862499237060547
2026-03-02 13:21:00+05:30,33.27000045776367,30097.650390625,2602.300048828125,1277.800048828125,24555.5,91.45999908447266,16.872499465942383
2026-03-02 13:22:00+05:30,33.27000045776367,30097.80078125,2601.300048828125,1278.0,24559.75,91.46499633789062,16.857500076293945
2026-03-02 13:23:00+05:30,33.2599983215332,30089.55078125,2601.5,1277.9000244140625,24548.25,91.45999908447266,16.864999771118164
2026-03-02 13:24:00+05:30,33.27000045776367,30096.849609375,2602.0,1278.4000244140625,24546.5,91.4574966430664,16.877500534057617
2026-03-02 13:25:00+05:30,33.279998779296875,30087.099609375,2600.5,1278.199951171875,24543.0,91.45999908447266,16.907499313354492
2026-03-02 13:26:00+05:30,33.2599983215332,30086.80078125,2599.699951171875,1278.5999755859375,24559.5,91.43099975585938,17.024999618530273
2026-03-02 13:27:00+05:30,33.279998779296875,30089.80078125,2599.5,1278.0999755859375,24538.75,91.4574966430664,17.077499389648438
2026-03-02 13:28:00+05:30,33.2599983215332,30090.099609375,2599.300048828125,1278.0999755859375,24545.5,91.44999694824219,17.110000610351562
2026-03-02 13:29:00+05:30,33.25,30080.05078125,2598.89990234375,1278.0,24540.5,91.4574966430664,17.139999389648438
2026-03-02 13:30:00+05:30,33.2400016784668,30068.75,2599.0,1277.800048828125,24528.25,91.4625015258789,17.197500228881836
2026-03-02 13:31:00+05:30,33.22999954223633,30070.05078125,2598.39990234375,1278.199951171875,24542.0,91.45999908447266,17.239999771118164
2026-03-02 13:32:00+05:30,33.22999954223633,30065.69921875,2599.0,1278.5,24532.5,91.4625015258789,17.287500381469727
2026-03-02 13:33:00+05:30,33.27000045776367,30092.849609375,2600.39990234375,1280.199951171875,24540.0,91.4625015258789,17.18000030517578
2026-03-02 13:34:00+05:30,33.25,30076.05078125,2599.39990234375,1278.9000244140625,24523.25,91.45999908447266,17.200000762939453
2026-03-02 13:35:00+05:30,33.25,30086.69921875,2599.89990234375,1279.4000244140625,24531.25,91.45500183105469,17.202499389648438
2026-03-02 13:36:00+05:30,33.27000045776367,30088.30078125,2600.0,1279.5,24525.25,91.44999694824219,17.207500457763672
2026-03-02 13:37:00+05:30,33.27000045776367,30089.900390625,2599.800048828125,1279.699951171875,24514.25,91.43299865722656,17.209999084472656
2026-03-02 13:38:00+05:30,33.27000045776367,30087.94921875,2600.199951171875,1279.800048828125,24518.0,91.45249938964844,17.204999923706055
2026-03-02 13:39:00+05:30,33.2599983215332,30085.55078125,2599.300048828125,1279.300048828125,24511.0,91.45249938964844,17.232500076293945
2026-03-02 13:40:00+05:30,33.25,30074.25,2598.0,1279.0,24516.25,91.44999694824219,17.267499923706055
2026-03-02 13:41:00+05:30,33.2400016784668,30063.69921875,2597.699951171875,1278.0,24496.75,91.45500183105469,17.282499313354492
2026-03-02 13:42:00+05:30,33.2400016784668,30064.69921875,2597.60009765625,1277.9000244140625,24491.0,91.4574966430664,17.302499771118164
2026-03-02 13:43:00+05:30,33.25,30069.19921875,2598.39990234375,1278.199951171875,24515.0,91.4574966430664,17.34749984741211
2026-03-02 13:44:00+05:30,33.2400016784668,30069.05078125,2598.800048828125,1277.4000244140625,24530.75,91.45500183105469,17.297500610351562
2026-03-02 13:45:00+05:30,33.2400016784668,30061.900390625,2598.39990234375,1276.9000244140625,24522.75,91.45999908447266,17.325000762939453
2026-03-02 13:46:00+05:30,33.22999954223633,30046.55078125,2597.10009765625,1276.0999755859375,24523.75,91.47000122070312,17.344999313354492
2026-03-02 13:47:00+05:30,33.22999954223633,30050.900390625,2597.60009765625,1276.699951171875,24493.25,91.4625015258789,17.34000015258789
2026-03-02 13:48:00+05:30,33.220001220703125,30039.0,2596.10009765625,1276.5999755859375,24478.5,91.45999908447266,17.362499237060547
2026-03-02 13:49:00+05:30,33.220001220703125,30040.400390625,2595.10009765625,1276.9000244140625,24503.5,91.44100189208984,17.38249969482422
2026-03-02 13:50:00+05:30,33.22999954223633,30054.30078125,2596.300048828125,1277.5,24508.75,91.47000122070312,17.3700008392334
2026-03-02 13:51:00+05:30,33.22999954223633,30046.5,2595.60009765625,1277.5,24495.75,91.45500183105469,17.387500762939453
2026-03-02 13:52:00+05:30,33.209999084472656,30034.25,2594.0,1277.0,24481.75,91.4625015258789,17.4375
2026-03-02 13:53:00+05:30,33.220001220703125,30039.25,2594.699951171875,1277.0,24485.5,91.4625015258789,17.44499969482422
2026-03-02 13:54:00+05:30,33.209999084472656,30034.05078125,2594.0,1276.5999755859375,24491.0,91.4625015258789,17.477500915527344
2026-03-02 13:55:00+05:30,33.18000030517578,29999.25,2591.699951171875,1275.0,24494.25,91.45999908447266,17.5575008392334
2026-03-02 13:56:00+05:30,33.15999984741211,29983.0,2590.300048828125,1274.4000244140625,24498.25,91.4625015258789,17.63249969482422
2026-03-02 13:57:00+05:30,33.15999984741211,29986.900390625,2590.699951171875,1274.300048828125,24504.25,91.4625015258789,17.735000610351562
2026-03-02 13:58:00+05:30,33.15999984741211,29996.900390625,2591.699951171875,1274.9000244140625,24486.5,91.47000122070312,17.667499542236328
2026-03-02 13:59:00+05:30,33.16999816894531,29996.80078125,2593.0,1274.300048828125,24489.75,91.47000122070312,17.684999465942383
2026-03-02 14:00:00+05:30,33.15999984741211,29984.849609375,2591.5,1274.300048828125,24505.75,91.46499633789062,17.732500076293945
2026-03-02 14:01:00+05:30,33.15999984741211,29990.05078125,2592.39990234375,1274.5,24511.25,91.45999908447266,17.80500030517578
2026-03-02 14:02:00+05:30,33.189998626708984,30011.05078125,2594.300048828125,1275.800048828125,24525.25,91.46499633789062,17.707500457763672
2026-03-02 14:03:00+05:30,33.27000045776367,30101.44921875,2602.5,1279.0999755859375,24522.0,91.46499633789062,17.264999389648438
2026-03-02 14:04:00+05:30,33.279998779296875,30083.900390625,2600.800048828125,1277.800048828125,24512.25,91.44000244140625,17.1825008392334
2026-03-02 14:05:00+05:30,33.290000915527344,30109.900390625,2602.300048828125,1278.9000244140625,24525.5,91.46499633789062,17.229999542236328
2026-03-02 14:06:00+05:30,33.34000015258789,30159.349609375,2605.300048828125,1280.4000244140625,24533.25,91.46749877929688,17.09749984741211
2026-03-02 14:07:00+05:30,33.34000015258789,30169.5,2607.0,1281.300048828125,24535.25,91.46499633789062,17.18000030517578
2026-03-02 14:08:00+05:30,33.349998474121094,30159.599609375,2605.800048828125,1280.9000244140625,24538.25,91.4625015258789,17.165000915527344
2026-03-02 14:09:00+05:30,33.369998931884766,30178.0,2606.800048828125,1282.0,24547.25,91.47250366210938,17.25
2026-03-02 14:10:00+05:30,33.400001525878906,30200.94921875,2608.800048828125,1283.300048828125,24558.5,91.47000122070312,17.227500915527344
2026-03-02 14:11:00+05:30,33.380001068115234,30196.400390625,2609.10009765625,1283.0,24568.5,91.46499633789062,17.200000762939453
2026-03-02 14:12:00+05:30,33.40999984741211,30213.5,2611.0,1283.300048828125,24552.25,91.47000122070312,17.162500381469727
2026-03-02 14:13:00+05:30,33.41999816894531,30225.150390625,2612.199951171875,1283.699951171875,24556.75,91.47250366210938,17.00749969482422
2026-03-02 14:14:00+05:30,33.439998626708984,30249.400390625,2613.5,1284.5999755859375,24554.25,91.46499633789062,17.15250015258789
2026-03-02 14:15:00+05:30,33.400001525878906,30201.599609375,2609.0,1282.800048828125,24564.75,91.45999908447266,17.247499465942383
2026-03-02 14:16:00+05:30,33.43000030517578,30228.30078125,2610.89990234375,1284.199951171875,24555.75,91.42900085449219,17.252500534057617
2026-03-02 14:17:00+05:30,33.400001525878906,30202.650390625,2607.39990234375,1283.300048828125,24553.5,91.4625015258789,17.30500030517578
2026-03-02 14:18:00+05:30,33.41999816894531,30227.69921875,2609.800048828125,1285.0,24556.75,91.45999908447266,17.3174991607666
2026-03-02 14:19:00+05:30,33.43000030517578,30232.19921875,2610.60009765625,1285.0999755859375,24570.0,91.4574966430664,17.315000534057617
2026-03-02 14:20:00+05:30,33.439998626708984,30237.80078125,2609.800048828125,1285.699951171875,24583.5,91.4574966430664,17.344999313354492
2026-03-02 14:21:00+05:30,33.43000030517578,30224.75,2608.5,1285.0,24582.5,91.4574966430664,17.344999313354492
2026-03-02 14:22:00+05:30,33.41999816894531,30226.44921875,2607.39990234375,1285.5999755859375,24586.75,91.4574966430664,17.420000076293945
2026-03-02 14:23:00+05:30,33.439998626708984,30238.19921875,2609.10009765625,1286.300048828125,24578.0,91.45249938964844,17.415000915527344
2026-03-02 14:24:00+05:30,33.439998626708984,30236.150390625,2608.699951171875,1286.199951171875,24572.0,91.44750213623047,17.450000762939453
2026-03-02 14:25:00+05:30,33.41999816894531,30213.349609375,2608.0,1285.4000244140625,24568.25,91.44999694824219,17.46500015258789
2026-03-02 14:26:00+05:30,33.38999938964844,30195.05078125,2606.5,1285.0,24573.75,91.45249938964844,17.522499084472656
2026-03-02 14:27:00+05:30,33.369998931884766,30172.05078125,2604.39990234375,1283.699951171875,24568.75,91.4469985961914,17.532499313354492
2026-03-02 14:28:00+05:30,33.34000015258789,30157.44921875,2602.800048828125,1283.0,24568.25,91.44750213623047,17.517499923706055
2026-03-02 14:29:00+05:30,33.34000015258789,30158.25,2602.39990234375,1283.0999755859375,24563.5,91.44249725341797,17.565000534057617
2026-03-02 14:30:00+05:30,33.34000015258789,30149.599609375,2602.199951171875,1282.800048828125,24570.25,91.44000244140625,17.559999465942383
2026-03-02 14:31:00+05:30,33.31999969482422,30126.400390625,2601.699951171875,1281.5999755859375,24587.0,91.44000244140625,17.5625
2026-03-02 14:32:00+05:30,33.34000015258789,30149.650390625,2602.39990234375,1283.0,24570.75,91.41799926757812,17.522499084472656
2026-03-02 14:33:00+05:30,33.369998931884766,30199.400390625,2606.0,1285.4000244140625,24589.25,91.44249725341797,17.434999465942383
2026-03-02 14:34:00+05:30,33.41999816894531,30251.849609375,2610.0,1287.4000244140625,24570.25,91.44000244140625,17.364999771118164
2026-03-02 14:35:00+05:30,33.4900016784668,30298.75,2613.300048828125,1288.800048828125,24581.0,91.4375,17.142499923706055
2026-03-02 14:36:00+05:30,33.5,30297.900390625,2611.10009765625,1289.300048828125,24591.5,91.44000244140625,17.184999465942383
2026-03-02 14:37:00+05:30,33.47999954223633,30281.599609375,2611.0,1288.0,24602.25,91.4375,17.19499969482422
2026-03-02 14:38:00+05:30,33.459999084472656,30293.349609375,2611.60009765625,1288.9000244140625,24607.5,91.4010009765625,17.15999984741211
2026-03-02 14:39:00+05:30,33.47999954223633,30281.099609375,2611.199951171875,1288.4000244140625,24618.0,91.43000030517578,17.139999389648438
2026-03-02 14:40:00+05:30,33.5,30318.849609375,2615.0,1290.0,24616.5,91.42250061035156,16.989999771118164
2026-03-02 14:41:00+05:30,33.52000045776367,30321.900390625,2614.300048828125,1290.0999755859375,24625.25,91.41000366210938,16.927499771118164
2026-03-02 14:42:00+05:30,33.459999084472656,30289.19921875,2612.699951171875,1288.800048828125,24625.5,91.4124984741211,16.924999237060547
2026-03-02 14:43:00+05:30,33.470001220703125,30283.19921875,2612.89990234375,1289.0,24630.5,91.39099884033203,16.954999923706055
2026-03-02 14:44:00+05:30,33.4900016784668,30287.849609375,2614.199951171875,1288.9000244140625,24617.25,91.41999816894531,17.010000228881836
2026-03-02 14:45:00+05:30,33.470001220703125,30266.150390625,2610.0,1287.5,24621.75,91.4175033569336,16.989999771118164
2026-03-02 14:46:00+05:30,33.439998626708984,30240.349609375,2608.5,1287.0,24622.0,91.4175033569336,17.072500228881836
2026-03-02 14:47:00+05:30,33.47999954223633,30279.400390625,2611.699951171875,1288.5999755859375,24639.5,91.41999816894531,16.922500610351562
2026-03-02 14:48:00+05:30,33.470001220703125,30268.55078125,2611.300048828125,1288.300048828125,24632.25,91.40750122070312,16.975000381469727
2026-03-02 14:49:00+05:30,33.45000076293945,30256.25,2610.0,1287.5999755859375,24632.0,91.41000366210938,16.94499969482422
2026-03-02 14:50:00+05:30,33.45000076293945,30255.650390625,2609.10009765625,1288.300048828125,24628.0,91.4124984741211,17.030000686645508
2026-03-02 14:51:00+05:30,33.43000030517578,30236.19921875,2607.0,1287.199951171875,24640.0,91.40750122070312,17.094999313354492
2026-03-02 14:52:00+05:30,33.439998626708984,30244.5,2608.800048828125,1288.0,24646.75,91.4124984741211,17.13249969482422
2026-03-02 14:53:00+05:30,33.439998626708984,30239.900390625,2607.5,1287.5999755859375,24633.75,91.38700103759766,17.110000610351562
2026-03-02 14:54:00+05:30,33.43000030517578,30245.05078125,2607.10009765625,1288.199951171875,24628.75,91.39749908447266,17.079999923706055
2026-03-02 14:55:00+05:30,33.439998626708984,30242.900390625,2606.89990234375,1287.9000244140625,24626.75,91.39749908447266,17.075000762939453
2026-03-02 14:56:00+05:30,33.439998626708984,30240.400390625,2606.5,1288.0,24635.25,91.40249633789062,17.122499465942383
2026-03-02 14:57:00+05:30,33.41999816894531,30225.05078125,2605.5,1287.5999755859375,24639.0,91.41000366210938,17.174999237060547
2026-03-02 14:58:00+05:30,33.41999816894531,30222.849609375,2605.10009765625,1287.300048828125,24650.0,91.41500091552734,17.167499542236328
2026-03-02 14:59:00+05:30,33.40999984741211,30205.44921875,2603.60009765625,1286.4000244140625,24637.5,91.38500213623047,17.155000686645508
2026-03-02 15:00:00+05:30,33.43000030517578,30243.650390625,2605.199951171875,1288.5999755859375,24637.0,91.41500091552734,17.18000030517578
2026-03-02 15:01:00+05:30,33.41999816894531,30212.849609375,2604.89990234375,1286.9000244140625,24647.25,91.38700103759766,17.239999771118164
2026-03-02 15:02:00+05:30,33.400001525878906,30200.349609375,2607.0,1285.800048828125,24647.5,91.4175033569336,17.24250030517578
2026-03-02 15:03:00+05:30,33.45000076293945,30251.80078125,2610.10009765625,1289.199951171875,24647.0,91.41999816894531,17.22249984741211
2026-03-02 15:04:00+05:30,33.459999084472656,30267.150390625,2609.89990234375,1290.5,24639.0,91.41999816894531,17.135000228881836
2026-03-02 15:05:00+05:30,33.43000030517578,30230.849609375,2608.39990234375,1287.4000244140625,24628.25,91.42500305175781,17.21500015258789
2026-03-02 15:06:00+05:30,33.439998626708984,30244.80078125,2612.199951171875,1286.5,24630.25,91.43000030517578,17.302499771118164
2026-03-02 15:07:00+05:30,33.470001220703125,30283.75,2614.10009765625,1289.5,24646.5,91.43000030517578,17.2549991607666
2026-03-02 15:08:00+05:30,33.470001220703125,30282.099609375,2612.5,1289.5999755859375,24633.25,91.41999816894531,17.28499984741211
2026-03-02 15:09:00+05:30,33.45000076293945,30273.19921875,2615.39990234375,1287.5,24626.25,91.39900207519531,17.25749969482422
2026-03-02 15:10:00+05:30,33.45000076293945,30269.75,2614.800048828125,1287.699951171875,24617.0,91.4375,17.232500076293945
2026-03-02 15:11:00+05:30,33.4900016784668,30293.150390625,2616.39990234375,1289.300048828125,24617.5,91.43250274658203,17.389999389648438
2026-03-02 15:12:00+05:30,33.470001220703125,30297.150390625,2616.10009765625,1290.199951171875,24616.5,91.43250274658203,17.350000381469727
2026-03-02 15:13:00+05:30,33.4900016784668,30295.30078125,2616.39990234375,1289.800048828125,24625.25,91.4375,17.21500015258789
2026-03-02 15:14:00+05:30,33.4900016784668,30303.099609375,2615.800048828125,1289.800048828125,24635.75,91.44249725341797,17.1825008392334
2026-03-02 15:15:00+05:30,33.47999954223633,30282.599609375,2615.699951171875,1288.5,24633.25,91.45249938964844,17.219999313354492
2026-03-02 15:16:00+05:30,33.470001220703125,30304.69921875,2615.89990234375,1290.4000244140625,24625.5,91.44999694824219,17.267499923706055
2026-03-02 15:17:00+05:30,33.47999954223633,30296.25,2615.10009765625,1290.4000244140625,24624.25,91.4574966430664,17.21500015258789
2026-03-02 15:18:00+05:30,33.5,30295.80078125,2615.0,1290.5,24621.5,91.45249938964844,17.204999923706055
2026-03-02 15:19:00+05:30,33.5,30306.5,2615.39990234375,1290.9000244140625,24626.5,91.46749877929688,17.002500534057617
2026-03-02 15:20:00+05:30,33.4900016784668,30288.849609375,2615.5,1289.9000244140625,24623.0,91.46499633789062,16.967500686645508
2026-03-02 15:21:00+05:30,33.470001220703125,30270.69921875,2613.0,1289.0,24627.0,91.47000122070312,16.9375
2026-03-02 15:22:00+05:30,33.4900016784668,30302.349609375,2615.10009765625,1291.0,24628.75,91.46499633789062,16.862499237060547
2026-03-02 15:23:00+05:30,33.45000076293945,30278.19921875,2613.10009765625,1289.9000244140625,24626.75,91.4625015258789,16.875
2026-03-02 15:24:00+05:30,33.470001220703125,30265.849609375,2613.5,1289.5999755859375,24622.0,91.4625015258789,16.8799991607666
2026-03-02 15:25:00+05:30,33.470001220703125,30288.400390625,2614.0,1289.9000244140625,24635.5,91.4625015258789,16.927499771118164
2026-03-02 15:26:00+05:30,33.4900016784668,30283.80078125,2613.699951171875,1289.699951171875,24625.5,91.4625015258789,16.924999237060547
2026-03-02 15:27:00+05:30,33.47999954223633,30283.349609375,2612.699951171875,1289.9000244140625,24635.5,91.46749877929688,16.912500381469727
2026-03-02 15:28:00+05:30,33.470001220703125,30264.0,2611.60009765625,1287.0,24632.5,91.4625015258789,16.93000030517578
2026-03-02 15:29:00+05:30,33.5,30279.44921875,2612.0,1288.300048828125,24629.0,91.44100189208984,16.927499771118164
2026-03-02 15:30:00+05:30,33.5,30279.44921875,2612.0,1288.300048828125,24638.75,91.4800033569336,16.927499771118164
